,n,m,k_avg,edge_length_total,edge_length_avg,streets_per_node_avg,streets_per_node_counts,streets_per_node_proportions,intersection_count,street_length_total,street_segment_count,street_length_avg,circuity_avg,self_loop_proportion,node_density_km,intersection_density_km,edge_density_km,street_density_km
0,32478,91406,5.628794876531806,22063980.46599989,241.38437811522098,2.820062811749492,0,0.0,26896,11031990.233000038,45703,241.38437811522303,1.0853783152130387,0.017001072139684485,4.550242885842812,3.768191780824813,3091.21467297219,1545.6073364861081
1,32478,91406,5.628794876531806,22063980.46599989,241.38437811522098,2.820062811749492,5582,0.17187018905104995,26896,11031990.233000038,45703,241.38437811522303,1.0853783152130387,0.017001072139684485,4.550242885842812,3.768191780824813,3091.21467297219,1545.6073364861081
2,32478,91406,5.628794876531806,22063980.46599989,241.38437811522098,2.820062811749492,0,0.0,26896,11031990.233000038,45703,241.38437811522303,1.0853783152130387,0.017001072139684485,4.550242885842812,3.768191780824813,3091.21467297219,1545.6073364861081
3,32478,91406,5.628794876531806,22063980.46599989,241.38437811522098,2.820062811749492,21624,0.6658045446148162,26896,11031990.233000038,45703,241.38437811522303,1.0853783152130387,0.017001072139684485,4.550242885842812,3.768191780824813,3091.21467297219,1545.6073364861081
4,32478,91406,5.628794876531806,22063980.46599989,241.38437811522098,2.820062811749492,5228,0.1609705031097974,26896,11031990.233000038,45703,241.38437811522303,1.0853783152130387,0.017001072139684485,4.550242885842812,3.768191780824813,3091.21467297219,1545.6073364861081
5,32478,91406,5.628794876531806,22063980.46599989,241.38437811522098,2.820062811749492,40,0.0012316029312149763,26896,11031990.233000038,45703,241.38437811522303,1.0853783152130387,0.017001072139684485,4.550242885842812,3.768191780824813,3091.21467297219,1545.6073364861081
6,32478,91406,5.628794876531806,22063980.46599989,241.38437811522098,2.820062811749492,4,0.00012316029312149762,26896,11031990.233000038,45703,241.38437811522303,1.0853783152130387,0.017001072139684485,4.550242885842812,3.768191780824813,3091.21467297219,1545.6073364861081
