,n,m,k_avg,edge_length_total,edge_length_avg,streets_per_node_avg,streets_per_node_counts,streets_per_node_proportions,intersection_count,street_length_total,street_segment_count,street_length_avg,circuity_avg,self_loop_proportion,node_density_km,intersection_density_km,edge_density_km,street_density_km
0,29638,72548,4.895606991025035,21312968.481999874,293.777478111042,2.4506376948512045,0,0.0,20549,10656484.241000019,36274,293.7774781110443,1.2170353258132447,0.013618569774494127,4.964888300305831,3.4423203213099574,3570.2985309760475,1785.1492654880376
1,29638,72548,4.895606991025035,21312968.481999874,293.777478111042,2.4506376948512045,9089,0.30666711653957757,20549,10656484.241000019,36274,293.7774781110443,1.2170353258132447,0.013618569774494127,4.964888300305831,3.4423203213099574,3570.2985309760475,1785.1492654880376
2,29638,72548,4.895606991025035,21312968.481999874,293.777478111042,2.4506376948512045,0,0.0,20549,10656484.241000019,36274,293.7774781110443,1.2170353258132447,0.013618569774494127,4.964888300305831,3.4423203213099574,3570.2985309760475,1785.1492654880376
3,29638,72548,4.895606991025035,21312968.481999874,293.777478111042,2.4506376948512045,18690,0.6306093528578177,20549,10656484.241000019,36274,293.7774781110443,1.2170353258132447,0.013618569774494127,4.964888300305831,3.4423203213099574,3570.2985309760475,1785.1492654880376
4,29638,72548,4.895606991025035,21312968.481999874,293.777478111042,2.4506376948512045,1824,0.061542614211485255,20549,10656484.241000019,36274,293.7774781110443,1.2170353258132447,0.013618569774494127,4.964888300305831,3.4423203213099574,3570.2985309760475,1785.1492654880376
5,29638,72548,4.895606991025035,21312968.481999874,293.777478111042,2.4506376948512045,33,0.0011134354544841082,20549,10656484.241000019,36274,293.7774781110443,1.2170353258132447,0.013618569774494127,4.964888300305831,3.4423203213099574,3570.2985309760475,1785.1492654880376
6,29638,72548,4.895606991025035,21312968.481999874,293.777478111042,2.4506376948512045,2,6.74809366354005e-05,20549,10656484.241000019,36274,293.7774781110443,1.2170353258132447,0.013618569774494127,4.964888300305831,3.4423203213099574,3570.2985309760475,1785.1492654880376
