,n,m,k_avg,edge_length_total,edge_length_avg,streets_per_node_avg,streets_per_node_counts,streets_per_node_proportions,intersection_count,street_length_total,street_segment_count,street_length_avg,circuity_avg,self_loop_proportion,node_density_km,intersection_density_km,edge_density_km,street_density_km
0,15986,41942,5.247341423745778,14053416.623999897,335.06787048781405,2.630113849618416,0,0.0,11999,7026708.311999999,20971,335.06787048781644,1.0895544467885758,0.010395307806017834,3.048309956693609,2.28804398663622,2679.792932597421,1339.89646629872
1,15986,41942,5.247341423745778,14053416.623999897,335.06787048781405,2.630113849618416,3987,0.24940573001376204,11999,7026708.311999999,20971,335.06787048781644,1.0895544467885758,0.010395307806017834,3.048309956693609,2.28804398663622,2679.792932597421,1339.89646629872
2,15986,41942,5.247341423745778,14053416.623999897,335.06787048781405,2.630113849618416,0,0.0,11999,7026708.311999999,20971,335.06787048781644,1.0895544467885758,0.010395307806017834,3.048309956693609,2.28804398663622,2679.792932597421,1339.89646629872
3,15986,41942,5.247341423745778,14053416.623999897,335.06787048781405,2.630113849618416,9982,0.6244213686976104,11999,7026708.311999999,20971,335.06787048781644,1.0895544467885758,0.010395307806017834,3.048309956693609,2.28804398663622,2679.792932597421,1339.89646629872
4,15986,41942,5.247341423745778,14053416.623999897,335.06787048781405,2.630113849618416,1973,0.1234204929313149,11999,7026708.311999999,20971,335.06787048781644,1.0895544467885758,0.010395307806017834,3.048309956693609,2.28804398663622,2679.792932597421,1339.89646629872
5,15986,41942,5.247341423745778,14053416.623999897,335.06787048781405,2.630113849618416,44,0.0027524083573126487,11999,7026708.311999999,20971,335.06787048781644,1.0895544467885758,0.010395307806017834,3.048309956693609,2.28804398663622,2679.792932597421,1339.89646629872
