,n,m,k_avg,edge_length_total,edge_length_avg,streets_per_node_avg,streets_per_node_counts,streets_per_node_proportions,intersection_count,street_length_total,street_segment_count,street_length_avg,circuity_avg,self_loop_proportion,node_density_km,intersection_density_km,edge_density_km,street_density_km
0,13243,37592,5.677263459941101,5981834.964000045,159.12521185358707,2.845352261572151,0,0.0,10674,2990917.4820000045,18796,159.1252118535861,1.098559338798925,0.004841455628857204,9.6967819229783,7.815710205079693,4380.015792883424,2190.007896441699
1,13243,37592,5.677263459941101,5981834.964000045,159.12521185358707,2.845352261572151,2569,0.19398927735407384,10674,2990917.4820000045,18796,159.1252118535861,1.098559338798925,0.004841455628857204,9.6967819229783,7.815710205079693,4380.015792883424,2190.007896441699
2,13243,37592,5.677263459941101,5981834.964000045,159.12521185358707,2.845352261572151,0,0.0,10674,2990917.4820000045,18796,159.1252118535861,1.098559338798925,0.004841455628857204,9.6967819229783,7.815710205079693,4380.015792883424,2190.007896441699
3,13243,37592,5.677263459941101,5981834.964000045,159.12521185358707,2.845352261572151,7656,0.5781167409197312,10674,2990917.4820000045,18796,159.1252118535861,1.098559338798925,0.004841455628857204,9.6967819229783,7.815710205079693,4380.015792883424,2190.007896441699
4,13243,37592,5.677263459941101,5981834.964000045,159.12521185358707,2.845352261572151,2952,0.22291021671826625,10674,2990917.4820000045,18796,159.1252118535861,1.098559338798925,0.004841455628857204,9.6967819229783,7.815710205079693,4380.015792883424,2190.007896441699
5,13243,37592,5.677263459941101,5981834.964000045,159.12521185358707,2.845352261572151,60,0.004530695461753379,10674,2990917.4820000045,18796,159.1252118535861,1.098559338798925,0.004841455628857204,9.6967819229783,7.815710205079693,4380.015792883424,2190.007896441699
6,13243,37592,5.677263459941101,5981834.964000045,159.12521185358707,2.845352261572151,6,0.00045306954617533793,10674,2990917.4820000045,18796,159.1252118535861,1.098559338798925,0.004841455628857204,9.6967819229783,7.815710205079693,4380.015792883424,2190.007896441699
