,n,m,k_avg,edge_length_total,edge_length_avg,streets_per_node_avg,streets_per_node_counts,streets_per_node_proportions,intersection_count,street_length_total,street_segment_count,street_length_avg,circuity_avg,self_loop_proportion,node_density_km,intersection_density_km,edge_density_km,street_density_km
0,34291,102828,5.99737540462512,31642697.705999654,307.7245274244336,3.0039368930623196,0,0.0,29816,15821348.852999967,51414,307.72452742443625,1.0814027782667799,0.0030341930213560507,2.551004416714354,2.218096517708879,2353.989723389877,1176.994861694949
1,34291,102828,5.99737540462512,31642697.705999654,307.7245274244336,3.0039368930623196,4475,0.1305007144731854,29816,15821348.852999967,51414,307.72452742443625,1.0814027782667799,0.0030341930213560507,2.551004416714354,2.218096517708879,2353.989723389877,1176.994861694949
2,34291,102828,5.99737540462512,31642697.705999654,307.7245274244336,3.0039368930623196,0,0.0,29816,15821348.852999967,51414,307.72452742443625,1.0814027782667799,0.0030341930213560507,2.551004416714354,2.218096517708879,2353.989723389877,1176.994861694949
3,34291,102828,5.99737540462512,31642697.705999654,307.7245274244336,3.0039368930623196,20809,0.60683561284302,29816,15821348.852999967,51414,307.72452742443625,1.0814027782667799,0.0030341930213560507,2.551004416714354,2.218096517708879,2353.989723389877,1176.994861694949
4,34291,102828,5.99737540462512,31642697.705999654,307.7245274244336,3.0039368930623196,8935,0.26056399638389083,29816,15821348.852999967,51414,307.72452742443625,1.0814027782667799,0.0030341930213560507,2.551004416714354,2.218096517708879,2353.989723389877,1176.994861694949
5,34291,102828,5.99737540462512,31642697.705999654,307.7245274244336,3.0039368930623196,66,0.0019247032749117844,29816,15821348.852999967,51414,307.72452742443625,1.0814027782667799,0.0030341930213560507,2.551004416714354,2.218096517708879,2353.989723389877,1176.994861694949
6,34291,102828,5.99737540462512,31642697.705999654,307.7245274244336,3.0039368930623196,6,0.00017497302499198042,29816,15821348.852999967,51414,307.72452742443625,1.0814027782667799,0.0030341930213560507,2.551004416714354,2.218096517708879,2353.989723389877,1176.994861694949
