,n,m,k_avg,edge_length_total,edge_length_avg,streets_per_node_avg,streets_per_node_counts,streets_per_node_proportions,intersection_count,street_length_total,street_segment_count,street_length_avg,circuity_avg,self_loop_proportion,node_density_km,intersection_density_km,edge_density_km,street_density_km
0,34301,100472,5.858254861374304,12337000.19799984,122.79043114499403,2.9333838663595815,0,0.0,28116,6168500.098999977,50236,122.79043114499517,1.056875188264632,0.00869894099848714,11.55170415933256,9.468753509920827,4154.787805047124,2077.393902523581
1,34301,100472,5.858254861374304,12337000.19799984,122.79043114499403,2.9333838663595815,6185,0.1803154426984636,28116,6168500.098999977,50236,122.79043114499517,1.056875188264632,0.00869894099848714,11.55170415933256,9.468753509920827,4154.787805047124,2077.393902523581
2,34301,100472,5.858254861374304,12337000.19799984,122.79043114499403,2.9333838663595815,0,0.0,28116,6168500.098999977,50236,122.79043114499517,1.056875188264632,0.00869894099848714,11.55170415933256,9.468753509920827,4154.787805047124,2077.393902523581
3,34301,100472,5.858254861374304,12337000.19799984,122.79043114499403,2.9333838663595815,18131,0.5285851724439521,28116,6168500.098999977,50236,122.79043114499517,1.056875188264632,0.00869894099848714,11.55170415933256,9.468753509920827,4154.787805047124,2077.393902523581
4,34301,100472,5.858254861374304,12337000.19799984,122.79043114499403,2.9333838663595815,9892,0.2883880936415848,28116,6168500.098999977,50236,122.79043114499517,1.056875188264632,0.00869894099848714,11.55170415933256,9.468753509920827,4154.787805047124,2077.393902523581
5,34301,100472,5.858254861374304,12337000.19799984,122.79043114499403,2.9333838663595815,86,0.0025072155330748374,28116,6168500.098999977,50236,122.79043114499517,1.056875188264632,0.00869894099848714,11.55170415933256,9.468753509920827,4154.787805047124,2077.393902523581
6,34301,100472,5.858254861374304,12337000.19799984,122.79043114499403,2.9333838663595815,7,0.00020407568292469608,28116,6168500.098999977,50236,122.79043114499517,1.056875188264632,0.00869894099848714,11.55170415933256,9.468753509920827,4154.787805047124,2077.393902523581
