,n,m,k_avg,edge_length_total,edge_length_avg,streets_per_node_avg,streets_per_node_counts,streets_per_node_proportions,intersection_count,street_length_total,street_segment_count,street_length_avg,circuity_avg,self_loop_proportion,node_density_km,intersection_density_km,edge_density_km,street_density_km
0,95066,260628,5.483095954389582,18489996.594000373,70.94401443436766,2.7448930216901943,0,0.0,73445,9244998.296999985,130314,70.94401443436611,1.1058953035692753,0.009446414046073331,50.78006237567271,39.23107821073025,9876.54030220389,4938.270151101837
1,95066,260628,5.483095954389582,18489996.594000373,70.94401443436766,2.7448930216901943,21621,0.22743146866387562,73445,9244998.296999985,130314,70.94401443436611,1.1058953035692753,0.009446414046073331,50.78006237567271,39.23107821073025,9876.54030220389,4938.270151101837
2,95066,260628,5.483095954389582,18489996.594000373,70.94401443436766,2.7448930216901943,0,0.0,73445,9244998.296999985,130314,70.94401443436611,1.1058953035692753,0.009446414046073331,50.78006237567271,39.23107821073025,9876.54030220389,4938.270151101837
3,95066,260628,5.483095954389582,18489996.594000373,70.94401443436766,2.7448930216901943,54667,0.575042601981781,73445,9244998.296999985,130314,70.94401443436611,1.1058953035692753,0.009446414046073331,50.78006237567271,39.23107821073025,9876.54030220389,4938.270151101837
4,95066,260628,5.483095954389582,18489996.594000373,70.94401443436766,2.7448930216901943,18592,0.19556939389476785,73445,9244998.296999985,130314,70.94401443436611,1.1058953035692753,0.009446414046073331,50.78006237567271,39.23107821073025,9876.54030220389,4938.270151101837
5,95066,260628,5.483095954389582,18489996.594000373,70.94401443436766,2.7448930216901943,161,0.0016935602633959565,73445,9244998.296999985,130314,70.94401443436611,1.1058953035692753,0.009446414046073331,50.78006237567271,39.23107821073025,9876.54030220389,4938.270151101837
6,95066,260628,5.483095954389582,18489996.594000373,70.94401443436766,2.7448930216901943,24,0.0002524561883323165,73445,9244998.296999985,130314,70.94401443436611,1.1058953035692753,0.009446414046073331,50.78006237567271,39.23107821073025,9876.54030220389,4938.270151101837
7,95066,260628,5.483095954389582,18489996.594000373,70.94401443436766,2.7448930216901943,1,1.0519007847179855e-05,73445,9244998.296999985,130314,70.94401443436611,1.1058953035692753,0.009446414046073331,50.78006237567271,39.23107821073025,9876.54030220389,4938.270151101837
