,n,m,k_avg,edge_length_total,edge_length_avg,streets_per_node_avg,streets_per_node_counts,streets_per_node_proportions,intersection_count,street_length_total,street_segment_count,street_length_avg,circuity_avg,self_loop_proportion,node_density_km,intersection_density_km,edge_density_km,street_density_km
0,15406,41490,5.386213163702454,8694383.025999973,209.55370031332785,2.6990133714137348,0,0.0,11979,4347191.513000004,20745,209.5537003133287,1.0910311218097646,0.0072788623764762595,9.720022466690232,7.557844289788542,5485.49904885953,2742.7495244297766
1,15406,41490,5.386213163702454,8694383.025999973,209.55370031332785,2.6990133714137348,3427,0.22244580033753084,11979,4347191.513000004,20745,209.5537003133287,1.0910311218097646,0.0072788623764762595,9.720022466690232,7.557844289788542,5485.49904885953,2742.7495244297766
2,15406,41490,5.386213163702454,8694383.025999973,209.55370031332785,2.6990133714137348,0,0.0,11979,4347191.513000004,20745,209.5537003133287,1.0910311218097646,0.0072788623764762595,9.720022466690232,7.557844289788542,5485.49904885953,2742.7495244297766
3,15406,41490,5.386213163702454,8694383.025999973,209.55370031332785,2.6990133714137348,9798,0.635985979488511,11979,4347191.513000004,20745,209.5537003133287,1.0910311218097646,0.0072788623764762595,9.720022466690232,7.557844289788542,5485.49904885953,2742.7495244297766
4,15406,41490,5.386213163702454,8694383.025999973,209.55370031332785,2.6990133714137348,2145,0.13923146825911983,11979,4347191.513000004,20745,209.5537003133287,1.0910311218097646,0.0072788623764762595,9.720022466690232,7.557844289788542,5485.49904885953,2742.7495244297766
5,15406,41490,5.386213163702454,8694383.025999973,209.55370031332785,2.6990133714137348,36,0.0023367519148383745,11979,4347191.513000004,20745,209.5537003133287,1.0910311218097646,0.0072788623764762595,9.720022466690232,7.557844289788542,5485.49904885953,2742.7495244297766
