,n,m,k_avg,edge_length_total,edge_length_avg,streets_per_node_avg,streets_per_node_counts,streets_per_node_proportions,intersection_count,street_length_total,street_segment_count,street_length_avg,circuity_avg,self_loop_proportion,node_density_km,intersection_density_km,edge_density_km,street_density_km
0,50034,134278,5.367470120318184,14478695.106000155,107.82626421305169,2.6903705480273414,0,0.0,38487,7239347.552999962,67139,107.82626421304997,1.083914031440243,0.010351658499530824,18.554534398244776,14.272462033522137,5369.257832393536,2684.6289161967247
1,50034,134278,5.367470120318184,14478695.106000155,107.82626421305169,2.6903705480273414,11547,0.23078306751409042,38487,7239347.552999962,67139,107.82626421304997,1.083914031440243,0.010351658499530824,18.554534398244776,14.272462033522137,5369.257832393536,2684.6289161967247
2,50034,134278,5.367470120318184,14478695.106000155,107.82626421305169,2.6903705480273414,0,0.0,38487,7239347.552999962,67139,107.82626421304997,1.083914031440243,0.010351658499530824,18.554534398244776,14.272462033522137,5369.257832393536,2684.6289161967247
3,50034,134278,5.367470120318184,14478695.106000155,107.82626421305169,2.6903705480273414,31064,0.6208578166846545,38487,7239347.552999962,67139,107.82626421304997,1.083914031440243,0.010351658499530824,18.554534398244776,14.272462033522137,5369.257832393536,2684.6289161967247
4,50034,134278,5.367470120318184,14478695.106000155,107.82626421305169,2.6903705480273414,7250,0.14490146700243833,38487,7239347.552999962,67139,107.82626421304997,1.083914031440243,0.010351658499530824,18.554534398244776,14.272462033522137,5369.257832393536,2684.6289161967247
5,50034,134278,5.367470120318184,14478695.106000155,107.82626421305169,2.6903705480273414,167,0.0033377303433665107,38487,7239347.552999962,67139,107.82626421304997,1.083914031440243,0.010351658499530824,18.554534398244776,14.272462033522137,5369.257832393536,2684.6289161967247
6,50034,134278,5.367470120318184,14478695.106000155,107.82626421305169,2.6903705480273414,6,0.0001199184554502938,38487,7239347.552999962,67139,107.82626421304997,1.083914031440243,0.010351658499530824,18.554534398244776,14.272462033522137,5369.257832393536,2684.6289161967247
