,n,m,k_avg,edge_length_total,edge_length_avg,streets_per_node_avg,streets_per_node_counts,streets_per_node_proportions,intersection_count,street_length_total,street_segment_count,street_length_avg,circuity_avg,self_loop_proportion,node_density_km,intersection_density_km,edge_density_km,street_density_km
0,109079,253500,4.648007407475316,36133836.54599982,142.53978913609396,2.32630478827272,0,0.0,70058,18066918.27300002,126750,142.53978913609484,1.2138895470224798,0.014201183431952662,20.63914214461327,13.255869785818685,6836.984100542836,3418.492050271439
1,109079,253500,4.648007407475316,36133836.54599982,142.53978913609396,2.32630478827272,39021,0.35773155236113274,70058,18066918.27300002,126750,142.53978913609484,1.2138895470224798,0.014201183431952662,20.63914214461327,13.255869785818685,6836.984100542836,3418.492050271439
2,109079,253500,4.648007407475316,36133836.54599982,142.53978913609396,2.32630478827272,0,0.0,70058,18066918.27300002,126750,142.53978913609484,1.2138895470224798,0.014201183431952662,20.63914214461327,13.255869785818685,6836.984100542836,3418.492050271439
3,109079,253500,4.648007407475316,36133836.54599982,142.53978913609396,2.32630478827272,65619,0.6015731717379147,70058,18066918.27300002,126750,142.53978913609484,1.2138895470224798,0.014201183431952662,20.63914214461327,13.255869785818685,6836.984100542836,3418.492050271439
4,109079,253500,4.648007407475316,36133836.54599982,142.53978913609396,2.32630478827272,4328,0.039677664811741946,70058,18066918.27300002,126750,142.53978913609484,1.2138895470224798,0.014201183431952662,20.63914214461327,13.255869785818685,6836.984100542836,3418.492050271439
5,109079,253500,4.648007407475316,36133836.54599982,142.53978913609396,2.32630478827272,106,0.0009717727518587446,70058,18066918.27300002,126750,142.53978913609484,1.2138895470224798,0.014201183431952662,20.63914214461327,13.255869785818685,6836.984100542836,3418.492050271439
6,109079,253500,4.648007407475316,36133836.54599982,142.53978913609396,2.32630478827272,4,3.667066988146206e-05,70058,18066918.27300002,126750,142.53978913609484,1.2138895470224798,0.014201183431952662,20.63914214461327,13.255869785818685,6836.984100542836,3418.492050271439
7,109079,253500,4.648007407475316,36133836.54599982,142.53978913609396,2.32630478827272,1,9.167667470365515e-06,70058,18066918.27300002,126750,142.53978913609484,1.2138895470224798,0.014201183431952662,20.63914214461327,13.255869785818685,6836.984100542836,3418.492050271439
