,n,m,k_avg,edge_length_total,edge_length_avg,streets_per_node_avg,streets_per_node_counts,streets_per_node_proportions,intersection_count,street_length_total,street_segment_count,street_length_avg,circuity_avg,self_loop_proportion,node_density_km,intersection_density_km,edge_density_km,street_density_km
0,42089,111630,5.304473853025732,14317373.575999985,128.25740012541416,2.6552305828126115,0,0.0,31721,7158686.787999997,55815,128.25740012541425,1.1092193434924507,0.009316491982441995,15.696791505628648,11.830120063438104,5339.56206920261,2669.781034601306
1,42089,111630,5.304473853025732,14317373.575999985,128.25740012541416,2.6552305828126115,10368,0.24633514695050965,31721,7158686.787999997,55815,128.25740012541425,1.1092193434924507,0.009316491982441995,15.696791505628648,11.830120063438104,5339.56206920261,2669.781034601306
2,42089,111630,5.304473853025732,14317373.575999985,128.25740012541416,2.6552305828126115,0,0.0,31721,7158686.787999997,55815,128.25740012541425,1.1092193434924507,0.009316491982441995,15.696791505628648,11.830120063438104,5339.56206920261,2669.781034601306
3,42089,111630,5.304473853025732,14317373.575999985,128.25740012541416,2.6552305828126115,25571,0.6075459146095179,31721,7158686.787999997,55815,128.25740012541425,1.1092193434924507,0.009316491982441995,15.696791505628648,11.830120063438104,5339.56206920261,2669.781034601306
4,42089,111630,5.304473853025732,14317373.575999985,128.25740012541416,2.6552305828126115,6080,0.14445579605122477,31721,7158686.787999997,55815,128.25740012541425,1.1092193434924507,0.009316491982441995,15.696791505628648,11.830120063438104,5339.56206920261,2669.781034601306
5,42089,111630,5.304473853025732,14317373.575999985,128.25740012541416,2.6552305828126115,66,0.0015681056808192165,31721,7158686.787999997,55815,128.25740012541425,1.1092193434924507,0.009316491982441995,15.696791505628648,11.830120063438104,5339.56206920261,2669.781034601306
6,42089,111630,5.304473853025732,14317373.575999985,128.25740012541416,2.6552305828126115,3,7.127753094632802e-05,31721,7158686.787999997,55815,128.25740012541425,1.1092193434924507,0.009316491982441995,15.696791505628648,11.830120063438104,5339.56206920261,2669.781034601306
7,42089,111630,5.304473853025732,14317373.575999985,128.25740012541416,2.6552305828126115,1,2.375917698210934e-05,31721,7158686.787999997,55815,128.25740012541425,1.1092193434924507,0.009316491982441995,15.696791505628648,11.830120063438104,5339.56206920261,2669.781034601306
