,n,m,k_avg,edge_length_total,edge_length_avg,streets_per_node_avg,streets_per_node_counts,streets_per_node_proportions,intersection_count,street_length_total,street_segment_count,street_length_avg,circuity_avg,self_loop_proportion,node_density_km,intersection_density_km,edge_density_km,street_density_km
0,18786,49270,5.245395507292665,7451934.048000049,151.24688548812765,2.6278611732140957,0,0.0,14023,3725967.024000006,24635,151.24688548812688,1.1000295295771894,0.01059468236249239,11.780195621075729,8.793446353366601,4672.907529053301,2336.4537645266387
1,18786,49270,5.245395507292665,7451934.048000049,151.24688548812765,2.6278611732140957,4763,0.25353987011604384,14023,3725967.024000006,24635,151.24688548812688,1.1000295295771894,0.01059468236249239,11.780195621075729,8.793446353366601,4672.907529053301,2336.4537645266387
2,18786,49270,5.245395507292665,7451934.048000049,151.24688548812765,2.6278611732140957,0,0.0,14023,3725967.024000006,24635,151.24688548812688,1.1000295295771894,0.01059468236249239,11.780195621075729,8.793446353366601,4672.907529053301,2336.4537645266387
3,18786,49270,5.245395507292665,7451934.048000049,151.24688548812765,2.6278611732140957,11552,0.6149260087299052,14023,3725967.024000006,24635,151.24688548812688,1.1000295295771894,0.01059468236249239,11.780195621075729,8.793446353366601,4672.907529053301,2336.4537645266387
4,18786,49270,5.245395507292665,7451934.048000049,151.24688548812765,2.6278611732140957,2411,0.12834025338017674,14023,3725967.024000006,24635,151.24688548812688,1.1000295295771894,0.01059468236249239,11.780195621075729,8.793446353366601,4672.907529053301,2336.4537645266387
5,18786,49270,5.245395507292665,7451934.048000049,151.24688548812765,2.6278611732140957,56,0.002980943255615884,14023,3725967.024000006,24635,151.24688548812688,1.1000295295771894,0.01059468236249239,11.780195621075729,8.793446353366601,4672.907529053301,2336.4537645266387
6,18786,49270,5.245395507292665,7451934.048000049,151.24688548812765,2.6278611732140957,4,0.00021292451825827744,14023,3725967.024000006,24635,151.24688548812688,1.1000295295771894,0.01059468236249239,11.780195621075729,8.793446353366601,4672.907529053301,2336.4537645266387
