,n,m,k_avg,edge_length_total,edge_length_avg,streets_per_node_avg,streets_per_node_counts,streets_per_node_proportions,intersection_count,street_length_total,street_segment_count,street_length_avg,circuity_avg,self_loop_proportion,node_density_km,intersection_density_km,edge_density_km,street_density_km
0,63189,167926,5.315039009954265,36810012.46000012,219.20377106582734,2.6613492854769025,0,0.0,48851,18405006.230000157,83963,219.20377106582848,1.0976996972194706,0.009230256184271644,6.814880928604913,5.268539591436462,3969.9291315792943,1984.9645657896576
1,63189,167926,5.315039009954265,36810012.46000012,219.20377106582734,2.6613492854769025,14338,0.22690658184177626,48851,18405006.230000157,83963,219.20377106582848,1.0976996972194706,0.009230256184271644,6.814880928604913,5.268539591436462,3969.9291315792943,1984.9645657896576
2,63189,167926,5.315039009954265,36810012.46000012,219.20377106582734,2.6613492854769025,0,0.0,48851,18405006.230000157,83963,219.20377106582848,1.0976996972194706,0.009230256184271644,6.814880928604913,5.268539591436462,3969.9291315792943,1984.9645657896576
3,63189,167926,5.315039009954265,36810012.46000012,219.20377106582734,2.6613492854769025,41741,0.6605738340533953,48851,18405006.230000157,83963,219.20377106582848,1.0976996972194706,0.009230256184271644,6.814880928604913,5.268539591436462,3969.9291315792943,1984.9645657896576
4,63189,167926,5.315039009954265,36810012.46000012,219.20377106582734,2.6613492854769025,6955,0.1100666255202646,48851,18405006.230000157,83963,219.20377106582848,1.0976996972194706,0.009230256184271644,6.814880928604913,5.268539591436462,3969.9291315792943,1984.9645657896576
5,63189,167926,5.315039009954265,36810012.46000012,219.20377106582734,2.6613492854769025,143,0.0022630521135007676,48851,18405006.230000157,83963,219.20377106582848,1.0976996972194706,0.009230256184271644,6.814880928604913,5.268539591436462,3969.9291315792943,1984.9645657896576
6,63189,167926,5.315039009954265,36810012.46000012,219.20377106582734,2.6613492854769025,12,0.00018990647106300148,48851,18405006.230000157,83963,219.20377106582848,1.0976996972194706,0.009230256184271644,6.814880928604913,5.268539591436462,3969.9291315792943,1984.9645657896576
