,n,m,k_avg,edge_length_total,edge_length_avg,streets_per_node_avg,streets_per_node_counts,streets_per_node_proportions,intersection_count,street_length_total,street_segment_count,street_length_avg,circuity_avg,self_loop_proportion,node_density_km,intersection_density_km,edge_density_km,street_density_km
0,89557,250892,5.6029567761314025,67741664.45799859,270.003286107164,2.8045155599227307,0,0.0,73103,33870832.22900008,125446,270.00328610717025,1.1057295992827358,0.005970696554692856,4.2365565022183915,3.458188527771934,3204.566801373767,1602.2834006869205
1,89557,250892,5.6029567761314025,67741664.45799859,270.003286107164,2.8045155599227307,16454,0.1837265652042833,73103,33870832.22900008,125446,270.00328610717025,1.1057295992827358,0.005970696554692856,4.2365565022183915,3.458188527771934,3204.566801373767,1602.2834006869205
2,89557,250892,5.6029567761314025,67741664.45799859,270.003286107164,2.8045155599227307,0,0.0,73103,33870832.22900008,125446,270.00328610717025,1.1057295992827358,0.005970696554692856,4.2365565022183915,3.458188527771934,3204.566801373767,1602.2834006869205
3,89557,250892,5.6029567761314025,67741664.45799859,270.003286107164,2.8045155599227307,58040,0.6480788771396987,73103,33870832.22900008,125446,270.00328610717025,1.1057295992827358,0.005970696554692856,4.2365565022183915,3.458188527771934,3204.566801373767,1602.2834006869205
4,89557,250892,5.6029567761314025,67741664.45799859,270.003286107164,2.8045155599227307,14740,0.16458791607579532,73103,33870832.22900008,125446,270.00328610717025,1.1057295992827358,0.005970696554692856,4.2365565022183915,3.458188527771934,3204.566801373767,1602.2834006869205
5,89557,250892,5.6029567761314025,67741664.45799859,270.003286107164,2.8045155599227307,308,0.003439150485165872,73103,33870832.22900008,125446,270.00328610717025,1.1057295992827358,0.005970696554692856,4.2365565022183915,3.458188527771934,3204.566801373767,1602.2834006869205
6,89557,250892,5.6029567761314025,67741664.45799859,270.003286107164,2.8045155599227307,15,0.00016749109505677948,73103,33870832.22900008,125446,270.00328610717025,1.1057295992827358,0.005970696554692856,4.2365565022183915,3.458188527771934,3204.566801373767,1602.2834006869205
