,n,m,k_avg,edge_length_total,edge_length_avg,streets_per_node_avg,streets_per_node_counts,streets_per_node_proportions,intersection_count,street_length_total,street_segment_count,street_length_avg,circuity_avg,self_loop_proportion,node_density_km,intersection_density_km,edge_density_km,street_density_km
0,19084,48148,5.045902326556278,17759271.414000183,368.84754120628446,2.5307587507859988,0,0.0,13673,8879635.706999993,24074,368.84754120628037,1.1064648122741352,0.010550801694774445,2.0730883333892822,1.4852932709301851,1929.1835243060973,964.5917621530378
1,19084,48148,5.045902326556278,17759271.414000183,368.84754120628446,2.5307587507859988,5411,0.28353594634248586,13673,8879635.706999993,24074,368.84754120628037,1.1064648122741352,0.010550801694774445,2.0730883333892822,1.4852932709301851,1929.1835243060973,964.5917621530378
2,19084,48148,5.045902326556278,17759271.414000183,368.84754120628446,2.5307587507859988,1,5.2399916160134143e-05,13673,8879635.706999993,24074,368.84754120628037,1.1064648122741352,0.010550801694774445,2.0730883333892822,1.4852932709301851,1929.1835243060973,964.5917621530378
3,19084,48148,5.045902326556278,17759271.414000183,368.84754120628446,2.5307587507859988,11864,0.6216726053238315,13673,8879635.706999993,24074,368.84754120628037,1.1064648122741352,0.010550801694774445,2.0730883333892822,1.4852932709301851,1929.1835243060973,964.5917621530378
4,19084,48148,5.045902326556278,17759271.414000183,368.84754120628446,2.5307587507859988,1756,0.09201425277719556,13673,8879635.706999993,24074,368.84754120628037,1.1064648122741352,0.010550801694774445,2.0730883333892822,1.4852932709301851,1929.1835243060973,964.5917621530378
5,19084,48148,5.045902326556278,17759271.414000183,368.84754120628446,2.5307587507859988,44,0.002305596311045902,13673,8879635.706999993,24074,368.84754120628037,1.1064648122741352,0.010550801694774445,2.0730883333892822,1.4852932709301851,1929.1835243060973,964.5917621530378
6,19084,48148,5.045902326556278,17759271.414000183,368.84754120628446,2.5307587507859988,8,0.00041919932928107315,13673,8879635.706999993,24074,368.84754120628037,1.1064648122741352,0.010550801694774445,2.0730883333892822,1.4852932709301851,1929.1835243060973,964.5917621530378
