,n,m,k_avg,edge_length_total,edge_length_avg,streets_per_node_avg,streets_per_node_counts,streets_per_node_proportions,intersection_count,street_length_total,street_segment_count,street_length_avg,circuity_avg,self_loop_proportion,node_density_km,intersection_density_km,edge_density_km,street_density_km
0,68810,180322,5.2411568086034,16945383.642000083,93.97291313317334,2.6208981252724897,0,0.0,52490,8472691.821000094,90161,93.97291313317392,1.1336474795560454,0.027528532292232785,20.36077719265324,15.531713338793326,5014.113948245817,2507.0569741229237
1,68810,180322,5.2411568086034,16945383.642000083,93.97291313317334,2.6208981252724897,16320,0.23717482923993605,52490,8472691.821000094,90161,93.97291313317392,1.1336474795560454,0.027528532292232785,20.36077719265324,15.531713338793326,5014.113948245817,2507.0569741229237
2,68810,180322,5.2411568086034,16945383.642000083,93.97291313317334,2.6208981252724897,0,0.0,52490,8472691.821000094,90161,93.97291313317392,1.1336474795560454,0.027528532292232785,20.36077719265324,15.531713338793326,5014.113948245817,2507.0569741229237
3,68810,180322,5.2411568086034,16945383.642000083,93.97291313317334,2.6208981252724897,46090,0.6698154338032263,52490,8472691.821000094,90161,93.97291313317392,1.1336474795560454,0.027528532292232785,20.36077719265324,15.531713338793326,5014.113948245817,2507.0569741229237
4,68810,180322,5.2411568086034,16945383.642000083,93.97291313317334,2.6208981252724897,6261,0.09098968173230636,52490,8472691.821000094,90161,93.97291313317392,1.1336474795560454,0.027528532292232785,20.36077719265324,15.531713338793326,5014.113948245817,2507.0569741229237
5,68810,180322,5.2411568086034,16945383.642000083,93.97291313317334,2.6208981252724897,126,0.0018311291963377416,52490,8472691.821000094,90161,93.97291313317392,1.1336474795560454,0.027528532292232785,20.36077719265324,15.531713338793326,5014.113948245817,2507.0569741229237
6,68810,180322,5.2411568086034,16945383.642000083,93.97291313317334,2.6208981252724897,11,0.00015986048539456474,52490,8472691.821000094,90161,93.97291313317392,1.1336474795560454,0.027528532292232785,20.36077719265324,15.531713338793326,5014.113948245817,2507.0569741229237
7,68810,180322,5.2411568086034,16945383.642000083,93.97291313317334,2.6208981252724897,2,2.9065542799011773e-05,52490,8472691.821000094,90161,93.97291313317392,1.1336474795560454,0.027528532292232785,20.36077719265324,15.531713338793326,5014.113948245817,2507.0569741229237
