,n,m,k_avg,edge_length_total,edge_length_avg,streets_per_node_avg,streets_per_node_counts,streets_per_node_proportions,intersection_count,street_length_total,street_segment_count,street_length_avg,circuity_avg,self_loop_proportion,node_density_km,intersection_density_km,edge_density_km,street_density_km
0,24472,66668,5.448512585812357,8947308.201999867,134.20693889122018,2.73177508989866,0,0.0,19419,4473654.1010000035,33334,134.20693889122228,1.0783369836314576,0.012749745005099898,13.155352871213415,10.439024084917182,4809.782471592444,2404.8912357962595
1,24472,66668,5.448512585812357,8947308.201999867,134.20693889122018,2.73177508989866,5053,0.20648087610330174,19419,4473654.1010000035,33334,134.20693889122228,1.0783369836314576,0.012749745005099898,13.155352871213415,10.439024084917182,4809.782471592444,2404.8912357962595
2,24472,66668,5.448512585812357,8947308.201999867,134.20693889122018,2.73177508989866,0,0.0,19419,4473654.1010000035,33334,134.20693889122228,1.0783369836314576,0.012749745005099898,13.155352871213415,10.439024084917182,4809.782471592444,2404.8912357962595
3,24472,66668,5.448512585812357,8947308.201999867,134.20693889122018,2.73177508989866,15916,0.650375939849624,19419,4473654.1010000035,33334,134.20693889122228,1.0783369836314576,0.012749745005099898,13.155352871213415,10.439024084917182,4809.782471592444,2404.8912357962595
4,24472,66668,5.448512585812357,8947308.201999867,134.20693889122018,2.73177508989866,3469,0.1417538411245505,19419,4473654.1010000035,33334,134.20693889122228,1.0783369836314576,0.012749745005099898,13.155352871213415,10.439024084917182,4809.782471592444,2404.8912357962595
5,24472,66668,5.448512585812357,8947308.201999867,134.20693889122018,2.73177508989866,30,0.0012258908139915004,19419,4473654.1010000035,33334,134.20693889122228,1.0783369836314576,0.012749745005099898,13.155352871213415,10.439024084917182,4809.782471592444,2404.8912357962595
6,24472,66668,5.448512585812357,8947308.201999867,134.20693889122018,2.73177508989866,3,0.00012258908139915005,19419,4473654.1010000035,33334,134.20693889122228,1.0783369836314576,0.012749745005099898,13.155352871213415,10.439024084917182,4809.782471592444,2404.8912357962595
7,24472,66668,5.448512585812357,8947308.201999867,134.20693889122018,2.73177508989866,1,4.0863027133050016e-05,19419,4473654.1010000035,33334,134.20693889122228,1.0783369836314576,0.012749745005099898,13.155352871213415,10.439024084917182,4809.782471592444,2404.8912357962595
