,n,m,k_avg,edge_length_total,edge_length_avg,streets_per_node_avg,streets_per_node_counts,streets_per_node_proportions,intersection_count,street_length_total,street_segment_count,street_length_avg,circuity_avg,self_loop_proportion,node_density_km,intersection_density_km,edge_density_km,street_density_km
0,14471,37060,5.121968074079193,5925265.452000054,159.88303971937543,2.5704512473222305,0,0.0,10414,2962632.7260000207,18530,159.88303971937512,1.0625932197374515,0.015758229897463574,8.85344683804713,6.371349275891287,3625.113860866545,1812.5569304332687
1,14471,37060,5.121968074079193,5925265.452000054,159.88303971937543,2.5704512473222305,4057,0.2803538110704167,10414,2962632.7260000207,18530,159.88303971937512,1.0625932197374515,0.015758229897463574,8.85344683804713,6.371349275891287,3625.113860866545,1812.5569304332687
2,14471,37060,5.121968074079193,5925265.452000054,159.88303971937543,2.5704512473222305,0,0.0,10414,2962632.7260000207,18530,159.88303971937512,1.0625932197374515,0.015758229897463574,8.85344683804713,6.371349275891287,3625.113860866545,1812.5569304332687
3,14471,37060,5.121968074079193,5925265.452000054,159.88303971937543,2.5704512473222305,8524,0.5890401492640454,10414,2962632.7260000207,18530,159.88303971937512,1.0625932197374515,0.015758229897463574,8.85344683804713,6.371349275891287,3625.113860866545,1812.5569304332687
4,14471,37060,5.121968074079193,5925265.452000054,159.88303971937543,2.5704512473222305,1882,0.1300532098680119,10414,2962632.7260000207,18530,159.88303971937512,1.0625932197374515,0.015758229897463574,8.85344683804713,6.371349275891287,3625.113860866545,1812.5569304332687
5,14471,37060,5.121968074079193,5925265.452000054,159.88303971937543,2.5704512473222305,8,0.0005528297975260866,10414,2962632.7260000207,18530,159.88303971937512,1.0625932197374515,0.015758229897463574,8.85344683804713,6.371349275891287,3625.113860866545,1812.5569304332687
