,n,m,k_avg,edge_length_total,edge_length_avg,streets_per_node_avg,streets_per_node_counts,streets_per_node_proportions,intersection_count,street_length_total,street_segment_count,street_length_avg,circuity_avg,self_loop_proportion,node_density_km,intersection_density_km,edge_density_km,street_density_km
0,30695,83410,5.434761361785307,18143074.130000055,217.51677412780307,2.7199543899657925,0,0.0,23705,9071537.065000052,41705,217.51677412780367,1.0763581539268485,0.005490948327538664,4.961555887565234,3.831688624034334,2932.656011344983,1466.3280056724957
1,30695,83410,5.434761361785307,18143074.130000055,217.51677412780307,2.7199543899657925,6990,0.22772438507900308,23705,9071537.065000052,41705,217.51677412780367,1.0763581539268485,0.005490948327538664,4.961555887565234,3.831688624034334,2932.656011344983,1466.3280056724957
2,30695,83410,5.434761361785307,18143074.130000055,217.51677412780307,2.7199543899657925,0,0.0,23705,9071537.065000052,41705,217.51677412780367,1.0763581539268485,0.005490948327538664,4.961555887565234,3.831688624034334,2932.656011344983,1466.3280056724957
3,30695,83410,5.434761361785307,18143074.130000055,217.51677412780307,2.7199543899657925,18401,0.5994787424661997,23705,9071537.065000052,41705,217.51677412780367,1.0763581539268485,0.005490948327538664,4.961555887565234,3.831688624034334,2932.656011344983,1466.3280056724957
4,30695,83410,5.434761361785307,18143074.130000055,217.51677412780307,2.7199543899657925,5228,0.1703208991692458,23705,9071537.065000052,41705,217.51677412780367,1.0763581539268485,0.005490948327538664,4.961555887565234,3.831688624034334,2932.656011344983,1466.3280056724957
5,30695,83410,5.434761361785307,18143074.130000055,217.51677412780307,2.7199543899657925,72,0.0023456589021013195,23705,9071537.065000052,41705,217.51677412780367,1.0763581539268485,0.005490948327538664,4.961555887565234,3.831688624034334,2932.656011344983,1466.3280056724957
6,30695,83410,5.434761361785307,18143074.130000055,217.51677412780307,2.7199543899657925,4,0.00013031438345007332,23705,9071537.065000052,41705,217.51677412780367,1.0763581539268485,0.005490948327538664,4.961555887565234,3.831688624034334,2932.656011344983,1466.3280056724957
