,n,m,k_avg,edge_length_total,edge_length_avg,streets_per_node_avg,streets_per_node_counts,streets_per_node_proportions,intersection_count,street_length_total,street_segment_count,street_length_avg,circuity_avg,self_loop_proportion,node_density_km,intersection_density_km,edge_density_km,street_density_km
0,29769,77804,5.2271826396587056,14419059.757999927,185.32543002930348,2.616312271154557,0,0.0,22206,7209529.878999992,38902,185.32543002930421,1.1987475257388187,0.009973780268366665,4.5912414751417465,3.4248079612011697,2223.836379907843,1111.9181899539258
1,29769,77804,5.2271826396587056,14419059.757999927,185.32543002930348,2.616312271154557,7563,0.2540562329940542,22206,7209529.878999992,38902,185.32543002930421,1.1987475257388187,0.009973780268366665,4.5912414751417465,3.4248079612011697,2223.836379907843,1111.9181899539258
2,29769,77804,5.2271826396587056,14419059.757999927,185.32543002930348,2.616312271154557,0,0.0,22206,7209529.878999992,38902,185.32543002930421,1.1987475257388187,0.009973780268366665,4.5912414751417465,3.4248079612011697,2223.836379907843,1111.9181899539258
3,29769,77804,5.2271826396587056,14419059.757999927,185.32543002930348,2.616312271154557,18578,0.6240720212301387,22206,7209529.878999992,38902,185.32543002930421,1.1987475257388187,0.009973780268366665,4.5912414751417465,3.4248079612011697,2223.836379907843,1111.9181899539258
4,29769,77804,5.2271826396587056,14419059.757999927,185.32543002930348,2.616312271154557,3568,0.11985622627565588,22206,7209529.878999992,38902,185.32543002930421,1.1987475257388187,0.009973780268366665,4.5912414751417465,3.4248079612011697,2223.836379907843,1111.9181899539258
5,29769,77804,5.2271826396587056,14419059.757999927,185.32543002930348,2.616312271154557,48,0.001612415600120931,22206,7209529.878999992,38902,185.32543002930421,1.1987475257388187,0.009973780268366665,4.5912414751417465,3.4248079612011697,2223.836379907843,1111.9181899539258
6,29769,77804,5.2271826396587056,14419059.757999927,185.32543002930348,2.616312271154557,8,0.00026873593335348855,22206,7209529.878999992,38902,185.32543002930421,1.1987475257388187,0.009973780268366665,4.5912414751417465,3.4248079612011697,2223.836379907843,1111.9181899539258
7,29769,77804,5.2271826396587056,14419059.757999927,185.32543002930348,2.616312271154557,4,0.00013436796667674428,22206,7209529.878999992,38902,185.32543002930421,1.1987475257388187,0.009973780268366665,4.5912414751417465,3.4248079612011697,2223.836379907843,1111.9181899539258
