,n,m,k_avg,edge_length_total,edge_length_avg,streets_per_node_avg,streets_per_node_counts,streets_per_node_proportions,intersection_count,street_length_total,street_segment_count,street_length_avg,circuity_avg,self_loop_proportion,node_density_km,intersection_density_km,edge_density_km,street_density_km
0,42336,115956,5.477891156462585,28675639.014,247.29758713650003,2.7429138321995463,0,0.0,32911,14337819.50700002,57978,247.2975871365004,1.1268712318354817,0.008899927558729172,2.508634433502112,1.9501527740218254,1699.1849828325053,849.5924914162539
1,42336,115956,5.477891156462585,28675639.014,247.29758713650003,2.7429138321995463,9425,0.22262377173091458,32911,14337819.50700002,57978,247.2975871365004,1.1268712318354817,0.008899927558729172,2.508634433502112,1.9501527740218254,1699.1849828325053,849.5924914162539
2,42336,115956,5.477891156462585,28675639.014,247.29758713650003,2.7429138321995463,0,0.0,32911,14337819.50700002,57978,247.2975871365004,1.1268712318354817,0.008899927558729172,2.508634433502112,1.9501527740218254,1699.1849828325053,849.5924914162539
3,42336,115956,5.477891156462585,28675639.014,247.29758713650003,2.7429138321995463,24998,0.5904667422524565,32911,14337819.50700002,57978,247.2975871365004,1.1268712318354817,0.008899927558729172,2.508634433502112,1.9501527740218254,1699.1849828325053,849.5924914162539
4,42336,115956,5.477891156462585,28675639.014,247.29758713650003,2.7429138321995463,7863,0.1857284580498866,32911,14337819.50700002,57978,247.2975871365004,1.1268712318354817,0.008899927558729172,2.508634433502112,1.9501527740218254,1699.1849828325053,849.5924914162539
5,42336,115956,5.477891156462585,28675639.014,247.29758713650003,2.7429138321995463,47,0.0011101662887377172,32911,14337819.50700002,57978,247.2975871365004,1.1268712318354817,0.008899927558729172,2.508634433502112,1.9501527740218254,1699.1849828325053,849.5924914162539
6,42336,115956,5.477891156462585,28675639.014,247.29758713650003,2.7429138321995463,3,7.086167800453515e-05,32911,14337819.50700002,57978,247.2975871365004,1.1268712318354817,0.008899927558729172,2.508634433502112,1.9501527740218254,1699.1849828325053,849.5924914162539
