,n,m,k_avg,edge_length_total,edge_length_avg,streets_per_node_avg,streets_per_node_counts,streets_per_node_proportions,intersection_count,street_length_total,street_segment_count,street_length_avg,circuity_avg,self_loop_proportion,node_density_km,intersection_density_km,edge_density_km,street_density_km
0,33896,84226,4.969671937691763,13517202.998000061,160.4872960605996,2.4906183620486195,0,0.0,23952,6758601.499000004,42113,160.48729606059894,1.0878665232251064,0.012703915655498303,10.57441683795815,7.472221858118173,4216.914650228648,2108.457325114315
1,33896,84226,4.969671937691763,13517202.998000061,160.4872960605996,2.4906183620486195,9944,0.29336794902053337,23952,6758601.499000004,42113,160.48729606059894,1.0878665232251064,0.012703915655498303,10.57441683795815,7.472221858118173,4216.914650228648,2108.457325114315
2,33896,84226,4.969671937691763,13517202.998000061,160.4872960605996,2.4906183620486195,0,0.0,23952,6758601.499000004,42113,160.48729606059894,1.0878665232251064,0.012703915655498303,10.57441683795815,7.472221858118173,4216.914650228648,2108.457325114315
3,33896,84226,4.969671937691763,13517202.998000061,160.4872960605996,2.4906183620486195,21385,0.6309004012272834,23952,6758601.499000004,42113,160.48729606059894,1.0878665232251064,0.012703915655498303,10.57441683795815,7.472221858118173,4216.914650228648,2108.457325114315
4,33896,84226,4.969671937691763,13517202.998000061,160.4872960605996,2.4906183620486195,2516,0.07422704743922587,23952,6758601.499000004,42113,160.48729606059894,1.0878665232251064,0.012703915655498303,10.57441683795815,7.472221858118173,4216.914650228648,2108.457325114315
5,33896,84226,4.969671937691763,13517202.998000061,160.4872960605996,2.4906183620486195,47,0.001386594288411612,23952,6758601.499000004,42113,160.48729606059894,1.0878665232251064,0.012703915655498303,10.57441683795815,7.472221858118173,4216.914650228648,2108.457325114315
6,33896,84226,4.969671937691763,13517202.998000061,160.4872960605996,2.4906183620486195,4,0.0001180080245456691,23952,6758601.499000004,42113,160.48729606059894,1.0878665232251064,0.012703915655498303,10.57441683795815,7.472221858118173,4216.914650228648,2108.457325114315
