,n,m,k_avg,edge_length_total,edge_length_avg,streets_per_node_avg,streets_per_node_counts,streets_per_node_proportions,intersection_count,street_length_total,street_segment_count,street_length_avg,circuity_avg,self_loop_proportion,node_density_km,intersection_density_km,edge_density_km,street_density_km
0,182756,468830,5.130666024644881,68610197.86200227,146.34344615746062,2.5668979404232966,0,0.0,133140,34305098.93100006,234415,146.34344615745604,1.112947926956095,0.010647782778405819,15.470568465426638,11.270499931531127,5807.955763151822,2903.97788157582
1,182756,468830,5.130666024644881,68610197.86200227,146.34344615746062,2.5668979404232966,49616,0.27148766661559676,133140,34305098.93100006,234415,146.34344615745604,1.112947926956095,0.010647782778405819,15.470568465426638,11.270499931531127,5807.955763151822,2903.97788157582
2,182756,468830,5.130666024644881,68610197.86200227,146.34344615746062,2.5668979404232966,0,0.0,133140,34305098.93100006,234415,146.34344615745604,1.112947926956095,0.010647782778405819,15.470568465426638,11.270499931531127,5807.955763151822,2903.97788157582
3,182756,468830,5.130666024644881,68610197.86200227,146.34344615746062,2.5668979404232966,113529,0.6212053229442536,133140,34305098.93100006,234415,146.34344615745604,1.112947926956095,0.010647782778405819,15.470568465426638,11.270499931531127,5807.955763151822,2903.97788157582
4,182756,468830,5.130666024644881,68610197.86200227,146.34344615746062,2.5668979404232966,19164,0.1048611263104905,133140,34305098.93100006,234415,146.34344615745604,1.112947926956095,0.010647782778405819,15.470568465426638,11.270499931531127,5807.955763151822,2903.97788157582
5,182756,468830,5.130666024644881,68610197.86200227,146.34344615746062,2.5668979404232966,427,0.002336448598130841,133140,34305098.93100006,234415,146.34344615745604,1.112947926956095,0.010647782778405819,15.470568465426638,11.270499931531127,5807.955763151822,2903.97788157582
6,182756,468830,5.130666024644881,68610197.86200227,146.34344615746062,2.5668979404232966,18,9.849197837553897e-05,133140,34305098.93100006,234415,146.34344615745604,1.112947926956095,0.010647782778405819,15.470568465426638,11.270499931531127,5807.955763151822,2903.97788157582
7,182756,468830,5.130666024644881,68610197.86200227,146.34344615746062,2.5668979404232966,2,1.0943553152837664e-05,133140,34305098.93100006,234415,146.34344615745604,1.112947926956095,0.010647782778405819,15.470568465426638,11.270499931531127,5807.955763151822,2903.97788157582
