,n,m,k_avg,edge_length_total,edge_length_avg,streets_per_node_avg,streets_per_node_counts,streets_per_node_proportions,intersection_count,street_length_total,street_segment_count,street_length_avg,circuity_avg,self_loop_proportion,node_density_km,intersection_density_km,edge_density_km,street_density_km
0,34426,93560,5.4354267123685585,26420850.632000137,282.39472672082235,2.7248591181084065,0,0.0,25760,13210425.316000005,46780,282.394726720821,1.068397771754469,0.0040401881145788795,3.059962382528902,2.289683116654404,2348.422966604757,1174.2114833023732
1,34426,93560,5.4354267123685585,26420850.632000137,282.39472672082235,2.7248591181084065,8666,0.2517283448556324,25760,13210425.316000005,46780,282.394726720821,1.068397771754469,0.0040401881145788795,3.059962382528902,2.289683116654404,2348.422966604757,1174.2114833023732
2,34426,93560,5.4354267123685585,26420850.632000137,282.39472672082235,2.7248591181084065,0,0.0,25760,13210425.316000005,46780,282.394726720821,1.068397771754469,0.0040401881145788795,3.059962382528902,2.289683116654404,2348.422966604757,1174.2114833023732
3,34426,93560,5.4354267123685585,26420850.632000137,282.39472672082235,2.7248591181084065,17971,0.5220182420263754,25760,13210425.316000005,46780,282.394726720821,1.068397771754469,0.0040401881145788795,3.059962382528902,2.289683116654404,2348.422966604757,1174.2114833023732
4,34426,93560,5.4354267123685585,26420850.632000137,282.39472672082235,2.7248591181084065,7724,0.22436530529251147,25760,13210425.316000005,46780,282.394726720821,1.068397771754469,0.0040401881145788795,3.059962382528902,2.289683116654404,2348.422966604757,1174.2114833023732
5,34426,93560,5.4354267123685585,26420850.632000137,282.39472672082235,2.7248591181084065,61,0.0017719165746819265,25760,13210425.316000005,46780,282.394726720821,1.068397771754469,0.0040401881145788795,3.059962382528902,2.289683116654404,2348.422966604757,1174.2114833023732
6,34426,93560,5.4354267123685585,26420850.632000137,282.39472672082235,2.7248591181084065,2,5.8095625399407424e-05,25760,13210425.316000005,46780,282.394726720821,1.068397771754469,0.0040401881145788795,3.059962382528902,2.289683116654404,2348.422966604757,1174.2114833023732
7,34426,93560,5.4354267123685585,26420850.632000137,282.39472672082235,2.7248591181084065,2,5.8095625399407424e-05,25760,13210425.316000005,46780,282.394726720821,1.068397771754469,0.0040401881145788795,3.059962382528902,2.289683116654404,2348.422966604757,1174.2114833023732
