,n,m,k_avg,edge_length_total,edge_length_avg,streets_per_node_avg,streets_per_node_counts,streets_per_node_proportions,intersection_count,street_length_total,street_segment_count,street_length_avg,circuity_avg,self_loop_proportion,node_density_km,intersection_density_km,edge_density_km,street_density_km
0,25740,66382,5.157886557886558,11901863.031999996,179.29352884818167,2.5822843822843824,0,0.0,18697,5950931.515999961,33191,179.29352884818056,1.160710507553509,0.00795396342381971,9.122188297651794,6.626167622424072,4217.988953798169,2108.9944768990713
1,25740,66382,5.157886557886558,11901863.031999996,179.29352884818167,2.5822843822843824,7043,0.2736208236208236,18697,5950931.515999961,33191,179.29352884818056,1.160710507553509,0.00795396342381971,9.122188297651794,6.626167622424072,4217.988953798169,2108.9944768990713
2,25740,66382,5.157886557886558,11901863.031999996,179.29352884818167,2.5822843822843824,0,0.0,18697,5950931.515999961,33191,179.29352884818056,1.160710507553509,0.00795396342381971,9.122188297651794,6.626167622424072,4217.988953798169,2108.9944768990713
3,25740,66382,5.157886557886558,11901863.031999996,179.29352884818167,2.5822843822843824,15447,0.6001165501165501,18697,5950931.515999961,33191,179.29352884818056,1.160710507553509,0.00795396342381971,9.122188297651794,6.626167622424072,4217.988953798169,2108.9944768990713
4,25740,66382,5.157886557886558,11901863.031999996,179.29352884818167,2.5822843822843824,3173,0.12327117327117328,18697,5950931.515999961,33191,179.29352884818056,1.160710507553509,0.00795396342381971,9.122188297651794,6.626167622424072,4217.988953798169,2108.9944768990713
5,25740,66382,5.157886557886558,11901863.031999996,179.29352884818167,2.5822843822843824,70,0.0027195027195027195,18697,5950931.515999961,33191,179.29352884818056,1.160710507553509,0.00795396342381971,9.122188297651794,6.626167622424072,4217.988953798169,2108.9944768990713
6,25740,66382,5.157886557886558,11901863.031999996,179.29352884818167,2.5822843822843824,7,0.00027195027195027195,18697,5950931.515999961,33191,179.29352884818056,1.160710507553509,0.00795396342381971,9.122188297651794,6.626167622424072,4217.988953798169,2108.9944768990713
