,n,m,k_avg,edge_length_total,edge_length_avg,streets_per_node_avg,streets_per_node_counts,streets_per_node_proportions,intersection_count,street_length_total,street_segment_count,street_length_avg,circuity_avg,self_loop_proportion,node_density_km,intersection_density_km,edge_density_km,street_density_km
0,32445,93328,5.752997380181847,12837943.848000256,137.5572587862191,2.8822622900292805,0,0.0,26994,6418971.923999964,46664,137.55725878621558,1.067569346474784,0.009429110234870563,10.562136867489368,8.787619744213531,4179.260903674583,2089.630451837238
1,32445,93328,5.752997380181847,12837943.848000256,137.5572587862191,2.8822622900292805,5451,0.16800739713361074,26994,6418971.923999964,46664,137.55725878621558,1.067569346474784,0.009429110234870563,10.562136867489368,8.787619744213531,4179.260903674583,2089.630451837238
2,32445,93328,5.752997380181847,12837943.848000256,137.5572587862191,2.8822622900292805,0,0.0,26994,6418971.923999964,46664,137.55725878621558,1.067569346474784,0.009429110234870563,10.562136867489368,8.787619744213531,4179.260903674583,2089.630451837238
3,32445,93328,5.752997380181847,12837943.848000256,137.5572587862191,2.8822622900292805,20014,0.616859300354446,26994,6418971.923999964,46664,137.55725878621558,1.067569346474784,0.009429110234870563,10.562136867489368,8.787619744213531,4179.260903674583,2089.630451837238
4,32445,93328,5.752997380181847,12837943.848000256,137.5572587862191,2.8822622900292805,6885,0.21220527045769763,26994,6418971.923999964,46664,137.55725878621558,1.067569346474784,0.009429110234870563,10.562136867489368,8.787619744213531,4179.260903674583,2089.630451837238
5,32445,93328,5.752997380181847,12837943.848000256,137.5572587862191,2.8822622900292805,89,0.0027431037139775006,26994,6418971.923999964,46664,137.55725878621558,1.067569346474784,0.009429110234870563,10.562136867489368,8.787619744213531,4179.260903674583,2089.630451837238
6,32445,93328,5.752997380181847,12837943.848000256,137.5572587862191,2.8822622900292805,5,0.0001541069502234551,26994,6418971.923999964,46664,137.55725878621558,1.067569346474784,0.009429110234870563,10.562136867489368,8.787619744213531,4179.260903674583,2089.630451837238
7,32445,93328,5.752997380181847,12837943.848000256,137.5572587862191,2.8822622900292805,1,3.082139004469102e-05,26994,6418971.923999964,46664,137.55725878621558,1.067569346474784,0.009429110234870563,10.562136867489368,8.787619744213531,4179.260903674583,2089.630451837238
