,n,m,k_avg,edge_length_total,edge_length_avg,streets_per_node_avg,streets_per_node_counts,streets_per_node_proportions,intersection_count,street_length_total,street_segment_count,street_length_avg,circuity_avg,self_loop_proportion,node_density_km,intersection_density_km,edge_density_km,street_density_km
0,32509,87416,5.37795687348119,10626075.477999946,121.55755786126048,2.693038850779784,0,0.0,24543,5313037.739000026,43708,121.5575578612617,1.112389294998169,0.013727464079802324,15.71853882815305,11.866870665334533,5137.85044116482,2568.925220582436
1,32509,87416,5.37795687348119,10626075.477999946,121.55755786126048,2.693038850779784,7966,0.24503983512258143,24543,5313037.739000026,43708,121.5575578612617,1.112389294998169,0.013727464079802324,15.71853882815305,11.866870665334533,5137.85044116482,2568.925220582436
2,32509,87416,5.37795687348119,10626075.477999946,121.55755786126048,2.693038850779784,3,9.228213725429881e-05,24543,5313037.739000026,43708,121.5575578612617,1.112389294998169,0.013727464079802324,15.71853882815305,11.866870665334533,5137.85044116482,2568.925220582436
3,32509,87416,5.37795687348119,10626075.477999946,121.55755786126048,2.693038850779784,18694,0.5750407579439539,24543,5313037.739000026,43708,121.5575578612617,1.112389294998169,0.013727464079802324,15.71853882815305,11.866870665334533,5137.85044116482,2568.925220582436
4,32509,87416,5.37795687348119,10626075.477999946,121.55755786126048,2.693038850779784,5749,0.1768433356916546,24543,5313037.739000026,43708,121.5575578612617,1.112389294998169,0.013727464079802324,15.71853882815305,11.866870665334533,5137.85044116482,2568.925220582436
5,32509,87416,5.37795687348119,10626075.477999946,121.55755786126048,2.693038850779784,84,0.0025838998431203667,24543,5313037.739000026,43708,121.5575578612617,1.112389294998169,0.013727464079802324,15.71853882815305,11.866870665334533,5137.85044116482,2568.925220582436
6,32509,87416,5.37795687348119,10626075.477999946,121.55755786126048,2.693038850779784,13,0.00039988926143529486,24543,5313037.739000026,43708,121.5575578612617,1.112389294998169,0.013727464079802324,15.71853882815305,11.866870665334533,5137.85044116482,2568.925220582436
