,n,m,k_avg,edge_length_total,edge_length_avg,streets_per_node_avg,streets_per_node_counts,streets_per_node_proportions,intersection_count,street_length_total,street_segment_count,street_length_avg,circuity_avg,self_loop_proportion,node_density_km,intersection_density_km,edge_density_km,street_density_km
0,17717,45336,5.11779646667043,8222210.1260000225,181.36161386094986,2.5696788395326524,0,0.0,13056,4111105.063000023,22668,181.36161386095037,1.095011547462803,0.01270513499205929,10.993731197365491,8.101493171123998,5102.035783343732,2551.0178916718733
1,17717,45336,5.11779646667043,8222210.1260000225,181.36161386094986,2.5696788395326524,4661,0.26308065699610544,13056,4111105.063000023,22668,181.36161386095037,1.095011547462803,0.01270513499205929,10.993731197365491,8.101493171123998,5102.035783343732,2551.0178916718733
2,17717,45336,5.11779646667043,8222210.1260000225,181.36161386094986,2.5696788395326524,2,0.00011288592876897895,13056,4111105.063000023,22668,181.36161386095037,1.095011547462803,0.01270513499205929,10.993731197365491,8.101493171123998,5102.035783343732,2551.0178916718733
3,17717,45336,5.11779646667043,8222210.1260000225,181.36161386094986,2.5696788395326524,11378,0.6422080487667212,13056,4111105.063000023,22668,181.36161386095037,1.095011547462803,0.01270513499205929,10.993731197365491,8.101493171123998,5102.035783343732,2551.0178916718733
4,17717,45336,5.11779646667043,8222210.1260000225,181.36161386094986,2.5696788395326524,1654,0.09335666309194558,13056,4111105.063000023,22668,181.36161386095037,1.095011547462803,0.01270513499205929,10.993731197365491,8.101493171123998,5102.035783343732,2551.0178916718733
5,17717,45336,5.11779646667043,8222210.1260000225,181.36161386094986,2.5696788395326524,20,0.0011288592876897894,13056,4111105.063000023,22668,181.36161386095037,1.095011547462803,0.01270513499205929,10.993731197365491,8.101493171123998,5102.035783343732,2551.0178916718733
6,17717,45336,5.11779646667043,8222210.1260000225,181.36161386094986,2.5696788395326524,2,0.00011288592876897895,13056,4111105.063000023,22668,181.36161386095037,1.095011547462803,0.01270513499205929,10.993731197365491,8.101493171123998,5102.035783343732,2551.0178916718733
