,n,m,k_avg,edge_length_total,edge_length_avg,streets_per_node_avg,streets_per_node_counts,streets_per_node_proportions,intersection_count,street_length_total,street_segment_count,street_length_avg,circuity_avg,self_loop_proportion,node_density_km,intersection_density_km,edge_density_km,street_density_km
0,49407,118782,4.8083065152711155,11854207.810000047,99.7980149349232,2.404740218997308,0,0.0,33074,5927103.904999939,59391,99.79801493492177,1.127603247401768,0.018150898284251822,33.73992103031584,22.586154758569965,8095.209897106784,4047.6049485533345
1,49407,118782,4.8083065152711155,11854207.810000047,99.7980149349232,2.404740218997308,16333,0.3305806869471937,33074,5927103.904999939,59391,99.79801493492177,1.127603247401768,0.018150898284251822,33.73992103031584,22.586154758569965,8095.209897106784,4047.6049485533345
2,49407,118782,4.8083065152711155,11854207.810000047,99.7980149349232,2.404740218997308,0,0.0,33074,5927103.904999939,59391,99.79801493492177,1.127603247401768,0.018150898284251822,33.73992103031584,22.586154758569965,8095.209897106784,4047.6049485533345
3,49407,118782,4.8083065152711155,11854207.810000047,99.7980149349232,2.404740218997308,29884,0.6048535632602667,33074,5927103.904999939,59391,99.79801493492177,1.127603247401768,0.018150898284251822,33.73992103031584,22.586154758569965,8095.209897106784,4047.6049485533345
4,49407,118782,4.8083065152711155,11854207.810000047,99.7980149349232,2.404740218997308,3126,0.06327038678729735,33074,5927103.904999939,59391,99.79801493492177,1.127603247401768,0.018150898284251822,33.73992103031584,22.586154758569965,8095.209897106784,4047.6049485533345
5,49407,118782,4.8083065152711155,11854207.810000047,99.7980149349232,2.404740218997308,62,0.0012548829113283543,33074,5927103.904999939,59391,99.79801493492177,1.127603247401768,0.018150898284251822,33.73992103031584,22.586154758569965,8095.209897106784,4047.6049485533345
6,49407,118782,4.8083065152711155,11854207.810000047,99.7980149349232,2.404740218997308,2,4.048009391381788e-05,33074,5927103.904999939,59391,99.79801493492177,1.127603247401768,0.018150898284251822,33.73992103031584,22.586154758569965,8095.209897106784,4047.6049485533345
