,n,m,k_avg,edge_length_total,edge_length_avg,streets_per_node_avg,streets_per_node_counts,streets_per_node_proportions,intersection_count,street_length_total,street_segment_count,street_length_avg,circuity_avg,self_loop_proportion,node_density_km,intersection_density_km,edge_density_km,street_density_km
0,19054,49632,5.209614779049018,12680698.292000182,255.49440465828863,2.6108953500577305,0,0.0,14171,6340349.145999968,24816,255.49440465828368,1.0982591921436844,0.010396518375241779,4.583068852109343,3.408558239909809,3050.095169783887,1525.0475848919139
1,19054,49632,5.209614779049018,12680698.292000182,255.49440465828863,2.6108953500577305,4883,0.2562716489975858,14171,6340349.145999968,24816,255.49440465828368,1.0982591921436844,0.010396518375241779,4.583068852109343,3.408558239909809,3050.095169783887,1525.0475848919139
2,19054,49632,5.209614779049018,12680698.292000182,255.49440465828863,2.6108953500577305,0,0.0,14171,6340349.145999968,24816,255.49440465828368,1.0982591921436844,0.010396518375241779,4.583068852109343,3.408558239909809,3050.095169783887,1525.0475848919139
3,19054,49632,5.209614779049018,12680698.292000182,255.49440465828863,2.6108953500577305,11885,0.6237535425632413,14171,6340349.145999968,24816,255.49440465828368,1.0982591921436844,0.010396518375241779,4.583068852109343,3.408558239909809,3050.095169783887,1525.0475848919139
4,19054,49632,5.209614779049018,12680698.292000182,255.49440465828863,2.6108953500577305,2223,0.116668416080613,14171,6340349.145999968,24816,255.49440465828368,1.0982591921436844,0.010396518375241779,4.583068852109343,3.408558239909809,3050.095169783887,1525.0475848919139
5,19054,49632,5.209614779049018,12680698.292000182,255.49440465828863,2.6108953500577305,60,0.003148945103390364,14171,6340349.145999968,24816,255.49440465828368,1.0982591921436844,0.010396518375241779,4.583068852109343,3.408558239909809,3050.095169783887,1525.0475848919139
6,19054,49632,5.209614779049018,12680698.292000182,255.49440465828863,2.6108953500577305,3,0.0001574472551695182,14171,6340349.145999968,24816,255.49440465828368,1.0982591921436844,0.010396518375241779,4.583068852109343,3.408558239909809,3050.095169783887,1525.0475848919139
