,n,m,k_avg,edge_length_total,edge_length_avg,streets_per_node_avg,streets_per_node_counts,streets_per_node_proportions,intersection_count,street_length_total,street_segment_count,street_length_avg,circuity_avg,self_loop_proportion,node_density_km,intersection_density_km,edge_density_km,street_density_km
0,29193,69100,4.734011578118042,7826547.030000078,113.26406700434265,2.3675196108656187,0,0.0,18916,3913273.5150000267,34550,113.26406700434231,1.107488476168007,0.017539797395079593,14.75356971237254,9.559775448882917,3955.383386917015,1977.6916934585013
1,29193,69100,4.734011578118042,7826547.030000078,113.26406700434265,2.3675196108656187,10277,0.3520364470934813,18916,3913273.5150000267,34550,113.26406700434231,1.107488476168007,0.017539797395079593,14.75356971237254,9.559775448882917,3955.383386917015,1977.6916934585013
2,29193,69100,4.734011578118042,7826547.030000078,113.26406700434265,2.3675196108656187,1,3.425478710649813e-05,18916,3913273.5150000267,34550,113.26406700434231,1.107488476168007,0.017539797395079593,14.75356971237254,9.559775448882917,3955.383386917015,1977.6916934585013
3,29193,69100,4.734011578118042,7826547.030000078,113.26406700434265,2.3675196108656187,16925,0.5797622717774809,18916,3913273.5150000267,34550,113.26406700434231,1.107488476168007,0.017539797395079593,14.75356971237254,9.559775448882917,3955.383386917015,1977.6916934585013
4,29193,69100,4.734011578118042,7826547.030000078,113.26406700434265,2.3675196108656187,1907,0.06532387901209194,18916,3913273.5150000267,34550,113.26406700434231,1.107488476168007,0.017539797395079593,14.75356971237254,9.559775448882917,3955.383386917015,1977.6916934585013
5,29193,69100,4.734011578118042,7826547.030000078,113.26406700434265,2.3675196108656187,69,0.0023635803103483712,18916,3913273.5150000267,34550,113.26406700434231,1.107488476168007,0.017539797395079593,14.75356971237254,9.559775448882917,3955.383386917015,1977.6916934585013
6,29193,69100,4.734011578118042,7826547.030000078,113.26406700434265,2.3675196108656187,10,0.00034254787106498133,18916,3913273.5150000267,34550,113.26406700434231,1.107488476168007,0.017539797395079593,14.75356971237254,9.559775448882917,3955.383386917015,1977.6916934585013
7,29193,69100,4.734011578118042,7826547.030000078,113.26406700434265,2.3675196108656187,4,0.00013701914842599252,18916,3913273.5150000267,34550,113.26406700434231,1.107488476168007,0.017539797395079593,14.75356971237254,9.559775448882917,3955.383386917015,1977.6916934585013
