,n,m,k_avg,edge_length_total,edge_length_avg,streets_per_node_avg,streets_per_node_counts,streets_per_node_proportions,intersection_count,street_length_total,street_segment_count,street_length_avg,circuity_avg,self_loop_proportion,node_density_km,intersection_density_km,edge_density_km,street_density_km
0,56441,151732,5.376658811856629,17876006.796000086,117.81303084385684,2.6930422919508867,0,0.0,44238,8938003.397999955,75866,117.81303084385569,1.0850155762580995,0.009674953206970184,22.265181487439296,17.451269443159042,7051.833517897276,3525.9167589486033
1,56441,151732,5.376658811856629,17876006.796000086,117.81303084385684,2.6930422919508867,12203,0.21620807568965822,44238,8938003.397999955,75866,117.81303084385569,1.0850155762580995,0.009674953206970184,22.265181487439296,17.451269443159042,7051.833517897276,3525.9167589486033
2,56441,151732,5.376658811856629,17876006.796000086,117.81303084385684,2.6930422919508867,0,0.0,44238,8938003.397999955,75866,117.81303084385569,1.0850155762580995,0.009674953206970184,22.265181487439296,17.451269443159042,7051.833517897276,3525.9167589486033
3,56441,151732,5.376658811856629,17876006.796000086,117.81303084385684,2.6930422919508867,37255,0.6600698074095073,44238,8938003.397999955,75866,117.81303084385569,1.0850155762580995,0.009674953206970184,22.265181487439296,17.451269443159042,7051.833517897276,3525.9167589486033
4,56441,151732,5.376658811856629,17876006.796000086,117.81303084385684,2.6930422919508867,6892,0.12210981378784926,44238,8938003.397999955,75866,117.81303084385569,1.0850155762580995,0.009674953206970184,22.265181487439296,17.451269443159042,7051.833517897276,3525.9167589486033
5,56441,151732,5.376658811856629,17876006.796000086,117.81303084385684,2.6930422919508867,84,0.0014882797966017612,44238,8938003.397999955,75866,117.81303084385569,1.0850155762580995,0.009674953206970184,22.265181487439296,17.451269443159042,7051.833517897276,3525.9167589486033
6,56441,151732,5.376658811856629,17876006.796000086,117.81303084385684,2.6930422919508867,7,0.00012402331638348009,44238,8938003.397999955,75866,117.81303084385569,1.0850155762580995,0.009674953206970184,22.265181487439296,17.451269443159042,7051.833517897276,3525.9167589486033
