,n,m,k_avg,edge_length_total,edge_length_avg,streets_per_node_avg,streets_per_node_counts,streets_per_node_proportions,intersection_count,street_length_total,street_segment_count,street_length_avg,circuity_avg,self_loop_proportion,node_density_km,intersection_density_km,edge_density_km,street_density_km
0,11672,29398,5.037354352296093,10431360.404000064,354.83231525954363,2.5281871144619603,0,0.0,8298,5215680.202000002,14699,354.83231525954164,1.0975230346718472,0.008299884345873868,3.0843026704250542,2.1927299142552346,2756.466136927996,1378.23306846399
1,11672,29398,5.037354352296093,10431360.404000064,354.83231525954363,2.5281871144619603,3374,0.2890678546949966,8298,5215680.202000002,14699,354.83231525954164,1.0975230346718472,0.008299884345873868,3.0843026704250542,2.1927299142552346,2756.466136927996,1378.23306846399
2,11672,29398,5.037354352296093,10431360.404000064,354.83231525954363,2.5281871144619603,2,0.00017135023989033586,8298,5215680.202000002,14699,354.83231525954164,1.0975230346718472,0.008299884345873868,3.0843026704250542,2.1927299142552346,2756.466136927996,1378.23306846399
3,11672,29398,5.037354352296093,10431360.404000064,354.83231525954363,2.5281871144619603,7067,0.6054660726525017,8298,5215680.202000002,14699,354.83231525954164,1.0975230346718472,0.008299884345873868,3.0843026704250542,2.1927299142552346,2756.466136927996,1378.23306846399
4,11672,29398,5.037354352296093,10431360.404000064,354.83231525954363,2.5281871144619603,1217,0.10426662097326936,8298,5215680.202000002,14699,354.83231525954164,1.0975230346718472,0.008299884345873868,3.0843026704250542,2.1927299142552346,2756.466136927996,1378.23306846399
5,11672,29398,5.037354352296093,10431360.404000064,354.83231525954363,2.5281871144619603,10,0.0008567511994516792,8298,5215680.202000002,14699,354.83231525954164,1.0975230346718472,0.008299884345873868,3.0843026704250542,2.1927299142552346,2756.466136927996,1378.23306846399
6,11672,29398,5.037354352296093,10431360.404000064,354.83231525954363,2.5281871144619603,2,0.00017135023989033586,8298,5215680.202000002,14699,354.83231525954164,1.0975230346718472,0.008299884345873868,3.0843026704250542,2.1927299142552346,2756.466136927996,1378.23306846399
