,n,m,k_avg,edge_length_total,edge_length_avg,streets_per_node_avg,streets_per_node_counts,streets_per_node_proportions,intersection_count,street_length_total,street_segment_count,street_length_avg,circuity_avg,self_loop_proportion,node_density_km,intersection_density_km,edge_density_km,street_density_km
0,35627,88710,4.979930951244842,14582174.337999962,164.38027660917555,2.494428382967974,0,0.0,24829,7291087.169000026,44355,164.38027660917655,1.0965585287633486,0.016773757186337505,9.858345703994585,6.870431568318454,4035.032861030174,2017.5164305150993
1,35627,88710,4.979930951244842,14582174.337999962,164.38027660917555,2.494428382967974,10798,0.30308473910236616,24829,7291087.169000026,44355,164.38027660917655,1.0965585287633486,0.016773757186337505,9.858345703994585,6.870431568318454,4035.032861030174,2017.5164305150993
2,35627,88710,4.979930951244842,14582174.337999962,164.38027660917555,2.494428382967974,0,0.0,24829,7291087.169000026,44355,164.38027660917655,1.0965585287633486,0.016773757186337505,9.858345703994585,6.870431568318454,4035.032861030174,2017.5164305150993
3,35627,88710,4.979930951244842,14582174.337999962,164.38027660917555,2.494428382967974,21302,0.5979173099054088,24829,7291087.169000026,44355,164.38027660917655,1.0965585287633486,0.016773757186337505,9.858345703994585,6.870431568318454,4035.032861030174,2017.5164305150993
4,35627,88710,4.979930951244842,14582174.337999962,164.38027660917555,2.494428382967974,3474,0.09751031521037415,24829,7291087.169000026,44355,164.38027660917655,1.0965585287633486,0.016773757186337505,9.858345703994585,6.870431568318454,4035.032861030174,2017.5164305150993
5,35627,88710,4.979930951244842,14582174.337999962,164.38027660917555,2.494428382967974,51,0.0014314985825357174,24829,7291087.169000026,44355,164.38027660917655,1.0965585287633486,0.016773757186337505,9.858345703994585,6.870431568318454,4035.032861030174,2017.5164305150993
6,35627,88710,4.979930951244842,14582174.337999962,164.38027660917555,2.494428382967974,0,0.0,24829,7291087.169000026,44355,164.38027660917655,1.0965585287633486,0.016773757186337505,9.858345703994585,6.870431568318454,4035.032861030174,2017.5164305150993
7,35627,88710,4.979930951244842,14582174.337999962,164.38027660917555,2.494428382967974,2,5.6137199315126166e-05,24829,7291087.169000026,44355,164.38027660917655,1.0965585287633486,0.016773757186337505,9.858345703994585,6.870431568318454,4035.032861030174,2017.5164305150993
