,n,m,k_avg,edge_length_total,edge_length_avg,streets_per_node_avg,streets_per_node_counts,streets_per_node_proportions,intersection_count,street_length_total,street_segment_count,street_length_avg,circuity_avg,self_loop_proportion,node_density_km,intersection_density_km,edge_density_km,street_density_km
0,15847,48646,6.139458572600492,3974151.5299999807,81.6953404185335,3.074903767274563,0,0.0,13828,1987075.7650000004,24323,81.69534041853392,1.1324053991475171,0.004358015047485919,38.88942368669836,33.93468484505994,9752.789969414387,4876.394984707218
1,15847,48646,6.139458572600492,3974151.5299999807,81.6953404185335,3.074903767274563,2019,0.12740581813592478,13828,1987075.7650000004,24323,81.69534041853392,1.1324053991475171,0.004358015047485919,38.88942368669836,33.93468484505994,9752.789969414387,4876.394984707218
2,15847,48646,6.139458572600492,3974151.5299999807,81.6953404185335,3.074903767274563,0,0.0,13828,1987075.7650000004,24323,81.69534041853392,1.1324053991475171,0.004358015047485919,38.88942368669836,33.93468484505994,9752.789969414387,4876.394984707218
3,15847,48646,6.139458572600492,3974151.5299999807,81.6953404185335,3.074903767274563,8636,0.5449611913926926,13828,1987075.7650000004,24323,81.69534041853392,1.1324053991475171,0.004358015047485919,38.88942368669836,33.93468484505994,9752.789969414387,4876.394984707218
4,15847,48646,6.139458572600492,3974151.5299999807,81.6953404185335,3.074903767274563,5159,0.3255505773963526,13828,1987075.7650000004,24323,81.69534041853392,1.1324053991475171,0.004358015047485919,38.88942368669836,33.93468484505994,9752.789969414387,4876.394984707218
5,15847,48646,6.139458572600492,3974151.5299999807,81.6953404185335,3.074903767274563,33,0.002082413075029974,13828,1987075.7650000004,24323,81.69534041853392,1.1324053991475171,0.004358015047485919,38.88942368669836,33.93468484505994,9752.789969414387,4876.394984707218
