,n,m,k_avg,edge_length_total,edge_length_avg,streets_per_node_avg,streets_per_node_counts,streets_per_node_proportions,intersection_count,street_length_total,street_segment_count,street_length_avg,circuity_avg,self_loop_proportion,node_density_km,intersection_density_km,edge_density_km,street_density_km
0,15045,42088,5.594948487869724,27077248.599999752,643.3484271051072,2.8115653040877366,0,0.0,12458,13538624.299999975,21044,643.3484271051119,1.1125639366695952,0.005084584679718685,1.0808566951727954,0.8950025063783772,1945.272544776865,972.6362723884396
1,15045,42088,5.594948487869724,27077248.599999752,643.3484271051072,2.8115653040877366,2587,0.1719508142239947,12458,13538624.299999975,21044,643.3484271051119,1.1125639366695952,0.005084584679718685,1.0808566951727954,0.8950025063783772,1945.272544776865,972.6362723884396
2,15045,42088,5.594948487869724,27077248.599999752,643.3484271051072,2.8115653040877366,0,0.0,12458,13538624.299999975,21044,643.3484271051119,1.1125639366695952,0.005084584679718685,1.0808566951727954,0.8950025063783772,1945.272544776865,972.6362723884396
3,15045,42088,5.594948487869724,27077248.599999752,643.3484271051072,2.8115653040877366,10144,0.6742439348620805,12458,13538624.299999975,21044,643.3484271051119,1.1125639366695952,0.005084584679718685,1.0808566951727954,0.8950025063783772,1945.272544776865,972.6362723884396
4,15045,42088,5.594948487869724,27077248.599999752,643.3484271051072,2.8115653040877366,2291,0.15227650382186772,12458,13538624.299999975,21044,643.3484271051119,1.1125639366695952,0.005084584679718685,1.0808566951727954,0.8950025063783772,1945.272544776865,972.6362723884396
5,15045,42088,5.594948487869724,27077248.599999752,643.3484271051072,2.8115653040877366,21,0.0013958125623130609,12458,13538624.299999975,21044,643.3484271051119,1.1125639366695952,0.005084584679718685,1.0808566951727954,0.8950025063783772,1945.272544776865,972.6362723884396
6,15045,42088,5.594948487869724,27077248.599999752,643.3484271051072,2.8115653040877366,2,0.00013293452974410104,12458,13538624.299999975,21044,643.3484271051119,1.1125639366695952,0.005084584679718685,1.0808566951727954,0.8950025063783772,1945.272544776865,972.6362723884396
