,n,m,k_avg,edge_length_total,edge_length_avg,streets_per_node_avg,streets_per_node_counts,streets_per_node_proportions,intersection_count,street_length_total,street_segment_count,street_length_avg,circuity_avg,self_loop_proportion,node_density_km,intersection_density_km,edge_density_km,street_density_km
0,23838,60298,5.058981458176022,10597490.934000066,175.75194756045084,2.5357832032888665,0,0.0,17330,5298745.466999984,30149,175.75194756044925,1.1004784209090215,0.012338717702079671,11.901946655974715,8.652602380570594,5291.164182550736,2645.582091275344
1,23838,60298,5.058981458176022,10597490.934000066,175.75194756045084,2.5357832032888665,6508,0.2730094806611293,17330,5298745.466999984,30149,175.75194756044925,1.1004784209090215,0.012338717702079671,11.901946655974715,8.652602380570594,5291.164182550736,2645.582091275344
2,23838,60298,5.058981458176022,10597490.934000066,175.75194756045084,2.5357832032888665,0,0.0,17330,5298745.466999984,30149,175.75194756044925,1.1004784209090215,0.012338717702079671,11.901946655974715,8.652602380570594,5291.164182550736,2645.582091275344
3,23838,60298,5.058981458176022,10597490.934000066,175.75194756045084,2.5357832032888665,15425,0.6470760969880024,17330,5298745.466999984,30149,175.75194756044925,1.1004784209090215,0.012338717702079671,11.901946655974715,8.652602380570594,5291.164182550736,2645.582091275344
4,23838,60298,5.058981458176022,10597490.934000066,175.75194756045084,2.5357832032888665,1864,0.07819447940263445,17330,5298745.466999984,30149,175.75194756044925,1.1004784209090215,0.012338717702079671,11.901946655974715,8.652602380570594,5291.164182550736,2645.582091275344
5,23838,60298,5.058981458176022,10597490.934000066,175.75194756045084,2.5357832032888665,37,0.0015521436362110916,17330,5298745.466999984,30149,175.75194756044925,1.1004784209090215,0.012338717702079671,11.901946655974715,8.652602380570594,5291.164182550736,2645.582091275344
6,23838,60298,5.058981458176022,10597490.934000066,175.75194756045084,2.5357832032888665,4,0.00016779931202282072,17330,5298745.466999984,30149,175.75194756044925,1.1004784209090215,0.012338717702079671,11.901946655974715,8.652602380570594,5291.164182550736,2645.582091275344
