,n,m,k_avg,edge_length_total,edge_length_avg,streets_per_node_avg,streets_per_node_counts,streets_per_node_proportions,intersection_count,street_length_total,street_segment_count,street_length_avg,circuity_avg,self_loop_proportion,node_density_km,intersection_density_km,edge_density_km,street_density_km
0,41921,105318,5.024593878962811,22764783.12399999,216.1528240566664,2.5181412657140814,0,0.0,29263,11382391.562000036,52659,216.15282405666716,1.1712085994323072,0.007102299701855334,6.070594017838487,4.23758480818701,3296.575851004148,1648.2879255020798
1,41921,105318,5.024593878962811,22764783.12399999,216.1528240566664,2.5181412657140814,12658,0.3019489038906515,29263,11382391.562000036,52659,216.15282405666716,1.1712085994323072,0.007102299701855334,6.070594017838487,4.23758480818701,3296.575851004148,1648.2879255020798
2,41921,105318,5.024593878962811,22764783.12399999,216.1528240566664,2.5181412657140814,0,0.0,29263,11382391.562000036,52659,216.15282405666716,1.1712085994323072,0.007102299701855334,6.070594017838487,4.23758480818701,3296.575851004148,1648.2879255020798
3,41921,105318,5.024593878962811,22764783.12399999,216.1528240566664,2.5181412657140814,24192,0.5770854702893538,29263,11382391.562000036,52659,216.15282405666716,1.1712085994323072,0.007102299701855334,6.070594017838487,4.23758480818701,3296.575851004148,1648.2879255020798
4,41921,105318,5.024593878962811,22764783.12399999,216.1528240566664,2.5181412657140814,5027,0.11991603253739176,29263,11382391.562000036,52659,216.15282405666716,1.1712085994323072,0.007102299701855334,6.070594017838487,4.23758480818701,3296.575851004148,1648.2879255020798
5,41921,105318,5.024593878962811,22764783.12399999,216.1528240566664,2.5181412657140814,43,0.0010257388898165596,29263,11382391.562000036,52659,216.15282405666716,1.1712085994323072,0.007102299701855334,6.070594017838487,4.23758480818701,3296.575851004148,1648.2879255020798
6,41921,105318,5.024593878962811,22764783.12399999,216.1528240566664,2.5181412657140814,1,2.385439278643162e-05,29263,11382391.562000036,52659,216.15282405666716,1.1712085994323072,0.007102299701855334,6.070594017838487,4.23758480818701,3296.575851004148,1648.2879255020798
