,n,m,k_avg,edge_length_total,edge_length_avg,streets_per_node_avg,streets_per_node_counts,streets_per_node_proportions,intersection_count,street_length_total,street_segment_count,street_length_avg,circuity_avg,self_loop_proportion,node_density_km,intersection_density_km,edge_density_km,street_density_km
0,19025,53654,5.640367936925099,13765573.814000092,256.56193040593604,2.825597897503285,0,0.0,15624,6882786.906999965,26827,256.561930405933,1.0900024560494705,0.008461624482797182,2.735264869231513,2.2462958379433986,1979.1059373586177,989.5529686792972
1,19025,53654,5.640367936925099,13765573.814000092,256.56193040593604,2.825597897503285,3401,0.17876478318002628,15624,6882786.906999965,26827,256.561930405933,1.0900024560494705,0.008461624482797182,2.735264869231513,2.2462958379433986,1979.1059373586177,989.5529686792972
2,19025,53654,5.640367936925099,13765573.814000092,256.56193040593604,2.825597897503285,0,0.0,15624,6882786.906999965,26827,256.561930405933,1.0900024560494705,0.008461624482797182,2.735264869231513,2.2462958379433986,1979.1059373586177,989.5529686792972
3,19025,53654,5.640367936925099,13765573.814000092,256.56193040593604,2.825597897503285,12184,0.6404204993429697,15624,6882786.906999965,26827,256.561930405933,1.0900024560494705,0.008461624482797182,2.735264869231513,2.2462958379433986,1979.1059373586177,989.5529686792972
4,19025,53654,5.640367936925099,13765573.814000092,256.56193040593604,2.825597897503285,3399,0.17865965834428385,15624,6882786.906999965,26827,256.561930405933,1.0900024560494705,0.008461624482797182,2.735264869231513,2.2462958379433986,1979.1059373586177,989.5529686792972
5,19025,53654,5.640367936925099,13765573.814000092,256.56193040593604,2.825597897503285,38,0.001997371879106439,15624,6882786.906999965,26827,256.561930405933,1.0900024560494705,0.008461624482797182,2.735264869231513,2.2462958379433986,1979.1059373586177,989.5529686792972
6,19025,53654,5.640367936925099,13765573.814000092,256.56193040593604,2.825597897503285,3,0.00015768725361366622,15624,6882786.906999965,26827,256.561930405933,1.0900024560494705,0.008461624482797182,2.735264869231513,2.2462958379433986,1979.1059373586177,989.5529686792972
