,n,m,k_avg,edge_length_total,edge_length_avg,streets_per_node_avg,streets_per_node_counts,streets_per_node_proportions,intersection_count,street_length_total,street_segment_count,street_length_avg,circuity_avg,self_loop_proportion,node_density_km,intersection_density_km,edge_density_km,street_density_km
0,25174,64772,5.145944228171923,14719973.164000196,227.2582777125949,2.576944466513069,0,0.0,18272,7359986.582000003,32386,227.25827771259196,1.1700380129074575,0.009819057617489038,5.798008053702129,4.208357954923544,3390.2646760607113,1695.1323380303338
1,25174,64772,5.145944228171923,14719973.164000196,227.2582777125949,2.576944466513069,6902,0.27417176451894815,18272,7359986.582000003,32386,227.25827771259196,1.1700380129074575,0.009819057617489038,5.798008053702129,4.208357954923544,3390.2646760607113,1695.1323380303338
2,25174,64772,5.145944228171923,14719973.164000196,227.2582777125949,2.576944466513069,0,0.0,18272,7359986.582000003,32386,227.25827771259196,1.1700380129074575,0.009819057617489038,5.798008053702129,4.208357954923544,3390.2646760607113,1695.1323380303338
3,25174,64772,5.145944228171923,14719973.164000196,227.2582777125949,2.576944466513069,15163,0.6023277985222849,18272,7359986.582000003,32386,227.25827771259196,1.1700380129074575,0.009819057617489038,5.798008053702129,4.208357954923544,3390.2646760607113,1695.1323380303338
4,25174,64772,5.145944228171923,14719973.164000196,227.2582777125949,2.576944466513069,3067,0.1218320489393819,18272,7359986.582000003,32386,227.25827771259196,1.1700380129074575,0.009819057617489038,5.798008053702129,4.208357954923544,3390.2646760607113,1695.1323380303338
5,25174,64772,5.145944228171923,14719973.164000196,227.2582777125949,2.576944466513069,40,0.0015889409708429332,18272,7359986.582000003,32386,227.25827771259196,1.1700380129074575,0.009819057617489038,5.798008053702129,4.208357954923544,3390.2646760607113,1695.1323380303338
6,25174,64772,5.145944228171923,14719973.164000196,227.2582777125949,2.576944466513069,1,3.972352427107333e-05,18272,7359986.582000003,32386,227.25827771259196,1.1700380129074575,0.009819057617489038,5.798008053702129,4.208357954923544,3390.2646760607113,1695.1323380303338
7,25174,64772,5.145944228171923,14719973.164000196,227.2582777125949,2.576944466513069,1,3.972352427107333e-05,18272,7359986.582000003,32386,227.25827771259196,1.1700380129074575,0.009819057617489038,5.798008053702129,4.208357954923544,3390.2646760607113,1695.1323380303338
