,n,m,k_avg,edge_length_total,edge_length_avg,streets_per_node_avg,streets_per_node_counts,streets_per_node_proportions,intersection_count,street_length_total,street_segment_count,street_length_avg,circuity_avg,self_loop_proportion,node_density_km,intersection_density_km,edge_density_km,street_density_km
0,17265,41712,4.831972198088619,8345408.198000049,200.0721182873046,2.42241529105126,0,0.0,11698,4172704.0989999864,20856,200.07211828730277,1.1626891726919926,0.008486766398158803,8.61261161317269,5.835524509174291,4163.090620490113,2081.5453102450374
1,17265,41712,4.831972198088619,8345408.198000049,200.0721182873046,2.42241529105126,5567,0.3224442513756154,11698,4172704.0989999864,20856,200.07211828730277,1.1626891726919926,0.008486766398158803,8.61261161317269,5.835524509174291,4163.090620490113,2081.5453102450374
2,17265,41712,4.831972198088619,8345408.198000049,200.0721182873046,2.42241529105126,0,0.0,11698,4172704.0989999864,20856,200.07211828730277,1.1626891726919926,0.008486766398158803,8.61261161317269,5.835524509174291,4163.090620490113,2081.5453102450374
3,17265,41712,4.831972198088619,8345408.198000049,200.0721182873046,2.42241529105126,10562,0.6117578916883869,11698,4172704.0989999864,20856,200.07211828730277,1.1626891726919926,0.008486766398158803,8.61261161317269,5.835524509174291,4163.090620490113,2081.5453102450374
4,17265,41712,4.831972198088619,8345408.198000049,200.0721182873046,2.42241529105126,1111,0.06434984071821605,11698,4172704.0989999864,20856,200.07211828730277,1.1626891726919926,0.008486766398158803,8.61261161317269,5.835524509174291,4163.090620490113,2081.5453102450374
5,17265,41712,4.831972198088619,8345408.198000049,200.0721182873046,2.42241529105126,24,0.0013900955690703736,11698,4172704.0989999864,20856,200.07211828730277,1.1626891726919926,0.008486766398158803,8.61261161317269,5.835524509174291,4163.090620490113,2081.5453102450374
6,17265,41712,4.831972198088619,8345408.198000049,200.0721182873046,2.42241529105126,1,5.792064871126557e-05,11698,4172704.0989999864,20856,200.07211828730277,1.1626891726919926,0.008486766398158803,8.61261161317269,5.835524509174291,4163.090620490113,2081.5453102450374
