,n,m,k_avg,edge_length_total,edge_length_avg,streets_per_node_avg,streets_per_node_counts,streets_per_node_proportions,intersection_count,street_length_total,street_segment_count,street_length_avg,circuity_avg,self_loop_proportion,node_density_km,intersection_density_km,edge_density_km,street_density_km
0,28969,74332,5.131830577513894,14456486.452000024,194.48536904697875,2.5697814905588734,0,0.0,21168,7228243.225999934,37166,194.48536904697664,1.2406580791319268,0.01708550826023785,8.551413881493103,6.2486219421949665,4267.4375685474115,2133.7187842736826
1,28969,74332,5.131830577513894,14456486.452000024,194.48536904697875,2.5697814905588734,7801,0.2692878594359488,21168,7228243.225999934,37166,194.48536904697664,1.2406580791319268,0.01708550826023785,8.551413881493103,6.2486219421949665,4267.4375685474115,2133.7187842736826
2,28969,74332,5.131830577513894,14456486.452000024,194.48536904697875,2.5697814905588734,0,0.0,21168,7228243.225999934,37166,194.48536904697664,1.2406580791319268,0.01708550826023785,8.551413881493103,6.2486219421949665,4267.4375685474115,2133.7187842736826
3,28969,74332,5.131830577513894,14456486.452000024,194.48536904697875,2.5697814905588734,18071,0.6238047568090027,21168,7228243.225999934,37166,194.48536904697664,1.2406580791319268,0.01708550826023785,8.551413881493103,6.2486219421949665,4267.4375685474115,2133.7187842736826
4,28969,74332,5.131830577513894,14456486.452000024,194.48536904697875,2.5697814905588734,3058,0.10556111705616349,21168,7228243.225999934,37166,194.48536904697664,1.2406580791319268,0.01708550826023785,8.551413881493103,6.2486219421949665,4267.4375685474115,2133.7187842736826
5,28969,74332,5.131830577513894,14456486.452000024,194.48536904697875,2.5697814905588734,36,0.0012427077220477061,21168,7228243.225999934,37166,194.48536904697664,1.2406580791319268,0.01708550826023785,8.551413881493103,6.2486219421949665,4267.4375685474115,2133.7187842736826
6,28969,74332,5.131830577513894,14456486.452000024,194.48536904697875,2.5697814905588734,3,0.00010355897683730885,21168,7228243.225999934,37166,194.48536904697664,1.2406580791319268,0.01708550826023785,8.551413881493103,6.2486219421949665,4267.4375685474115,2133.7187842736826
