,n,m,k_avg,edge_length_total,edge_length_avg,streets_per_node_avg,streets_per_node_counts,streets_per_node_proportions,intersection_count,street_length_total,street_segment_count,street_length_avg,circuity_avg,self_loop_proportion,node_density_km,intersection_density_km,edge_density_km,street_density_km
0,31071,84712,5.452801647838821,16858144.433999963,199.00538806780577,2.7286859129091434,0,0.0,24397,8429072.21699994,42356,199.0053880678048,1.0949583142946904,0.00885352724525451,5.619828754287198,4.412698726090077,3049.141798916021,1524.570899458003
1,31071,84712,5.452801647838821,16858144.433999963,199.00538806780577,2.7286859129091434,6674,0.21479836503492003,24397,8429072.21699994,42356,199.0053880678048,1.0949583142946904,0.00885352724525451,5.619828754287198,4.412698726090077,3049.141798916021,1524.570899458003
2,31071,84712,5.452801647838821,16858144.433999963,199.00538806780577,2.7286859129091434,0,0.0,24397,8429072.21699994,42356,199.0053880678048,1.0949583142946904,0.00885352724525451,5.619828754287198,4.412698726090077,3049.141798916021,1524.570899458003
3,31071,84712,5.452801647838821,16858144.433999963,199.00538806780577,2.7286859129091434,19585,0.6303305332947121,24397,8429072.21699994,42356,199.0053880678048,1.0949583142946904,0.00885352724525451,5.619828754287198,4.412698726090077,3049.141798916021,1524.570899458003
4,31071,84712,5.452801647838821,16858144.433999963,199.00538806780577,2.7286859129091434,4713,0.15168485082552863,24397,8429072.21699994,42356,199.0053880678048,1.0949583142946904,0.00885352724525451,5.619828754287198,4.412698726090077,3049.141798916021,1524.570899458003
5,31071,84712,5.452801647838821,16858144.433999963,199.00538806780577,2.7286859129091434,92,0.0029609603810627273,24397,8429072.21699994,42356,199.0053880678048,1.0949583142946904,0.00885352724525451,5.619828754287198,4.412698726090077,3049.141798916021,1524.570899458003
6,31071,84712,5.452801647838821,16858144.433999963,199.00538806780577,2.7286859129091434,7,0.00022529046377651186,24397,8429072.21699994,42356,199.0053880678048,1.0949583142946904,0.00885352724525451,5.619828754287198,4.412698726090077,3049.141798916021,1524.570899458003
