,n,m,k_avg,edge_length_total,edge_length_avg,streets_per_node_avg,streets_per_node_counts,streets_per_node_proportions,intersection_count,street_length_total,street_segment_count,street_length_avg,circuity_avg,self_loop_proportion,node_density_km,intersection_density_km,edge_density_km,street_density_km
0,120049,332796,5.544336062774367,37715391.37599942,113.32886025072243,2.7734091912469077,0,0.0,95384,18857695.68799971,166398,113.32886025072243,1.128862094318364,0.01033666270027284,17.2533906317564,13.708547443289426,5420.439822403306,2710.219911201653
1,120049,332796,5.544336062774367,37715391.37599942,113.32886025072243,2.7734091912469077,24665,0.20545777141000757,95384,18857695.68799971,166398,113.32886025072243,1.128862094318364,0.01033666270027284,17.2533906317564,13.708547443289426,5420.439822403306,2710.219911201653
2,120049,332796,5.544336062774367,37715391.37599942,113.32886025072243,2.7734091912469077,19,0.00015826870694466425,95384,18857695.68799971,166398,113.32886025072243,1.128862094318364,0.01033666270027284,17.2533906317564,13.708547443289426,5420.439822403306,2710.219911201653
3,120049,332796,5.544336062774367,37715391.37599942,113.32886025072243,2.7734091912469077,73772,0.614515739406409,95384,18857695.68799971,166398,113.32886025072243,1.128862094318364,0.01033666270027284,17.2533906317564,13.708547443289426,5420.439822403306,2710.219911201653
4,120049,332796,5.544336062774367,37715391.37599942,113.32886025072243,2.7734091912469077,21094,0.17571158443635515,95384,18857695.68799971,166398,113.32886025072243,1.128862094318364,0.01033666270027284,17.2533906317564,13.708547443289426,5420.439822403306,2710.219911201653
5,120049,332796,5.544336062774367,37715391.37599942,113.32886025072243,2.7734091912469077,444,0.00369848978333847,95384,18857695.68799971,166398,113.32886025072243,1.128862094318364,0.01033666270027284,17.2533906317564,13.708547443289426,5420.439822403306,2710.219911201653
6,120049,332796,5.544336062774367,37715391.37599942,113.32886025072243,2.7734091912469077,55,0.00045814625694508076,95384,18857695.68799971,166398,113.32886025072243,1.128862094318364,0.01033666270027284,17.2533906317564,13.708547443289426,5420.439822403306,2710.219911201653
