,n,m,k_avg,edge_length_total,edge_length_avg,streets_per_node_avg,streets_per_node_counts,streets_per_node_proportions,intersection_count,street_length_total,street_segment_count,street_length_avg,circuity_avg,self_loop_proportion,node_density_km,intersection_density_km,edge_density_km,street_density_km
0,45440,115344,5.076760563380281,18305515.111999966,158.70366132611983,2.5420334507042255,0,0.0,33020,9152757.55600009,57672,158.70366132612168,1.1096405201625545,0.02441392703564988,10.139043442849172,7.367764403232386,4084.516130376313,2042.2580651881801
1,45440,115344,5.076760563380281,18305515.111999966,158.70366132611983,2.5420334507042255,12420,0.2733274647887324,33020,9152757.55600009,57672,158.70366132612168,1.1096405201625545,0.02441392703564988,10.139043442849172,7.367764403232386,4084.516130376313,2042.2580651881801
2,45440,115344,5.076760563380281,18305515.111999966,158.70366132611983,2.5420334507042255,2,4.4014084507042256e-05,33020,9152757.55600009,57672,158.70366132612168,1.1096405201625545,0.02441392703564988,10.139043442849172,7.367764403232386,4084.516130376313,2042.2580651881801
3,45440,115344,5.076760563380281,18305515.111999966,158.70366132611983,2.5420334507042255,29079,0.6399427816901408,33020,9152757.55600009,57672,158.70366132612168,1.1096405201625545,0.02441392703564988,10.139043442849172,7.367764403232386,4084.516130376313,2042.2580651881801
4,45440,115344,5.076760563380281,18305515.111999966,158.70366132611983,2.5420334507042255,3859,0.08492517605633802,33020,9152757.55600009,57672,158.70366132612168,1.1096405201625545,0.02441392703564988,10.139043442849172,7.367764403232386,4084.516130376313,2042.2580651881801
5,45440,115344,5.076760563380281,18305515.111999966,158.70366132611983,2.5420334507042255,67,0.0014744718309859155,33020,9152757.55600009,57672,158.70366132612168,1.1096405201625545,0.02441392703564988,10.139043442849172,7.367764403232386,4084.516130376313,2042.2580651881801
6,45440,115344,5.076760563380281,18305515.111999966,158.70366132611983,2.5420334507042255,13,0.00028609154929577465,33020,9152757.55600009,57672,158.70366132612168,1.1096405201625545,0.02441392703564988,10.139043442849172,7.367764403232386,4084.516130376313,2042.2580651881801
