,n,m,k_avg,edge_length_total,edge_length_avg,streets_per_node_avg,streets_per_node_counts,streets_per_node_proportions,intersection_count,street_length_total,street_segment_count,street_length_avg,circuity_avg,self_loop_proportion,node_density_km,intersection_density_km,edge_density_km,street_density_km
0,58753,167244,5.693122053341957,24810459.35399926,148.34887561885185,2.8492842918659473,0,0.0,48136,12405229.677000046,83622,148.34887561885682,1.1107067402634427,0.009076558800315706,9.77759203650469,8.010725754756177,4128.921924015564,2064.4609620078513
1,58753,167244,5.693122053341957,24810459.35399926,148.34887561885185,2.8492842918659473,10617,0.18070566609364627,48136,12405229.677000046,83622,148.34887561885682,1.1107067402634427,0.009076558800315706,9.77759203650469,8.010725754756177,4128.921924015564,2064.4609620078513
2,58753,167244,5.693122053341957,24810459.35399926,148.34887561885185,2.8492842918659473,0,0.0,48136,12405229.677000046,83622,148.34887561885682,1.1107067402634427,0.009076558800315706,9.77759203650469,8.010725754756177,4128.921924015564,2064.4609620078513
3,58753,167244,5.693122053341957,24810459.35399926,148.34887561885185,2.8492842918659473,35963,0.6121049137916361,48136,12405229.677000046,83622,148.34887561885682,1.1107067402634427,0.009076558800315706,9.77759203650469,8.010725754756177,4128.921924015564,2064.4609620078513
4,58753,167244,5.693122053341957,24810459.35399926,148.34887561885185,2.8492842918659473,11987,0.20402362432556637,48136,12405229.677000046,83622,148.34887561885682,1.1107067402634427,0.009076558800315706,9.77759203650469,8.010725754756177,4128.921924015564,2064.4609620078513
5,58753,167244,5.693122053341957,24810459.35399926,148.34887561885185,2.8492842918659473,168,0.002859428454717206,48136,12405229.677000046,83622,148.34887561885682,1.1107067402634427,0.009076558800315706,9.77759203650469,8.010725754756177,4128.921924015564,2064.4609620078513
6,58753,167244,5.693122053341957,24810459.35399926,148.34887561885185,2.8492842918659473,16,0.00027232651949687676,48136,12405229.677000046,83622,148.34887561885682,1.1107067402634427,0.009076558800315706,9.77759203650469,8.010725754756177,4128.921924015564,2064.4609620078513
7,58753,167244,5.693122053341957,24810459.35399926,148.34887561885185,2.8492842918659473,2,3.4040814937109595e-05,48136,12405229.677000046,83622,148.34887561885682,1.1107067402634427,0.009076558800315706,9.77759203650469,8.010725754756177,4128.921924015564,2064.4609620078513
