,n,m,k_avg,edge_length_total,edge_length_avg,streets_per_node_avg,streets_per_node_counts,streets_per_node_proportions,intersection_count,street_length_total,street_segment_count,street_length_avg,circuity_avg,self_loop_proportion,node_density_km,intersection_density_km,edge_density_km,street_density_km
0,20368,52250,5.130597014925373,8985768.724000037,171.9764349090916,2.570208169677926,0,0.0,14720,4492884.362000026,26125,171.9764349090919,1.144801696562014,0.01182775119617225,10.385995964315677,7.505982943574566,4581.999101715358,2290.999550857683
1,20368,52250,5.130597014925373,8985768.724000037,171.9764349090916,2.570208169677926,5648,0.27729772191673213,14720,4492884.362000026,26125,171.9764349090919,1.144801696562014,0.01182775119617225,10.385995964315677,7.505982943574566,4581.999101715358,2290.999550857683
2,20368,52250,5.130597014925373,8985768.724000037,171.9764349090916,2.570208169677926,0,0.0,14720,4492884.362000026,26125,171.9764349090919,1.144801696562014,0.01182775119617225,10.385995964315677,7.505982943574566,4581.999101715358,2290.999550857683
3,20368,52250,5.130597014925373,8985768.724000037,171.9764349090916,2.570208169677926,12218,0.5998625294579732,14720,4492884.362000026,26125,171.9764349090919,1.144801696562014,0.01182775119617225,10.385995964315677,7.505982943574566,4581.999101715358,2290.999550857683
4,20368,52250,5.130597014925373,8985768.724000037,171.9764349090916,2.570208169677926,2463,0.12092498036135114,14720,4492884.362000026,26125,171.9764349090919,1.144801696562014,0.01182775119617225,10.385995964315677,7.505982943574566,4581.999101715358,2290.999550857683
5,20368,52250,5.130597014925373,8985768.724000037,171.9764349090916,2.570208169677926,38,0.0018656716417910447,14720,4492884.362000026,26125,171.9764349090919,1.144801696562014,0.01182775119617225,10.385995964315677,7.505982943574566,4581.999101715358,2290.999550857683
6,20368,52250,5.130597014925373,8985768.724000037,171.9764349090916,2.570208169677926,1,4.909662215239592e-05,14720,4492884.362000026,26125,171.9764349090919,1.144801696562014,0.01182775119617225,10.385995964315677,7.505982943574566,4581.999101715358,2290.999550857683
