,n,m,k_avg,edge_length_total,edge_length_avg,streets_per_node_avg,streets_per_node_counts,streets_per_node_proportions,intersection_count,street_length_total,street_segment_count,street_length_avg,circuity_avg,self_loop_proportion,node_density_km,intersection_density_km,edge_density_km,street_density_km
0,13588,34374,5.059464233146894,7302116.298000038,212.4313812183638,2.5356932587577274,0,0.0,10007,3651058.1490000035,17187,212.43138121836293,1.14962848198704,0.011345784604643043,8.224890098922206,6.057291376208015,4420.010600573961,2210.005300286971
1,13588,34374,5.059464233146894,7302116.298000038,212.4313812183638,2.5356932587577274,3581,0.26354136002355016,10007,3651058.1490000035,17187,212.43138121836293,1.14962848198704,0.011345784604643043,8.224890098922206,6.057291376208015,4420.010600573961,2210.005300286971
2,13588,34374,5.059464233146894,7302116.298000038,212.4313812183638,2.5356932587577274,0,0.0,10007,3651058.1490000035,17187,212.43138121836293,1.14962848198704,0.011345784604643043,8.224890098922206,6.057291376208015,4420.010600573961,2210.005300286971
3,13588,34374,5.059464233146894,7302116.298000038,212.4313812183638,2.5356932587577274,9172,0.6750073594347954,10007,3651058.1490000035,17187,212.43138121836293,1.14962848198704,0.011345784604643043,8.224890098922206,6.057291376208015,4420.010600573961,2210.005300286971
4,13588,34374,5.059464233146894,7302116.298000038,212.4313812183638,2.5356932587577274,817,0.060126582278481014,10007,3651058.1490000035,17187,212.43138121836293,1.14962848198704,0.011345784604643043,8.224890098922206,6.057291376208015,4420.010600573961,2210.005300286971
5,13588,34374,5.059464233146894,7302116.298000038,212.4313812183638,2.5356932587577274,18,0.0013246982631733883,10007,3651058.1490000035,17187,212.43138121836293,1.14962848198704,0.011345784604643043,8.224890098922206,6.057291376208015,4420.010600573961,2210.005300286971
