,n,m,k_avg,edge_length_total,edge_length_avg,streets_per_node_avg,streets_per_node_counts,streets_per_node_proportions,intersection_count,street_length_total,street_segment_count,street_length_avg,circuity_avg,self_loop_proportion,node_density_km,intersection_density_km,edge_density_km,street_density_km
0,13986,39528,5.652509652509653,8144683.768000096,206.0484660999822,2.8396968396968396,0,0.0,11252,4072341.884000001,19764,206.0484660999798,1.056084303943736,0.009309856304391824,5.9960469274703865,4.823932505927126,3491.7707766577223,1745.885388328841
1,13986,39528,5.652509652509653,8144683.768000096,206.0484660999822,2.8396968396968396,2734,0.19548119548119547,11252,4072341.884000001,19764,206.0484660999798,1.056084303943736,0.009309856304391824,5.9960469274703865,4.823932505927126,3491.7707766577223,1745.885388328841
2,13986,39528,5.652509652509653,8144683.768000096,206.0484660999822,2.8396968396968396,0,0.0,11252,4072341.884000001,19764,206.0484660999798,1.056084303943736,0.009309856304391824,5.9960469274703865,4.823932505927126,3491.7707766577223,1745.885388328841
3,13986,39528,5.652509652509653,8144683.768000096,206.0484660999822,2.8396968396968396,8041,0.5749320749320749,11252,4072341.884000001,19764,206.0484660999798,1.056084303943736,0.009309856304391824,5.9960469274703865,4.823932505927126,3491.7707766577223,1745.885388328841
4,13986,39528,5.652509652509653,8144683.768000096,206.0484660999822,2.8396968396968396,3197,0.2285857285857286,11252,4072341.884000001,19764,206.0484660999798,1.056084303943736,0.009309856304391824,5.9960469274703865,4.823932505927126,3491.7707766577223,1745.885388328841
5,13986,39528,5.652509652509653,8144683.768000096,206.0484660999822,2.8396968396968396,13,0.0009295009295009296,11252,4072341.884000001,19764,206.0484660999798,1.056084303943736,0.009309856304391824,5.9960469274703865,4.823932505927126,3491.7707766577223,1745.885388328841
6,13986,39528,5.652509652509653,8144683.768000096,206.0484660999822,2.8396968396968396,1,7.15000715000715e-05,11252,4072341.884000001,19764,206.0484660999798,1.056084303943736,0.009309856304391824,5.9960469274703865,4.823932505927126,3491.7707766577223,1745.885388328841
