,n,m,k_avg,edge_length_total,edge_length_avg,streets_per_node_avg,streets_per_node_counts,streets_per_node_proportions,intersection_count,street_length_total,street_segment_count,street_length_avg,circuity_avg,self_loop_proportion,node_density_km,intersection_density_km,edge_density_km,street_density_km
0,110751,303768,5.485602838800553,30362415.57199941,99.95264666455785,2.745654666775018,0,0.0,88665,15181207.786000153,151884,99.9526466645608,1.0971955190942153,0.011087408811988097,33.11911039676123,26.514486761553705,9079.612764141099,4539.806382070683
1,110751,303768,5.485602838800553,30362415.57199941,99.95264666455785,2.745654666775018,22086,0.19942032126120757,88665,15181207.786000153,151884,99.9526466645608,1.0971955190942153,0.011087408811988097,33.11911039676123,26.514486761553705,9079.612764141099,4539.806382070683
2,110751,303768,5.485602838800553,30362415.57199941,99.95264666455785,2.745654666775018,0,0.0,88665,15181207.786000153,151884,99.9526466645608,1.0971955190942153,0.011087408811988097,33.11911039676123,26.514486761553705,9079.612764141099,4539.806382070683
3,110751,303768,5.485602838800553,30362415.57199941,99.95264666455785,2.745654666775018,73095,0.6599940406858629,88665,15181207.786000153,151884,99.9526466645608,1.0971955190942153,0.011087408811988097,33.11911039676123,26.514486761553705,9079.612764141099,4539.806382070683
4,110751,303768,5.485602838800553,30362415.57199941,99.95264666455785,2.745654666775018,15179,0.1370551958898791,88665,15181207.786000153,151884,99.9526466645608,1.0971955190942153,0.011087408811988097,33.11911039676123,26.514486761553705,9079.612764141099,4539.806382070683
5,110751,303768,5.485602838800553,30362415.57199941,99.95264666455785,2.745654666775018,353,0.0031873301369739326,88665,15181207.786000153,151884,99.9526466645608,1.0971955190942153,0.011087408811988097,33.11911039676123,26.514486761553705,9079.612764141099,4539.806382070683
6,110751,303768,5.485602838800553,30362415.57199941,99.95264666455785,2.745654666775018,34,0.00030699497070003884,88665,15181207.786000153,151884,99.9526466645608,1.0971955190942153,0.011087408811988097,33.11911039676123,26.514486761553705,9079.612764141099,4539.806382070683
7,110751,303768,5.485602838800553,30362415.57199941,99.95264666455785,2.745654666775018,4,3.6117055376475154e-05,88665,15181207.786000153,151884,99.9526466645608,1.0971955190942153,0.011087408811988097,33.11911039676123,26.514486761553705,9079.612764141099,4539.806382070683
