,n,m,k_avg,edge_length_total,edge_length_avg,streets_per_node_avg,streets_per_node_counts,streets_per_node_proportions,intersection_count,street_length_total,street_segment_count,street_length_avg,circuity_avg,self_loop_proportion,node_density_km,intersection_density_km,edge_density_km,street_density_km
0,16556,44700,5.399855037448659,11687207.094000064,261.4587716778538,2.7066320367238466,0,0.0,13002,5843603.547000015,22350,261.458771677853,1.0940735519260287,0.010827740492170022,4.860243730061048,3.816917672037554,3430.9419546109452,1715.4709773054678
1,16556,44700,5.399855037448659,11687207.094000064,261.4587716778538,2.7066320367238466,3554,0.21466537811065475,13002,5843603.547000015,22350,261.458771677853,1.0940735519260287,0.010827740492170022,4.860243730061048,3.816917672037554,3430.9419546109452,1715.4709773054678
2,16556,44700,5.399855037448659,11687207.094000064,261.4587716778538,2.7066320367238466,0,0.0,13002,5843603.547000015,22350,261.458771677853,1.0940735519260287,0.010827740492170022,4.860243730061048,3.816917672037554,3430.9419546109452,1715.4709773054678
3,16556,44700,5.399855037448659,11687207.094000064,261.4587716778538,2.7066320367238466,10796,0.6520898767818314,13002,5843603.547000015,22350,261.458771677853,1.0940735519260287,0.010827740492170022,4.860243730061048,3.816917672037554,3430.9419546109452,1715.4709773054678
4,16556,44700,5.399855037448659,11687207.094000064,261.4587716778538,2.7066320367238466,2163,0.13064749939598938,13002,5843603.547000015,22350,261.458771677853,1.0940735519260287,0.010827740492170022,4.860243730061048,3.816917672037554,3430.9419546109452,1715.4709773054678
5,16556,44700,5.399855037448659,11687207.094000064,261.4587716778538,2.7066320367238466,41,0.002476443585407103,13002,5843603.547000015,22350,261.458771677853,1.0940735519260287,0.010827740492170022,4.860243730061048,3.816917672037554,3430.9419546109452,1715.4709773054678
6,16556,44700,5.399855037448659,11687207.094000064,261.4587716778538,2.7066320367238466,2,0.00012080212611741966,13002,5843603.547000015,22350,261.458771677853,1.0940735519260287,0.010827740492170022,4.860243730061048,3.816917672037554,3430.9419546109452,1715.4709773054678
