,n,m,k_avg,edge_length_total,edge_length_avg,streets_per_node_avg,streets_per_node_counts,streets_per_node_proportions,intersection_count,street_length_total,street_segment_count,street_length_avg,circuity_avg,self_loop_proportion,node_density_km,intersection_density_km,edge_density_km,street_density_km
0,19880,55508,5.584305835010061,7327606.223999983,132.00991251711434,2.797334004024145,0,0.0,16081,3663803.111999975,27754,132.00991251711375,1.06913222838967,0.008863587230669453,13.105336534477539,10.600951549845739,4830.520400284305,2415.2602001421415
1,19880,55508,5.584305835010061,7327606.223999983,132.00991251711434,2.797334004024145,3799,0.19109657947686118,16081,3663803.111999975,27754,132.00991251711375,1.06913222838967,0.008863587230669453,13.105336534477539,10.600951549845739,4830.520400284305,2415.2602001421415
2,19880,55508,5.584305835010061,7327606.223999983,132.00991251711434,2.797334004024145,0,0.0,16081,3663803.111999975,27754,132.00991251711375,1.06913222838967,0.008863587230669453,13.105336534477539,10.600951549845739,4830.520400284305,2415.2602001421415
3,19880,55508,5.584305835010061,7327606.223999983,132.00991251711434,2.797334004024145,12579,0.6327464788732394,16081,3663803.111999975,27754,132.00991251711375,1.06913222838967,0.008863587230669453,13.105336534477539,10.600951549845739,4830.520400284305,2415.2602001421415
4,19880,55508,5.584305835010061,7327606.223999983,132.00991251711434,2.797334004024145,3441,0.17308853118712272,16081,3663803.111999975,27754,132.00991251711375,1.06913222838967,0.008863587230669453,13.105336534477539,10.600951549845739,4830.520400284305,2415.2602001421415
5,19880,55508,5.584305835010061,7327606.223999983,132.00991251711434,2.797334004024145,56,0.0028169014084507044,16081,3663803.111999975,27754,132.00991251711375,1.06913222838967,0.008863587230669453,13.105336534477539,10.600951549845739,4830.520400284305,2415.2602001421415
6,19880,55508,5.584305835010061,7327606.223999983,132.00991251711434,2.797334004024145,4,0.00020120724346076458,16081,3663803.111999975,27754,132.00991251711375,1.06913222838967,0.008863587230669453,13.105336534477539,10.600951549845739,4830.520400284305,2415.2602001421415
7,19880,55508,5.584305835010061,7327606.223999983,132.00991251711434,2.797334004024145,1,5.0301810865191146e-05,16081,3663803.111999975,27754,132.00991251711375,1.06913222838967,0.008863587230669453,13.105336534477539,10.600951549845739,4830.520400284305,2415.2602001421415
