,n,m,k_avg,edge_length_total,edge_length_avg,streets_per_node_avg,streets_per_node_counts,streets_per_node_proportions,intersection_count,street_length_total,street_segment_count,street_length_avg,circuity_avg,self_loop_proportion,node_density_km,intersection_density_km,edge_density_km,street_density_km
0,23860,63104,5.289522212908634,15039651.556000028,238.33119225405724,2.6520955574182734,0,0.0,18346,7519825.778000019,31552,238.33119225405738,1.0641692072886557,0.009951825557809331,5.32971762097,4.098030153994787,3359.4759392817364,1679.737969640869
1,23860,63104,5.289522212908634,15039651.556000028,238.33119225405724,2.6520955574182734,5514,0.2310980720871752,18346,7519825.778000019,31552,238.33119225405738,1.0641692072886557,0.009951825557809331,5.32971762097,4.098030153994787,3359.4759392817364,1679.737969640869
2,23860,63104,5.289522212908634,15039651.556000028,238.33119225405724,2.6520955574182734,0,0.0,18346,7519825.778000019,31552,238.33119225405738,1.0641692072886557,0.009951825557809331,5.32971762097,4.098030153994787,3359.4759392817364,1679.737969640869
3,23860,63104,5.289522212908634,15039651.556000028,238.33119225405724,2.6520955574182734,15687,0.6574601844090529,18346,7519825.778000019,31552,238.33119225405738,1.0641692072886557,0.009951825557809331,5.32971762097,4.098030153994787,3359.4759392817364,1679.737969640869
4,23860,63104,5.289522212908634,15039651.556000028,238.33119225405724,2.6520955574182734,2594,0.10871751886001677,18346,7519825.778000019,31552,238.33119225405738,1.0641692072886557,0.009951825557809331,5.32971762097,4.098030153994787,3359.4759392817364,1679.737969640869
5,23860,63104,5.289522212908634,15039651.556000028,238.33119225405724,2.6520955574182734,62,0.0025984911986588434,18346,7519825.778000019,31552,238.33119225405738,1.0641692072886557,0.009951825557809331,5.32971762097,4.098030153994787,3359.4759392817364,1679.737969640869
6,23860,63104,5.289522212908634,15039651.556000028,238.33119225405724,2.6520955574182734,3,0.00012573344509639564,18346,7519825.778000019,31552,238.33119225405738,1.0641692072886557,0.009951825557809331,5.32971762097,4.098030153994787,3359.4759392817364,1679.737969640869
