,n,m,k_avg,edge_length_total,edge_length_avg,streets_per_node_avg,streets_per_node_counts,streets_per_node_proportions,intersection_count,street_length_total,street_segment_count,street_length_avg,circuity_avg,self_loop_proportion,node_density_km,intersection_density_km,edge_density_km,street_density_km
0,58972,161578,5.479820931967714,50720283.92600005,313.905877817525,2.7431323339890117,0,0.0,44478,25360141.96300003,80789,313.90587781752504,1.0965502065799366,0.005520553540704799,1.8667782545165739,1.4079658686221965,1605.5674404117788,802.7837202058895
1,58972,161578,5.479820931967714,50720283.92600005,313.905877817525,2.7431323339890117,14494,0.24577765719324426,44478,25360141.96300003,80789,313.90587781752504,1.0965502065799366,0.005520553540704799,1.8667782545165739,1.4079658686221965,1605.5674404117788,802.7837202058895
2,58972,161578,5.479820931967714,50720283.92600005,313.905877817525,2.7431323339890117,0,0.0,44478,25360141.96300003,80789,313.90587781752504,1.0965502065799366,0.005520553540704799,1.8667782545165739,1.4079658686221965,1605.5674404117788,802.7837202058895
3,58972,161578,5.479820931967714,50720283.92600005,313.905877817525,2.7431323339890117,30817,0.5225700332361121,44478,25360141.96300003,80789,313.90587781752504,1.0965502065799366,0.005520553540704799,1.8667782545165739,1.4079658686221965,1605.5674404117788,802.7837202058895
4,58972,161578,5.479820931967714,50720283.92600005,313.905877817525,2.7431323339890117,13495,0.22883741436613986,44478,25360141.96300003,80789,313.90587781752504,1.0965502065799366,0.005520553540704799,1.8667782545165739,1.4079658686221965,1605.5674404117788,802.7837202058895
5,58972,161578,5.479820931967714,50720283.92600005,313.905877817525,2.7431323339890117,154,0.002611408804178254,44478,25360141.96300003,80789,313.90587781752504,1.0965502065799366,0.005520553540704799,1.8667782545165739,1.4079658686221965,1605.5674404117788,802.7837202058895
6,58972,161578,5.479820931967714,50720283.92600005,313.905877817525,2.7431323339890117,11,0.00018652920029844672,44478,25360141.96300003,80789,313.90587781752504,1.0965502065799366,0.005520553540704799,1.8667782545165739,1.4079658686221965,1605.5674404117788,802.7837202058895
7,58972,161578,5.479820931967714,50720283.92600005,313.905877817525,2.7431323339890117,1,1.695720002713152e-05,44478,25360141.96300003,80789,313.90587781752504,1.0965502065799366,0.005520553540704799,1.8667782545165739,1.4079658686221965,1605.5674404117788,802.7837202058895
