,n,m,k_avg,edge_length_total,edge_length_avg,streets_per_node_avg,streets_per_node_counts,streets_per_node_proportions,intersection_count,street_length_total,street_segment_count,street_length_avg,circuity_avg,self_loop_proportion,node_density_km,intersection_density_km,edge_density_km,street_density_km
0,15684,45728,5.831165519000255,17737325.906000108,387.88763790238164,2.9208110175975515,0,0.0,13357,8868662.953000003,22864,387.8876379023794,1.061418827315249,0.0030178446466060183,1.351755332198628,1.1511984169967528,1528.725125757492,764.3625628787416
1,15684,45728,5.831165519000255,17737325.906000108,387.88763790238164,2.9208110175975515,2327,0.14836776332568222,13357,8868662.953000003,22864,387.8876379023794,1.061418827315249,0.0030178446466060183,1.351755332198628,1.1511984169967528,1528.725125757492,764.3625628787416
2,15684,45728,5.831165519000255,17737325.906000108,387.88763790238164,2.9208110175975515,0,0.0,13357,8868662.953000003,22864,387.8876379023794,1.061418827315249,0.0030178446466060183,1.351755332198628,1.1511984169967528,1528.725125757492,764.3625628787416
3,15684,45728,5.831165519000255,17737325.906000108,387.88763790238164,2.9208110175975515,9985,0.6366360622290232,13357,8868662.953000003,22864,387.8876379023794,1.061418827315249,0.0030178446466060183,1.351755332198628,1.1511984169967528,1528.725125757492,764.3625628787416
4,15684,45728,5.831165519000255,17737325.906000108,387.88763790238164,2.9208110175975515,3336,0.2127008416220352,13357,8868662.953000003,22864,387.8876379023794,1.061418827315249,0.0030178446466060183,1.351755332198628,1.1511984169967528,1528.725125757492,764.3625628787416
5,15684,45728,5.831165519000255,17737325.906000108,387.88763790238164,2.9208110175975515,32,0.00204029584289722,13357,8868662.953000003,22864,387.8876379023794,1.061418827315249,0.0030178446466060183,1.351755332198628,1.1511984169967528,1528.725125757492,764.3625628787416
6,15684,45728,5.831165519000255,17737325.906000108,387.88763790238164,2.9208110175975515,4,0.0002550369803621525,13357,8868662.953000003,22864,387.8876379023794,1.061418827315249,0.0030178446466060183,1.351755332198628,1.1511984169967528,1528.725125757492,764.3625628787416
