,n,m,k_avg,edge_length_total,edge_length_avg,streets_per_node_avg,streets_per_node_counts,streets_per_node_proportions,intersection_count,street_length_total,street_segment_count,street_length_avg,circuity_avg,self_loop_proportion,node_density_km,intersection_density_km,edge_density_km,street_density_km
0,9862,25884,5.2492395051713645,4676248.2620000085,180.6617316488954,2.6336442912188196,0,0.0,7576,2338124.131000008,12942,180.66173164889568,1.08571163099162,0.013676402410755678,9.272088762373958,7.122829493383198,4396.5310241493635,2198.2655120746854
1,9862,25884,5.2492395051713645,4676248.2620000085,180.6617316488954,2.6336442912188196,2286,0.23179882376799837,7576,2338124.131000008,12942,180.66173164889568,1.08571163099162,0.013676402410755678,9.272088762373958,7.122829493383198,4396.5310241493635,2198.2655120746854
2,9862,25884,5.2492395051713645,4676248.2620000085,180.6617316488954,2.6336442912188196,0,0.0,7576,2338124.131000008,12942,180.66173164889568,1.08571163099162,0.013676402410755678,9.272088762373958,7.122829493383198,4396.5310241493635,2198.2655120746854
3,9862,25884,5.2492395051713645,4676248.2620000085,180.6617316488954,2.6336442912188196,6635,0.6727844250659095,7576,2338124.131000008,12942,180.66173164889568,1.08571163099162,0.013676402410755678,9.272088762373958,7.122829493383198,4396.5310241493635,2198.2655120746854
4,9862,25884,5.2492395051713645,4676248.2620000085,180.6617316488954,2.6336442912188196,925,0.09379436219833705,7576,2338124.131000008,12942,180.66173164889568,1.08571163099162,0.013676402410755678,9.272088762373958,7.122829493383198,4396.5310241493635,2198.2655120746854
5,9862,25884,5.2492395051713645,4676248.2620000085,180.6617316488954,2.6336442912188196,14,0.001419590346785642,7576,2338124.131000008,12942,180.66173164889568,1.08571163099162,0.013676402410755678,9.272088762373958,7.122829493383198,4396.5310241493635,2198.2655120746854
6,9862,25884,5.2492395051713645,4676248.2620000085,180.6617316488954,2.6336442912188196,2,0.00020279862096937742,7576,2338124.131000008,12942,180.66173164889568,1.08571163099162,0.013676402410755678,9.272088762373958,7.122829493383198,4396.5310241493635,2198.2655120746854
