,n,m,k_avg,edge_length_total,edge_length_avg,streets_per_node_avg,streets_per_node_counts,streets_per_node_proportions,intersection_count,street_length_total,street_segment_count,street_length_avg,circuity_avg,self_loop_proportion,node_density_km,intersection_density_km,edge_density_km,street_density_km
0,10322,29346,5.686107343538074,8924298.68999995,304.10613678184245,2.8578763805464056,0,0.0,8374,4462149.345000023,14673,304.10613678184575,1.0329100887464835,0.013153411027056498,3.7613525538511903,3.05149838073531,3252.0280632592658,1626.0140316296506
1,10322,29346,5.686107343538074,8924298.68999995,304.10613678184245,2.8578763805464056,1948,0.18872311567525674,8374,4462149.345000023,14673,304.10613678184575,1.0329100887464835,0.013153411027056498,3.7613525538511903,3.05149838073531,3252.0280632592658,1626.0140316296506
2,10322,29346,5.686107343538074,8924298.68999995,304.10613678184245,2.8578763805464056,0,0.0,8374,4462149.345000023,14673,304.10613678184575,1.0329100887464835,0.013153411027056498,3.7613525538511903,3.05149838073531,3252.0280632592658,1626.0140316296506
3,10322,29346,5.686107343538074,8924298.68999995,304.10613678184245,2.8578763805464056,5969,0.5782794032164309,8374,4462149.345000023,14673,304.10613678184575,1.0329100887464835,0.013153411027056498,3.7613525538511903,3.05149838073531,3252.0280632592658,1626.0140316296506
4,10322,29346,5.686107343538074,8924298.68999995,304.10613678184245,2.8578763805464056,2387,0.2312536330168572,8374,4462149.345000023,14673,304.10613678184575,1.0329100887464835,0.013153411027056498,3.7613525538511903,3.05149838073531,3252.0280632592658,1626.0140316296506
5,10322,29346,5.686107343538074,8924298.68999995,304.10613678184245,2.8578763805464056,12,0.0011625653943034295,8374,4462149.345000023,14673,304.10613678184575,1.0329100887464835,0.013153411027056498,3.7613525538511903,3.05149838073531,3252.0280632592658,1626.0140316296506
6,10322,29346,5.686107343538074,8924298.68999995,304.10613678184245,2.8578763805464056,6,0.0005812826971517147,8374,4462149.345000023,14673,304.10613678184575,1.0329100887464835,0.013153411027056498,3.7613525538511903,3.05149838073531,3252.0280632592658,1626.0140316296506
