,n,m,k_avg,edge_length_total,edge_length_avg,streets_per_node_avg,streets_per_node_counts,streets_per_node_proportions,intersection_count,street_length_total,street_segment_count,street_length_avg,circuity_avg,self_loop_proportion,node_density_km,intersection_density_km,edge_density_km,street_density_km
0,74028,213600,5.770789431026098,15739058.928000418,73.68473280899072,2.8868130977467987,0,0.0,61117,7869529.464000158,106800,73.68473280899025,1.078424756656379,0.008361423220973782,18.354838768519404,15.153626749548824,3902.413802772917,1951.206901386446
1,74028,213600,5.770789431026098,15739058.928000418,73.68473280899072,2.8868130977467987,12911,0.1744069811422705,61117,7869529.464000158,106800,73.68473280899025,1.078424756656379,0.008361423220973782,18.354838768519404,15.153626749548824,3902.413802772917,1951.206901386446
2,74028,213600,5.770789431026098,15739058.928000418,73.68473280899072,2.8868130977467987,0,0.0,61117,7869529.464000158,106800,73.68473280899025,1.078424756656379,0.008361423220973782,18.354838768519404,15.153626749548824,3902.413802772917,1951.206901386446
3,74028,213600,5.770789431026098,15739058.928000418,73.68473280899072,2.8868130977467987,43795,0.5916004754957583,61117,7869529.464000158,106800,73.68473280899025,1.078424756656379,0.008361423220973782,18.354838768519404,15.153626749548824,3902.413802772917,1951.206901386446
4,74028,213600,5.770789431026098,15739058.928000418,73.68473280899072,2.8868130977467987,17208,0.2324525855081861,61117,7869529.464000158,106800,73.68473280899025,1.078424756656379,0.008361423220973782,18.354838768519404,15.153626749548824,3902.413802772917,1951.206901386446
5,74028,213600,5.770789431026098,15739058.928000418,73.68473280899072,2.8868130977467987,107,0.0014453990382017614,61117,7869529.464000158,106800,73.68473280899025,1.078424756656379,0.008361423220973782,18.354838768519404,15.153626749548824,3902.413802772917,1951.206901386446
6,74028,213600,5.770789431026098,15739058.928000418,73.68473280899072,2.8868130977467987,7,9.455881558329281e-05,61117,7869529.464000158,106800,73.68473280899025,1.078424756656379,0.008361423220973782,18.354838768519404,15.153626749548824,3902.413802772917,1951.206901386446
