,n,m,k_avg,edge_length_total,edge_length_avg,streets_per_node_avg,streets_per_node_counts,streets_per_node_proportions,intersection_count,street_length_total,street_segment_count,street_length_avg,circuity_avg,self_loop_proportion,node_density_km,intersection_density_km,edge_density_km,street_density_km
0,54232,138060,5.091458917244431,19994042.970000353,144.82140352021116,2.548384717509957,0,0.0,39283,9997021.484999906,69030,144.82140352020724,1.087870500588191,0.013182674199623353,13.849598519177924,10.031969660511624,5106.01615115977,2553.0080755798162
1,54232,138060,5.091458917244431,19994042.970000353,144.82140352021116,2.548384717509957,14949,0.27564906328367017,39283,9997021.484999906,69030,144.82140352020724,1.087870500588191,0.013182674199623353,13.849598519177924,10.031969660511624,5106.01615115977,2553.0080755798162
2,54232,138060,5.091458917244431,19994042.970000353,144.82140352021116,2.548384717509957,0,0.0,39283,9997021.484999906,69030,144.82140352020724,1.087870500588191,0.013182674199623353,13.849598519177924,10.031969660511624,5106.01615115977,2553.0080755798162
3,54232,138060,5.091458917244431,19994042.970000353,144.82140352021116,2.548384717509957,33963,0.6262538722525446,39283,9997021.484999906,69030,144.82140352020724,1.087870500588191,0.013182674199623353,13.849598519177924,10.031969660511624,5106.01615115977,2553.0080755798162
4,54232,138060,5.091458917244431,19994042.970000353,144.82140352021116,2.548384717509957,5239,0.0966034813394306,39283,9997021.484999906,69030,144.82140352020724,1.087870500588191,0.013182674199623353,13.849598519177924,10.031969660511624,5106.01615115977,2553.0080755798162
5,54232,138060,5.091458917244431,19994042.970000353,144.82140352021116,2.548384717509957,76,0.0014013866351969316,39283,9997021.484999906,69030,144.82140352020724,1.087870500588191,0.013182674199623353,13.849598519177924,10.031969660511624,5106.01615115977,2553.0080755798162
6,54232,138060,5.091458917244431,19994042.970000353,144.82140352021116,2.548384717509957,5,9.219648915769288e-05,39283,9997021.484999906,69030,144.82140352020724,1.087870500588191,0.013182674199623353,13.849598519177924,10.031969660511624,5106.01615115977,2553.0080755798162
