,n,m,k_avg,edge_length_total,edge_length_avg,streets_per_node_avg,streets_per_node_counts,streets_per_node_proportions,intersection_count,street_length_total,street_segment_count,street_length_avg,circuity_avg,self_loop_proportion,node_density_km,intersection_density_km,edge_density_km,street_density_km
0,40324,107416,5.327646066858446,41303054.14200063,384.5149153012645,2.6696012300367027,0,0.0,31192,20651527.070999783,53708,384.51491530125463,1.0995203703651375,0.015844939301407613,2.8092784171349994,2.1730734150202085,2877.4868208233484,1438.7434104116371
1,40324,107416,5.327646066858446,41303054.14200063,384.5149153012645,2.6696012300367027,9132,0.22646562840987997,31192,20651527.070999783,53708,384.51491530125463,1.0995203703651375,0.015844939301407613,2.8092784171349994,2.1730734150202085,2877.4868208233484,1438.7434104116371
2,40324,107416,5.327646066858446,41303054.14200063,384.5149153012645,2.6696012300367027,0,0.0,31192,20651527.070999783,53708,384.51491530125463,1.0995203703651375,0.015844939301407613,2.8092784171349994,2.1730734150202085,2877.4868208233484,1438.7434104116371
3,40324,107416,5.327646066858446,41303054.14200063,384.5149153012645,2.6696012300367027,26419,0.6551681380815395,31192,20651527.070999783,53708,384.51491530125463,1.0995203703651375,0.015844939301407613,2.8092784171349994,2.1730734150202085,2877.4868208233484,1438.7434104116371
4,40324,107416,5.327646066858446,41303054.14200063,384.5149153012645,2.6696012300367027,4618,0.11452236881261779,31192,20651527.070999783,53708,384.51491530125463,1.0995203703651375,0.015844939301407613,2.8092784171349994,2.1730734150202085,2877.4868208233484,1438.7434104116371
5,40324,107416,5.327646066858446,41303054.14200063,384.5149153012645,2.6696012300367027,142,0.0035214760440432495,31192,20651527.070999783,53708,384.51491530125463,1.0995203703651375,0.015844939301407613,2.8092784171349994,2.1730734150202085,2877.4868208233484,1438.7434104116371
6,40324,107416,5.327646066858446,41303054.14200063,384.5149153012645,2.6696012300367027,13,0.00032238865191945245,31192,20651527.070999783,53708,384.51491530125463,1.0995203703651375,0.015844939301407613,2.8092784171349994,2.1730734150202085,2877.4868208233484,1438.7434104116371
