,n,m,k_avg,edge_length_total,edge_length_avg,streets_per_node_avg,streets_per_node_counts,streets_per_node_proportions,intersection_count,street_length_total,street_segment_count,street_length_avg,circuity_avg,self_loop_proportion,node_density_km,intersection_density_km,edge_density_km,street_density_km
0,76912,197664,5.140004160599126,33082146.238000598,167.36556094180324,2.5720043686290825,0,0.0,56684,16541073.119000066,98832,167.3655609418009,1.1304757453001215,0.014630888780961632,11.112693608252151,8.190034383323344,4779.901121363275,2389.9505606816037
1,76912,197664,5.140004160599126,33082146.238000598,167.36556094180324,2.5720043686290825,20228,0.2630018722696068,56684,16541073.119000066,98832,167.3655609418009,1.1304757453001215,0.014630888780961632,11.112693608252151,8.190034383323344,4779.901121363275,2389.9505606816037
2,76912,197664,5.140004160599126,33082146.238000598,167.36556094180324,2.5720043686290825,0,0.0,56684,16541073.119000066,98832,167.3655609418009,1.1304757453001215,0.014630888780961632,11.112693608252151,8.190034383323344,4779.901121363275,2389.9505606816037
3,76912,197664,5.140004160599126,33082146.238000598,167.36556094180324,2.5720043686290825,49258,0.6404462242562929,56684,16541073.119000066,98832,167.3655609418009,1.1304757453001215,0.014630888780961632,11.112693608252151,8.190034383323344,4779.901121363275,2389.9505606816037
4,76912,197664,5.140004160599126,33082146.238000598,167.36556094180324,2.5720043686290825,7323,0.09521271063033077,56684,16541073.119000066,98832,167.3655609418009,1.1304757453001215,0.014630888780961632,11.112693608252151,8.190034383323344,4779.901121363275,2389.9505606816037
5,76912,197664,5.140004160599126,33082146.238000598,167.36556094180324,2.5720043686290825,96,0.001248179737882255,56684,16541073.119000066,98832,167.3655609418009,1.1304757453001215,0.014630888780961632,11.112693608252151,8.190034383323344,4779.901121363275,2389.9505606816037
6,76912,197664,5.140004160599126,33082146.238000598,167.36556094180324,2.5720043686290825,5,6.500936134803412e-05,56684,16541073.119000066,98832,167.3655609418009,1.1304757453001215,0.014630888780961632,11.112693608252151,8.190034383323344,4779.901121363275,2389.9505606816037
7,76912,197664,5.140004160599126,33082146.238000598,167.36556094180324,2.5720043686290825,2,2.6003744539213646e-05,56684,16541073.119000066,98832,167.3655609418009,1.1304757453001215,0.014630888780961632,11.112693608252151,8.190034383323344,4779.901121363275,2389.9505606816037
