,n,m,k_avg,edge_length_total,edge_length_avg,streets_per_node_avg,streets_per_node_counts,streets_per_node_proportions,intersection_count,street_length_total,street_segment_count,street_length_avg,circuity_avg,self_loop_proportion,node_density_km,intersection_density_km,edge_density_km,street_density_km
0,55612,150458,5.410990433719341,83513189.19800058,555.0598120272806,2.710691936992016,0,0.0,43767,41756594.59900021,75229,555.0598120272795,1.1277933718108137,0.007045155458666206,1.151261355657994,0.9060500566978966,1728.86260899469,864.4313044973433
1,55612,150458,5.410990433719341,83513189.19800058,555.0598120272806,2.710691936992016,11845,0.21299359850392002,43767,41756594.59900021,75229,555.0598120272795,1.1277933718108137,0.007045155458666206,1.151261355657994,0.9060500566978966,1728.86260899469,864.4313044973433
2,55612,150458,5.410990433719341,83513189.19800058,555.0598120272806,2.710691936992016,2,3.5963461123498524e-05,43767,41756594.59900021,75229,555.0598120272795,1.1277933718108137,0.007045155458666206,1.151261355657994,0.9060500566978966,1728.86260899469,864.4313044973433
3,55612,150458,5.410990433719341,83513189.19800058,555.0598120272806,2.710691936992016,36317,0.653042508811048,43767,41756594.59900021,75229,555.0598120272795,1.1277933718108137,0.007045155458666206,1.151261355657994,0.9060500566978966,1728.86260899469,864.4313044973433
4,55612,150458,5.410990433719341,83513189.19800058,555.0598120272806,2.710691936992016,7309,0.13142846867582536,43767,41756594.59900021,75229,555.0598120272795,1.1277933718108137,0.007045155458666206,1.151261355657994,0.9060500566978966,1728.86260899469,864.4313044973433
5,55612,150458,5.410990433719341,83513189.19800058,555.0598120272806,2.710691936992016,123,0.002211752859095159,43767,41756594.59900021,75229,555.0598120272795,1.1277933718108137,0.007045155458666206,1.151261355657994,0.9060500566978966,1728.86260899469,864.4313044973433
6,55612,150458,5.410990433719341,83513189.19800058,555.0598120272806,2.710691936992016,16,0.0002877076889879882,43767,41756594.59900021,75229,555.0598120272795,1.1277933718108137,0.007045155458666206,1.151261355657994,0.9060500566978966,1728.86260899469,864.4313044973433
