,n,m,k_avg,edge_length_total,edge_length_avg,streets_per_node_avg,streets_per_node_counts,streets_per_node_proportions,intersection_count,street_length_total,street_segment_count,street_length_avg,circuity_avg,self_loop_proportion,node_density_km,intersection_density_km,edge_density_km,street_density_km
0,21560,58140,5.393320964749536,12233088.38999982,210.40743704850053,2.7028756957328386,0,0.0,16753,6116544.19499995,29070,210.4074370485019,1.0850783350921602,0.010526315789473684,6.20200201903281,4.819208711728046,3518.9999486913594,1759.4999743456913
1,21560,58140,5.393320964749536,12233088.38999982,210.40743704850053,2.7028756957328386,4807,0.2229591836734694,16753,6116544.19499995,29070,210.4074370485019,1.0850783350921602,0.010526315789473684,6.20200201903281,4.819208711728046,3518.9999486913594,1759.4999743456913
2,21560,58140,5.393320964749536,12233088.38999982,210.40743704850053,2.7028756957328386,0,0.0,16753,6116544.19499995,29070,210.4074370485019,1.0850783350921602,0.010526315789473684,6.20200201903281,4.819208711728046,3518.9999486913594,1759.4999743456913
3,21560,58140,5.393320964749536,12233088.38999982,210.40743704850053,2.7028756957328386,13609,0.6312152133580705,16753,6116544.19499995,29070,210.4074370485019,1.0850783350921602,0.010526315789473684,6.20200201903281,4.819208711728046,3518.9999486913594,1759.4999743456913
4,21560,58140,5.393320964749536,12233088.38999982,210.40743704850053,2.7028756957328386,3086,0.14313543599257886,16753,6116544.19499995,29070,210.4074370485019,1.0850783350921602,0.010526315789473684,6.20200201903281,4.819208711728046,3518.9999486913594,1759.4999743456913
5,21560,58140,5.393320964749536,12233088.38999982,210.40743704850053,2.7028756957328386,52,0.002411873840445269,16753,6116544.19499995,29070,210.4074370485019,1.0850783350921602,0.010526315789473684,6.20200201903281,4.819208711728046,3518.9999486913594,1759.4999743456913
6,21560,58140,5.393320964749536,12233088.38999982,210.40743704850053,2.7028756957328386,6,0.0002782931354359926,16753,6116544.19499995,29070,210.4074370485019,1.0850783350921602,0.010526315789473684,6.20200201903281,4.819208711728046,3518.9999486913594,1759.4999743456913
