,n,m,k_avg,edge_length_total,edge_length_avg,streets_per_node_avg,streets_per_node_counts,streets_per_node_proportions,intersection_count,street_length_total,street_segment_count,street_length_avg,circuity_avg,self_loop_proportion,node_density_km,intersection_density_km,edge_density_km,street_density_km
0,25517,69972,5.484343770819454,9213101.966000011,131.66840973532285,2.7510287259474078,0,0.0,19781,4606550.982999991,34986,131.66840973532243,1.0861514538744723,0.012662207740238953,12.870170734409076,9.977068123107964,4646.870529291847,2323.435264645916
1,25517,69972,5.484343770819454,9213101.966000011,131.66840973532285,2.7510287259474078,5736,0.2247913155935259,19781,4606550.982999991,34986,131.66840973532243,1.0861514538744723,0.012662207740238953,12.870170734409076,9.977068123107964,4646.870529291847,2323.435264645916
2,25517,69972,5.484343770819454,9213101.966000011,131.66840973532285,2.7510287259474078,0,0.0,19781,4606550.982999991,34986,131.66840973532243,1.0861514538744723,0.012662207740238953,12.870170734409076,9.977068123107964,4646.870529291847,2323.435264645916
3,25517,69972,5.484343770819454,9213101.966000011,131.66840973532285,2.7510287259474078,14710,0.5764784261472744,19781,4606550.982999991,34986,131.66840973532243,1.0861514538744723,0.012662207740238953,12.870170734409076,9.977068123107964,4646.870529291847,2323.435264645916
4,25517,69972,5.484343770819454,9213101.966000011,131.66840973532285,2.7510287259474078,5028,0.19704510718344634,19781,4606550.982999991,34986,131.66840973532243,1.0861514538744723,0.012662207740238953,12.870170734409076,9.977068123107964,4646.870529291847,2323.435264645916
5,25517,69972,5.484343770819454,9213101.966000011,131.66840973532285,2.7510287259474078,38,0.0014892032762472078,19781,4606550.982999991,34986,131.66840973532243,1.0861514538744723,0.012662207740238953,12.870170734409076,9.977068123107964,4646.870529291847,2323.435264645916
6,25517,69972,5.484343770819454,9213101.966000011,131.66840973532285,2.7510287259474078,5,0.00019594779950621153,19781,4606550.982999991,34986,131.66840973532243,1.0861514538744723,0.012662207740238953,12.870170734409076,9.977068123107964,4646.870529291847,2323.435264645916
