,n,m,k_avg,edge_length_total,edge_length_avg,streets_per_node_avg,streets_per_node_counts,streets_per_node_proportions,intersection_count,street_length_total,street_segment_count,street_length_avg,circuity_avg,self_loop_proportion,node_density_km,intersection_density_km,edge_density_km,street_density_km
0,77533,206868,5.336256819676783,29050591.612000186,140.43057221029926,2.671236763700618,0,0.0,59647,14525295.805999886,103434,140.43057221029724,1.1682317932495758,0.012703753117930275,11.373607468350658,8.749842836788357,4261.540579085683,2130.7702895428115
1,77533,206868,5.336256819676783,29050591.612000186,140.43057221029926,2.671236763700618,17886,0.23068886796589838,59647,14525295.805999886,103434,140.43057221029724,1.1682317932495758,0.012703753117930275,11.373607468350658,8.749842836788357,4261.540579085683,2130.7702895428115
2,77533,206868,5.336256819676783,29050591.612000186,140.43057221029926,2.671236763700618,0,0.0,59647,14525295.805999886,103434,140.43057221029724,1.1682317932495758,0.012703753117930275,11.373607468350658,8.749842836788357,4261.540579085683,2130.7702895428115
3,77533,206868,5.336256819676783,29050591.612000186,140.43057221029926,2.671236763700618,49574,0.6393922587801323,59647,14525295.805999886,103434,140.43057221029724,1.1682317932495758,0.012703753117930275,11.373607468350658,8.749842836788357,4261.540579085683,2130.7702895428115
4,77533,206868,5.336256819676783,29050591.612000186,140.43057221029926,2.671236763700618,9873,0.1273393264803374,59647,14525295.805999886,103434,140.43057221029724,1.1682317932495758,0.012703753117930275,11.373607468350658,8.749842836788357,4261.540579085683,2130.7702895428115
5,77533,206868,5.336256819676783,29050591.612000186,140.43057221029926,2.671236763700618,191,0.0024634671688184384,59647,14525295.805999886,103434,140.43057221029724,1.1682317932495758,0.012703753117930275,11.373607468350658,8.749842836788357,4261.540579085683,2130.7702895428115
6,77533,206868,5.336256819676783,29050591.612000186,140.43057221029926,2.671236763700618,9,0.00011607960481343428,59647,14525295.805999886,103434,140.43057221029724,1.1682317932495758,0.012703753117930275,11.373607468350658,8.749842836788357,4261.540579085683,2130.7702895428115
