,n,m,k_avg,edge_length_total,edge_length_avg,streets_per_node_avg,streets_per_node_counts,streets_per_node_proportions,intersection_count,street_length_total,street_segment_count,street_length_avg,circuity_avg,self_loop_proportion,node_density_km,intersection_density_km,edge_density_km,street_density_km
0,26783,69544,5.193144905350409,19567862.574000165,281.37384352352706,2.603106448120076,0,0.0,19717,9783931.287000023,34772,281.37384352352535,1.1114097756454338,0.007736109513401587,4.164798138471264,3.0660241532404107,3042.833051639376,1521.4165258196788
1,26783,69544,5.193144905350409,19567862.574000165,281.37384352352706,2.603106448120076,7066,0.26382406750550724,19717,9783931.287000023,34772,281.37384352352535,1.1114097756454338,0.007736109513401587,4.164798138471264,3.0660241532404107,3042.833051639376,1521.4165258196788
2,26783,69544,5.193144905350409,19567862.574000165,281.37384352352706,2.603106448120076,0,0.0,19717,9783931.287000023,34772,281.37384352352535,1.1114097756454338,0.007736109513401587,4.164798138471264,3.0660241532404107,3042.833051639376,1521.4165258196788
3,26783,69544,5.193144905350409,19567862.574000165,281.37384352352706,2.603106448120076,16243,0.6064667886345816,19717,9783931.287000023,34772,281.37384352352535,1.1114097756454338,0.007736109513401587,4.164798138471264,3.0660241532404107,3042.833051639376,1521.4165258196788
4,26783,69544,5.193144905350409,19567862.574000165,281.37384352352706,2.603106448120076,3448,0.12873837882238734,19717,9783931.287000023,34772,281.37384352352535,1.1114097756454338,0.007736109513401587,4.164798138471264,3.0660241532404107,3042.833051639376,1521.4165258196788
5,26783,69544,5.193144905350409,19567862.574000165,281.37384352352706,2.603106448120076,24,0.0008960908038681253,19717,9783931.287000023,34772,281.37384352352535,1.1114097756454338,0.007736109513401587,4.164798138471264,3.0660241532404107,3042.833051639376,1521.4165258196788
6,26783,69544,5.193144905350409,19567862.574000165,281.37384352352706,2.603106448120076,2,7.46742336556771e-05,19717,9783931.287000023,34772,281.37384352352535,1.1114097756454338,0.007736109513401587,4.164798138471264,3.0660241532404107,3042.833051639376,1521.4165258196788
