,n,m,k_avg,edge_length_total,edge_length_avg,streets_per_node_avg,streets_per_node_counts,streets_per_node_proportions,intersection_count,street_length_total,street_segment_count,street_length_avg,circuity_avg,self_loop_proportion,node_density_km,intersection_density_km,edge_density_km,street_density_km
0,93636,265040,5.661070528429237,56463843.034000985,213.0389489661975,2.834155666623948,0,0.0,78475,28231921.51700025,132520,213.03894896619568,1.122040885599824,0.007870510111681255,6.010317884165836,5.0371619458318815,3624.3073774615395,1812.1536887307543
1,93636,265040,5.661070528429237,56463843.034000985,213.0389489661975,2.834155666623948,15161,0.16191422102610106,78475,28231921.51700025,132520,213.03894896619568,1.122040885599824,0.007870510111681255,6.010317884165836,5.0371619458318815,3624.3073774615395,1812.1536887307543
2,93636,265040,5.661070528429237,56463843.034000985,213.0389489661975,2.834155666623948,0,0.0,78475,28231921.51700025,132520,213.03894896619568,1.122040885599824,0.007870510111681255,6.010317884165836,5.0371619458318815,3624.3073774615395,1812.1536887307543
3,93636,265040,5.661070528429237,56463843.034000985,213.0389489661975,2.834155666623948,63965,0.683124012132086,78475,28231921.51700025,132520,213.03894896619568,1.122040885599824,0.007870510111681255,6.010317884165836,5.0371619458318815,3624.3073774615395,1812.1536887307543
4,93636,265040,5.661070528429237,56463843.034000985,213.0389489661975,2.834155666623948,14236,0.15203554188559956,78475,28231921.51700025,132520,213.03894896619568,1.122040885599824,0.007870510111681255,6.010317884165836,5.0371619458318815,3624.3073774615395,1812.1536887307543
5,93636,265040,5.661070528429237,56463843.034000985,213.0389489661975,2.834155666623948,266,0.00284078773121449,78475,28231921.51700025,132520,213.03894896619568,1.122040885599824,0.007870510111681255,6.010317884165836,5.0371619458318815,3624.3073774615395,1812.1536887307543
6,93636,265040,5.661070528429237,56463843.034000985,213.0389489661975,2.834155666623948,7,7.475757187406553e-05,78475,28231921.51700025,132520,213.03894896619568,1.122040885599824,0.007870510111681255,6.010317884165836,5.0371619458318815,3624.3073774615395,1812.1536887307543
7,93636,265040,5.661070528429237,56463843.034000985,213.0389489661975,2.834155666623948,1,1.0679653124866504e-05,78475,28231921.51700025,132520,213.03894896619568,1.122040885599824,0.007870510111681255,6.010317884165836,5.0371619458318815,3624.3073774615395,1812.1536887307543
