,n,m,k_avg,edge_length_total,edge_length_avg,streets_per_node_avg,streets_per_node_counts,streets_per_node_proportions,intersection_count,street_length_total,street_segment_count,street_length_avg,circuity_avg,self_loop_proportion,node_density_km,intersection_density_km,edge_density_km,street_density_km
0,9922,26182,5.2775650070550295,6634246.329999972,253.38959323199037,2.6473493247329167,0,0.0,7488,3317123.164999981,13091,253.38959323198998,1.0868336484007226,0.006111068673134214,6.986896845694604,5.272917111526023,4671.718882950797,2335.8594414753948
1,9922,26182,5.2775650070550295,6634246.329999972,253.38959323199037,2.6473493247329167,2434,0.24531344486998588,7488,3317123.164999981,13091,253.38959323198998,1.0868336484007226,0.006111068673134214,6.986896845694604,5.272917111526023,4671.718882950797,2335.8594414753948
2,9922,26182,5.2775650070550295,6634246.329999972,253.38959323199037,2.6473493247329167,0,0.0,7488,3317123.164999981,13091,253.38959323198998,1.0868336484007226,0.006111068673134214,6.986896845694604,5.272917111526023,4671.718882950797,2335.8594414753948
3,9922,26182,5.2775650070550295,6634246.329999972,253.38959323199037,2.6473493247329167,6147,0.6195323523483168,7488,3317123.164999981,13091,253.38959323198998,1.0868336484007226,0.006111068673134214,6.986896845694604,5.272917111526023,4671.718882950797,2335.8594414753948
4,9922,26182,5.2775650070550295,6634246.329999972,253.38959323199037,2.6473493247329167,1313,0.13233219109050595,7488,3317123.164999981,13091,253.38959323198998,1.0868336484007226,0.006111068673134214,6.986896845694604,5.272917111526023,4671.718882950797,2335.8594414753948
5,9922,26182,5.2775650070550295,6634246.329999972,253.38959323199037,2.6473493247329167,28,0.0028220116911912923,7488,3317123.164999981,13091,253.38959323198998,1.0868336484007226,0.006111068673134214,6.986896845694604,5.272917111526023,4671.718882950797,2335.8594414753948
