,n,m,k_avg,edge_length_total,edge_length_avg,streets_per_node_avg,streets_per_node_counts,streets_per_node_proportions,intersection_count,street_length_total,street_segment_count,street_length_avg,circuity_avg,self_loop_proportion,node_density_km,intersection_density_km,edge_density_km,street_density_km
0,68604,186406,5.4342603929800015,29068759.785999306,155.9432624808177,2.718952247682351,0,0.0,52464,14534379.893000146,93203,155.943262480823,1.0872394939624552,0.00834737079278564,9.679934874601187,7.402601936637466,4101.56407226837,2050.7820361342547
1,68604,186406,5.4342603929800015,29068759.785999306,155.9432624808177,2.718952247682351,16140,0.23526324995627076,52464,14534379.893000146,93203,155.943262480823,1.0872394939624552,0.00834737079278564,9.679934874601187,7.402601936637466,4101.56407226837,2050.7820361342547
2,68604,186406,5.4342603929800015,29068759.785999306,155.9432624808177,2.718952247682351,0,0.0,52464,14534379.893000146,93203,155.943262480823,1.0872394939624552,0.00834737079278564,9.679934874601187,7.402601936637466,4101.56407226837,2050.7820361342547
3,68604,186406,5.4342603929800015,29068759.785999306,155.9432624808177,2.718952247682351,39706,0.5787709171476881,52464,14534379.893000146,93203,155.943262480823,1.0872394939624552,0.00834737079278564,9.679934874601187,7.402601936637466,4101.56407226837,2050.7820361342547
4,68604,186406,5.4342603929800015,29068759.785999306,155.9432624808177,2.718952247682351,12539,0.1827735992070433,52464,14534379.893000146,93203,155.943262480823,1.0872394939624552,0.00834737079278564,9.679934874601187,7.402601936637466,4101.56407226837,2050.7820361342547
5,68604,186406,5.4342603929800015,29068759.785999306,155.9432624808177,2.718952247682351,199,0.002900705498221678,52464,14534379.893000146,93203,155.943262480823,1.0872394939624552,0.00834737079278564,9.679934874601187,7.402601936637466,4101.56407226837,2050.7820361342547
6,68604,186406,5.4342603929800015,29068759.785999306,155.9432624808177,2.718952247682351,18,0.00026237537169844326,52464,14534379.893000146,93203,155.943262480823,1.0872394939624552,0.00834737079278564,9.679934874601187,7.402601936637466,4101.56407226837,2050.7820361342547
7,68604,186406,5.4342603929800015,29068759.785999306,155.9432624808177,2.718952247682351,2,2.9152819077604805e-05,52464,14534379.893000146,93203,155.943262480823,1.0872394939624552,0.00834737079278564,9.679934874601187,7.402601936637466,4101.56407226837,2050.7820361342547
