,n,m,k_avg,edge_length_total,edge_length_avg,streets_per_node_avg,streets_per_node_counts,streets_per_node_proportions,intersection_count,street_length_total,street_segment_count,street_length_avg,circuity_avg,self_loop_proportion,node_density_km,intersection_density_km,edge_density_km,street_density_km
0,28548,71788,5.02928401289057,8753288.549999971,121.93247548336728,2.520316659660922,0,0.0,20358,4376644.27499998,35894,121.93247548336713,1.1274046043241839,0.014236362623279656,25.653324656376803,18.293764304137557,7865.73325571301,3932.8666278565
1,28548,71788,5.02928401289057,8753288.549999971,121.93247548336728,2.520316659660922,8190,0.28688524590163933,20358,4376644.27499998,35894,121.93247548336713,1.1274046043241839,0.014236362623279656,25.653324656376803,18.293764304137557,7865.73325571301,3932.8666278565
2,28548,71788,5.02928401289057,8753288.549999971,121.93247548336728,2.520316659660922,0,0.0,20358,4376644.27499998,35894,121.93247548336713,1.1274046043241839,0.014236362623279656,25.653324656376803,18.293764304137557,7865.73325571301,3932.8666278565
3,28548,71788,5.02928401289057,8753288.549999971,121.93247548336728,2.520316659660922,17722,0.6207790388118257,20358,4376644.27499998,35894,121.93247548336713,1.1274046043241839,0.014236362623279656,25.653324656376803,18.293764304137557,7865.73325571301,3932.8666278565
4,28548,71788,5.02928401289057,8753288.549999971,121.93247548336728,2.520316659660922,2591,0.09075942272663584,20358,4376644.27499998,35894,121.93247548336713,1.1274046043241839,0.014236362623279656,25.653324656376803,18.293764304137557,7865.73325571301,3932.8666278565
5,28548,71788,5.02928401289057,8753288.549999971,121.93247548336728,2.520316659660922,40,0.0014011489421325487,20358,4376644.27499998,35894,121.93247548336713,1.1274046043241839,0.014236362623279656,25.653324656376803,18.293764304137557,7865.73325571301,3932.8666278565
6,28548,71788,5.02928401289057,8753288.549999971,121.93247548336728,2.520316659660922,5,0.00017514361776656859,20358,4376644.27499998,35894,121.93247548336713,1.1274046043241839,0.014236362623279656,25.653324656376803,18.293764304137557,7865.73325571301,3932.8666278565
