,n,m,k_avg,edge_length_total,edge_length_avg,streets_per_node_avg,streets_per_node_counts,streets_per_node_proportions,intersection_count,street_length_total,street_segment_count,street_length_avg,circuity_avg,self_loop_proportion,node_density_km,intersection_density_km,edge_density_km,street_density_km
0,21928,53950,4.920649398029916,7964824.870000024,147.63345449490313,2.467894928858081,0,0.0,14974,3982412.4350000448,26975,147.63345449490436,1.0899802821609044,0.010231696014828545,16.227430436851364,11.08124513687579,5894.228453102385,2947.1142265512167
1,21928,53950,4.920649398029916,7964824.870000024,147.63345449490313,2.467894928858081,6954,0.31712878511492154,14974,3982412.4350000448,26975,147.63345449490436,1.0899802821609044,0.010231696014828545,16.227430436851364,11.08124513687579,5894.228453102385,2947.1142265512167
2,21928,53950,4.920649398029916,7964824.870000024,147.63345449490313,2.467894928858081,1,4.560379423568041e-05,14974,3982412.4350000448,26975,147.63345449490436,1.0899802821609044,0.010231696014828545,16.227430436851364,11.08124513687579,5894.228453102385,2947.1142265512167
3,21928,53950,4.920649398029916,7964824.870000024,147.63345449490313,2.467894928858081,12783,0.5829533017147026,14974,3982412.4350000448,26975,147.63345449490436,1.0899802821609044,0.010231696014828545,16.227430436851364,11.08124513687579,5894.228453102385,2947.1142265512167
4,21928,53950,4.920649398029916,7964824.870000024,147.63345449490313,2.467894928858081,2145,0.09782013863553447,14974,3982412.4350000448,26975,147.63345449490436,1.0899802821609044,0.010231696014828545,16.227430436851364,11.08124513687579,5894.228453102385,2947.1142265512167
5,21928,53950,4.920649398029916,7964824.870000024,147.63345449490313,2.467894928858081,39,0.001778547975191536,14974,3982412.4350000448,26975,147.63345449490436,1.0899802821609044,0.010231696014828545,16.227430436851364,11.08124513687579,5894.228453102385,2947.1142265512167
6,21928,53950,4.920649398029916,7964824.870000024,147.63345449490313,2.467894928858081,6,0.00027362276541408243,14974,3982412.4350000448,26975,147.63345449490436,1.0899802821609044,0.010231696014828545,16.227430436851364,11.08124513687579,5894.228453102385,2947.1142265512167
