,n,m,k_avg,edge_length_total,edge_length_avg,streets_per_node_avg,streets_per_node_counts,streets_per_node_proportions,intersection_count,street_length_total,street_segment_count,street_length_avg,circuity_avg,self_loop_proportion,node_density_km,intersection_density_km,edge_density_km,street_density_km
0,16637,42352,5.0913025184829,12027562.050000131,283.9904148564444,2.551120995371762,0,0.0,12247,6013781.025000016,21176,283.99041485644204,1.1041672271922476,0.014025311673592746,3.61564068989079,2.6615827089675124,2613.8932949550253,1306.946647477502
1,16637,42352,5.0913025184829,12027562.050000131,283.9904148564444,2.551120995371762,4390,0.2638696880447196,12247,6013781.025000016,21176,283.99041485644204,1.1041672271922476,0.014025311673592746,3.61564068989079,2.6615827089675124,2613.8932949550253,1306.946647477502
2,16637,42352,5.0913025184829,12027562.050000131,283.9904148564444,2.551120995371762,0,0.0,12247,6013781.025000016,21176,283.99041485644204,1.1041672271922476,0.014025311673592746,3.61564068989079,2.6615827089675124,2613.8932949550253,1306.946647477502
3,16637,42352,5.0913025184829,12027562.050000131,283.9904148564444,2.551120995371762,10958,0.6586524012742682,12247,6013781.025000016,21176,283.99041485644204,1.1041672271922476,0.014025311673592746,3.61564068989079,2.6615827089675124,2613.8932949550253,1306.946647477502
4,16637,42352,5.0913025184829,12027562.050000131,283.9904148564444,2.551120995371762,1268,0.07621566388170944,12247,6013781.025000016,21176,283.99041485644204,1.1041672271922476,0.014025311673592746,3.61564068989079,2.6615827089675124,2613.8932949550253,1306.946647477502
5,16637,42352,5.0913025184829,12027562.050000131,283.9904148564444,2.551120995371762,19,0.001142032818416782,12247,6013781.025000016,21176,283.99041485644204,1.1041672271922476,0.014025311673592746,3.61564068989079,2.6615827089675124,2613.8932949550253,1306.946647477502
6,16637,42352,5.0913025184829,12027562.050000131,283.9904148564444,2.551120995371762,2,0.00012021398088597704,12247,6013781.025000016,21176,283.99041485644204,1.1041672271922476,0.014025311673592746,3.61564068989079,2.6615827089675124,2613.8932949550253,1306.946647477502
