,n,m,k_avg,edge_length_total,edge_length_avg,streets_per_node_avg,streets_per_node_counts,streets_per_node_proportions,intersection_count,street_length_total,street_segment_count,street_length_avg,circuity_avg,self_loop_proportion,node_density_km,intersection_density_km,edge_density_km,street_density_km
0,15156,39280,5.183425705991026,6673292.114000118,169.89032876782377,2.5986408023225125,0,0.0,11308,3336646.0569999935,19640,169.89032876782045,1.0827338025742121,0.009215885947046844,10.481432009460837,7.820271388425914,4615.047345748444,2307.5236728741766
1,15156,39280,5.183425705991026,6673292.114000118,169.89032876782377,2.5986408023225125,3848,0.25389284771707576,11308,3336646.0569999935,19640,169.89032876782045,1.0827338025742121,0.009215885947046844,10.481432009460837,7.820271388425914,4615.047345748444,2307.5236728741766
2,15156,39280,5.183425705991026,6673292.114000118,169.89032876782377,2.5986408023225125,0,0.0,11308,3336646.0569999935,19640,169.89032876782045,1.0827338025742121,0.009215885947046844,10.481432009460837,7.820271388425914,4615.047345748444,2307.5236728741766
3,15156,39280,5.183425705991026,6673292.114000118,169.89032876782377,2.5986408023225125,9718,0.641198205331222,11308,3336646.0569999935,19640,169.89032876782045,1.0827338025742121,0.009215885947046844,10.481432009460837,7.820271388425914,4615.047345748444,2307.5236728741766
4,15156,39280,5.183425705991026,6673292.114000118,169.89032876782377,2.5986408023225125,1569,0.10352335708630245,11308,3336646.0569999935,19640,169.89032876782045,1.0827338025742121,0.009215885947046844,10.481432009460837,7.820271388425914,4615.047345748444,2307.5236728741766
5,15156,39280,5.183425705991026,6673292.114000118,169.89032876782377,2.5986408023225125,19,0.001253628925837952,11308,3336646.0569999935,19640,169.89032876782045,1.0827338025742121,0.009215885947046844,10.481432009460837,7.820271388425914,4615.047345748444,2307.5236728741766
6,15156,39280,5.183425705991026,6673292.114000118,169.89032876782377,2.5986408023225125,2,0.0001319609395618897,11308,3336646.0569999935,19640,169.89032876782045,1.0827338025742121,0.009215885947046844,10.481432009460837,7.820271388425914,4615.047345748444,2307.5236728741766
