,n,m,k_avg,edge_length_total,edge_length_avg,streets_per_node_avg,streets_per_node_counts,streets_per_node_proportions,intersection_count,street_length_total,street_segment_count,street_length_avg,circuity_avg,self_loop_proportion,node_density_km,intersection_density_km,edge_density_km,street_density_km
0,24704,74904,6.064119170984456,24052188.708000336,321.10686622877733,3.0448915155440415,0,0.0,20768,12026094.353999969,37452,321.106866228772,1.0271747316213755,0.005340168749332479,2.7752868512693487,2.3331103192665896,2702.061328754956,1351.0306643774557
1,24704,74904,6.064119170984456,24052188.708000336,321.10686622877733,3.0448915155440415,3936,0.15932642487046633,20768,12026094.353999969,37452,321.106866228772,1.0271747316213755,0.005340168749332479,2.7752868512693487,2.3331103192665896,2702.061328754956,1351.0306643774557
2,24704,74904,6.064119170984456,24052188.708000336,321.10686622877733,3.0448915155440415,1,4.0479274611398965e-05,20768,12026094.353999969,37452,321.106866228772,1.0271747316213755,0.005340168749332479,2.7752868512693487,2.3331103192665896,2702.061328754956,1351.0306643774557
3,24704,74904,6.064119170984456,24052188.708000336,321.10686622877733,3.0448915155440415,11833,0.47899125647668395,20768,12026094.353999969,37452,321.106866228772,1.0271747316213755,0.005340168749332479,2.7752868512693487,2.3331103192665896,2702.061328754956,1351.0306643774557
4,24704,74904,6.064119170984456,24052188.708000336,321.10686622877733,3.0448915155440415,8892,0.3599417098445596,20768,12026094.353999969,37452,321.106866228772,1.0271747316213755,0.005340168749332479,2.7752868512693487,2.3331103192665896,2702.061328754956,1351.0306643774557
5,24704,74904,6.064119170984456,24052188.708000336,321.10686622877733,3.0448915155440415,36,0.0014572538860103627,20768,12026094.353999969,37452,321.106866228772,1.0271747316213755,0.005340168749332479,2.7752868512693487,2.3331103192665896,2702.061328754956,1351.0306643774557
6,24704,74904,6.064119170984456,24052188.708000336,321.10686622877733,3.0448915155440415,6,0.00024287564766839378,20768,12026094.353999969,37452,321.106866228772,1.0271747316213755,0.005340168749332479,2.7752868512693487,2.3331103192665896,2702.061328754956,1351.0306643774557
