,n,m,k_avg,edge_length_total,edge_length_avg,streets_per_node_avg,streets_per_node_counts,streets_per_node_proportions,intersection_count,street_length_total,street_segment_count,street_length_avg,circuity_avg,self_loop_proportion,node_density_km,intersection_density_km,edge_density_km,street_density_km
0,29341,84446,5.75617736273474,19040464.97000003,225.47503694668816,2.8814968814968815,0,0.0,23893,9520232.484999895,42223,225.47503694668535,1.198349665784826,0.006181465078274874,3.389309772854244,2.7599869944039552,2199.4490304526084,1099.7245152262906
1,29341,84446,5.75617736273474,19040464.97000003,225.47503694668816,2.8814968814968815,5448,0.18567874305579224,23893,9520232.484999895,42223,225.47503694668535,1.198349665784826,0.006181465078274874,3.389309772854244,2.7599869944039552,2199.4490304526084,1099.7245152262906
2,29341,84446,5.75617736273474,19040464.97000003,225.47503694668816,2.8814968814968815,0,0.0,23893,9520232.484999895,42223,225.47503694668535,1.198349665784826,0.006181465078274874,3.389309772854244,2.7599869944039552,2199.4490304526084,1099.7245152262906
3,29341,84446,5.75617736273474,19040464.97000003,225.47503694668816,2.8814968814968815,16582,0.5651477454756143,23893,9520232.484999895,42223,225.47503694668535,1.198349665784826,0.006181465078274874,3.389309772854244,2.7599869944039552,2199.4490304526084,1099.7245152262906
4,29341,84446,5.75617736273474,19040464.97000003,225.47503694668816,2.8814968814968815,7209,0.2456971473364916,23893,9520232.484999895,42223,225.47503694668535,1.198349665784826,0.006181465078274874,3.389309772854244,2.7599869944039552,2199.4490304526084,1099.7245152262906
5,29341,84446,5.75617736273474,19040464.97000003,225.47503694668816,2.8814968814968815,97,0.0033059541256262566,23893,9520232.484999895,42223,225.47503694668535,1.198349665784826,0.006181465078274874,3.389309772854244,2.7599869944039552,2199.4490304526084,1099.7245152262906
6,29341,84446,5.75617736273474,19040464.97000003,225.47503694668816,2.8814968814968815,4,0.0001363280051804642,23893,9520232.484999895,42223,225.47503694668535,1.198349665784826,0.006181465078274874,3.389309772854244,2.7599869944039552,2199.4490304526084,1099.7245152262906
7,29341,84446,5.75617736273474,19040464.97000003,225.47503694668816,2.8814968814968815,1,3.408200129511605e-05,23893,9520232.484999895,42223,225.47503694668535,1.198349665784826,0.006181465078274874,3.389309772854244,2.7599869944039552,2199.4490304526084,1099.7245152262906
