,n,m,k_avg,edge_length_total,edge_length_avg,streets_per_node_avg,streets_per_node_counts,streets_per_node_proportions,intersection_count,street_length_total,street_segment_count,street_length_avg,circuity_avg,self_loop_proportion,node_density_km,intersection_density_km,edge_density_km,street_density_km
0,15594,44166,5.664486340900346,10939031.521999912,247.67992396866168,2.837437475952289,0,0.0,12763,5469515.761000006,22083,247.67992396866396,1.1171095031542158,0.008241633835982429,2.222234306023552,1.8188005930344102,1558.874639147187,779.4373195736007
1,15594,44166,5.664486340900346,10939031.521999912,247.67992396866168,2.837437475952289,2831,0.1815441836603822,12763,5469515.761000006,22083,247.67992396866396,1.1171095031542158,0.008241633835982429,2.222234306023552,1.8188005930344102,1558.874639147187,779.4373195736007
2,15594,44166,5.664486340900346,10939031.521999912,247.67992396866168,2.837437475952289,0,0.0,12763,5469515.761000006,22083,247.67992396866396,1.1171095031542158,0.008241633835982429,2.222234306023552,1.8188005930344102,1558.874639147187,779.4373195736007
3,15594,44166,5.664486340900346,10939031.521999912,247.67992396866168,2.837437475952289,9678,0.6206233166602539,12763,5469515.761000006,22083,247.67992396866396,1.1171095031542158,0.008241633835982429,2.222234306023552,1.8188005930344102,1558.874639147187,779.4373195736007
4,15594,44166,5.664486340900346,10939031.521999912,247.67992396866168,2.837437475952289,3046,0.19533153777093754,12763,5469515.761000006,22083,247.67992396866396,1.1171095031542158,0.008241633835982429,2.222234306023552,1.8188005930344102,1558.874639147187,779.4373195736007
5,15594,44166,5.664486340900346,10939031.521999912,247.67992396866168,2.837437475952289,36,0.002308580223162755,12763,5469515.761000006,22083,247.67992396866396,1.1171095031542158,0.008241633835982429,2.222234306023552,1.8188005930344102,1558.874639147187,779.4373195736007
6,15594,44166,5.664486340900346,10939031.521999912,247.67992396866168,2.837437475952289,3,0.00019238168526356292,12763,5469515.761000006,22083,247.67992396866396,1.1171095031542158,0.008241633835982429,2.222234306023552,1.8188005930344102,1558.874639147187,779.4373195736007
