,n,m,k_avg,edge_length_total,edge_length_avg,streets_per_node_avg,streets_per_node_counts,streets_per_node_proportions,intersection_count,street_length_total,street_segment_count,street_length_avg,circuity_avg,self_loop_proportion,node_density_km,intersection_density_km,edge_density_km,street_density_km
0,54419,153974,5.658832393097999,22639695.047999926,147.03583103640827,2.834377698965435,0,0.0,43961,11319790.973000022,76982,147.0446464498197,1.0730992893251659,0.007235457639448183,7.38021106469334,5.961915114481778,3070.3564544466467,1535.170557874098
1,54419,153974,5.658832393097999,22639695.047999926,147.03583103640827,2.834377698965435,10458,0.19217552692993256,43961,11319790.973000022,76982,147.0446464498197,1.0730992893251659,0.007235457639448183,7.38021106469334,5.961915114481778,3070.3564544466467,1535.170557874098
2,54419,153974,5.658832393097999,22639695.047999926,147.03583103640827,2.834377698965435,0,0.0,43961,11319790.973000022,76982,147.0446464498197,1.0730992893251659,0.007235457639448183,7.38021106469334,5.961915114481778,3070.3564544466467,1535.170557874098
3,54419,153974,5.658832393097999,22639695.047999926,147.03583103640827,2.834377698965435,32216,0.5919991179551259,43961,11319790.973000022,76982,147.0446464498197,1.0730992893251659,0.007235457639448183,7.38021106469334,5.961915114481778,3070.3564544466467,1535.170557874098
4,54419,153974,5.658832393097999,22639695.047999926,147.03583103640827,2.834377698965435,11597,0.21310571675333984,43961,11319790.973000022,76982,147.0446464498197,1.0730992893251659,0.007235457639448183,7.38021106469334,5.961915114481778,3070.3564544466467,1535.170557874098
5,54419,153974,5.658832393097999,22639695.047999926,147.03583103640827,2.834377698965435,138,0.0025358790128447786,43961,11319790.973000022,76982,147.0446464498197,1.0730992893251659,0.007235457639448183,7.38021106469334,5.961915114481778,3070.3564544466467,1535.170557874098
6,54419,153974,5.658832393097999,22639695.047999926,147.03583103640827,2.834377698965435,10,0.000183759348756868,43961,11319790.973000022,76982,147.0446464498197,1.0730992893251659,0.007235457639448183,7.38021106469334,5.961915114481778,3070.3564544466467,1535.170557874098
