,n,m,k_avg,edge_length_total,edge_length_avg,streets_per_node_avg,streets_per_node_counts,streets_per_node_proportions,intersection_count,street_length_total,street_segment_count,street_length_avg,circuity_avg,self_loop_proportion,node_density_km,intersection_density_km,edge_density_km,street_density_km
0,162050,401718,4.957951249614316,40736329.927999936,101.40528910330116,2.4807898796667693,0,0.0,114998,20368164.963999733,200859,101.40528910329999,1.108249626806124,0.01675802428569295,30.98427868104115,21.98784375046202,7788.86639266885,3894.4331963343798
1,162050,401718,4.957951249614316,40736329.927999936,101.40528910330116,2.4807898796667693,47052,0.2903548287565566,114998,20368164.963999733,200859,101.40528910329999,1.108249626806124,0.01675802428569295,30.98427868104115,21.98784375046202,7788.86639266885,3894.4331963343798
2,162050,401718,4.957951249614316,40736329.927999936,101.40528910330116,2.4807898796667693,0,0.0,114998,20368164.963999733,200859,101.40528910329999,1.108249626806124,0.01675802428569295,30.98427868104115,21.98784375046202,7788.86639266885,3894.4331963343798
3,162050,401718,4.957951249614316,40736329.927999936,101.40528910330116,2.4807898796667693,105299,0.6497932736809626,114998,20368164.963999733,200859,101.40528910329999,1.108249626806124,0.01675802428569295,30.98427868104115,21.98784375046202,7788.86639266885,3894.4331963343798
4,162050,401718,4.957951249614316,40736329.927999936,101.40528910330116,2.4807898796667693,9447,0.058296821968528235,114998,20368164.963999733,200859,101.40528910329999,1.108249626806124,0.01675802428569295,30.98427868104115,21.98784375046202,7788.86639266885,3894.4331963343798
5,162050,401718,4.957951249614316,40736329.927999936,101.40528910330116,2.4807898796667693,237,0.0014625115705029312,114998,20368164.963999733,200859,101.40528910329999,1.108249626806124,0.01675802428569295,30.98427868104115,21.98784375046202,7788.86639266885,3894.4331963343798
6,162050,401718,4.957951249614316,40736329.927999936,101.40528910330116,2.4807898796667693,15,9.25640234495526e-05,114998,20368164.963999733,200859,101.40528910329999,1.108249626806124,0.01675802428569295,30.98427868104115,21.98784375046202,7788.86639266885,3894.4331963343798
