,n,m,k_avg,edge_length_total,edge_length_avg,streets_per_node_avg,streets_per_node_counts,streets_per_node_proportions,intersection_count,street_length_total,street_segment_count,street_length_avg,circuity_avg,self_loop_proportion,node_density_km,intersection_density_km,edge_density_km,street_density_km
0,25970,66754,5.140854832499038,8283657.935999996,124.0923081163675,2.5729303041971505,0,0.0,19127,4141828.968000009,33377,124.09230811636783,1.0853960212276796,0.010785870509632381,15.290368973615125,11.261412682261705,4877.173134103005,2438.586567051509
1,25970,66754,5.140854832499038,8283657.935999996,124.0923081163675,2.5729303041971505,6843,0.2634963419329996,19127,4141828.968000009,33377,124.09230811636783,1.0853960212276796,0.010785870509632381,15.290368973615125,11.261412682261705,4877.173134103005,2438.586567051509
2,25970,66754,5.140854832499038,8283657.935999996,124.0923081163675,2.5729303041971505,0,0.0,19127,4141828.968000009,33377,124.09230811636783,1.0853960212276796,0.010785870509632381,15.290368973615125,11.261412682261705,4877.173134103005,2438.586567051509
3,25970,66754,5.140854832499038,8283657.935999996,124.0923081163675,2.5729303041971505,16596,0.6390450519830574,19127,4141828.968000009,33377,124.09230811636783,1.0853960212276796,0.010785870509632381,15.290368973615125,11.261412682261705,4877.173134103005,2438.586567051509
4,25970,66754,5.140854832499038,8283657.935999996,124.0923081163675,2.5729303041971505,2474,0.09526376588371198,19127,4141828.968000009,33377,124.09230811636783,1.0853960212276796,0.010785870509632381,15.290368973615125,11.261412682261705,4877.173134103005,2438.586567051509
5,25970,66754,5.140854832499038,8283657.935999996,124.0923081163675,2.5729303041971505,51,0.0019638043896804003,19127,4141828.968000009,33377,124.09230811636783,1.0853960212276796,0.010785870509632381,15.290368973615125,11.261412682261705,4877.173134103005,2438.586567051509
6,25970,66754,5.140854832499038,8283657.935999996,124.0923081163675,2.5729303041971505,5,0.00019252984212552945,19127,4141828.968000009,33377,124.09230811636783,1.0853960212276796,0.010785870509632381,15.290368973615125,11.261412682261705,4877.173134103005,2438.586567051509
7,25970,66754,5.140854832499038,8283657.935999996,124.0923081163675,2.5729303041971505,1,3.850596842510589e-05,19127,4141828.968000009,33377,124.09230811636783,1.0853960212276796,0.010785870509632381,15.290368973615125,11.261412682261705,4877.173134103005,2438.586567051509
