,n,m,k_avg,edge_length_total,edge_length_avg,streets_per_node_avg,streets_per_node_counts,streets_per_node_proportions,intersection_count,street_length_total,street_segment_count,street_length_avg,circuity_avg,self_loop_proportion,node_density_km,intersection_density_km,edge_density_km,street_density_km
0,58921,152620,5.180495918263437,26974330.167998537,176.74177806315382,2.592013034401996,0,0.0,43909,13487165.083999969,76310,176.741778063163,1.1006508583789147,0.009395885205084524,7.509720542762694,5.596380226271909,3437.9878377807927,1718.9939188904857
1,58921,152620,5.180495918263437,26974330.167998537,176.74177806315382,2.592013034401996,15012,0.2547818265134672,43909,13487165.083999969,76310,176.741778063163,1.1006508583789147,0.009395885205084524,7.509720542762694,5.596380226271909,3437.9878377807927,1718.9939188904857
2,58921,152620,5.180495918263437,26974330.167998537,176.74177806315382,2.592013034401996,0,0.0,43909,13487165.083999969,76310,176.741778063163,1.1006508583789147,0.009395885205084524,7.509720542762694,5.596380226271909,3437.9878377807927,1718.9939188904857
3,58921,152620,5.180495918263437,26974330.167998537,176.74177806315382,2.592013034401996,38048,0.6457459988798561,43909,13487165.083999969,76310,176.741778063163,1.1006508583789147,0.009395885205084524,7.509720542762694,5.596380226271909,3437.9878377807927,1718.9939188904857
4,58921,152620,5.180495918263437,26974330.167998537,176.74177806315382,2.592013034401996,5745,0.09750343680521376,43909,13487165.083999969,76310,176.741778063163,1.1006508583789147,0.009395885205084524,7.509720542762694,5.596380226271909,3437.9878377807927,1718.9939188904857
5,58921,152620,5.180495918263437,26974330.167998537,176.74177806315382,2.592013034401996,108,0.0018329627806724258,43909,13487165.083999969,76310,176.741778063163,1.1006508583789147,0.009395885205084524,7.509720542762694,5.596380226271909,3437.9878377807927,1718.9939188904857
6,58921,152620,5.180495918263437,26974330.167998537,176.74177806315382,2.592013034401996,8,0.00013577502079055006,43909,13487165.083999969,76310,176.741778063163,1.1006508583789147,0.009395885205084524,7.509720542762694,5.596380226271909,3437.9878377807927,1718.9939188904857
