,n,m,k_avg,edge_length_total,edge_length_avg,streets_per_node_avg,streets_per_node_counts,streets_per_node_proportions,intersection_count,street_length_total,street_segment_count,street_length_avg,circuity_avg,self_loop_proportion,node_density_km,intersection_density_km,edge_density_km,street_density_km
0,22498,53500,4.755978309183038,8679258.142000047,162.2291241495336,2.38118943906125,0,0.0,14867,4339629.0710000135,26750,162.22912414953322,1.0906942742654486,0.012560747663551402,10.283575028112038,6.795533378208804,3967.1882963645558,1983.594148182273
1,22498,53500,4.755978309183038,8679258.142000047,162.2291241495336,2.38118943906125,7631,0.3391857053960352,14867,4339629.0710000135,26750,162.22912414953322,1.0906942742654486,0.012560747663551402,10.283575028112038,6.795533378208804,3967.1882963645558,1983.594148182273
2,22498,53500,4.755978309183038,8679258.142000047,162.2291241495336,2.38118943906125,0,0.0,14867,4339629.0710000135,26750,162.22912414953322,1.0906942742654486,0.012560747663551402,10.283575028112038,6.795533378208804,3967.1882963645558,1983.594148182273
3,22498,53500,4.755978309183038,8679258.142000047,162.2291241495336,2.38118943906125,13540,0.6018312738910125,14867,4339629.0710000135,26750,162.22912414953322,1.0906942742654486,0.012560747663551402,10.283575028112038,6.795533378208804,3967.1882963645558,1983.594148182273
4,22498,53500,4.755978309183038,8679258.142000047,162.2291241495336,2.38118943906125,1314,0.05840519157258423,14867,4339629.0710000135,26750,162.22912414953322,1.0906942742654486,0.012560747663551402,10.283575028112038,6.795533378208804,3967.1882963645558,1983.594148182273
5,22498,53500,4.755978309183038,8679258.142000047,162.2291241495336,2.38118943906125,13,0.0005778291403680327,14867,4339629.0710000135,26750,162.22912414953322,1.0906942742654486,0.012560747663551402,10.283575028112038,6.795533378208804,3967.1882963645558,1983.594148182273
