,n,m,k_avg,edge_length_total,edge_length_avg,streets_per_node_avg,streets_per_node_counts,streets_per_node_proportions,intersection_count,street_length_total,street_segment_count,street_length_avg,circuity_avg,self_loop_proportion,node_density_km,intersection_density_km,edge_density_km,street_density_km
0,17930,51706,5.767540435025097,14460088.274000056,279.65977399141406,2.8962632459564976,0,0.0,15298,7230044.1370000215,25853,279.65977399141383,1.0751248107748104,0.008587011178586625,4.971029151897731,4.241316450961042,4009.0083853356846,2004.5041926678405
1,17930,51706,5.767540435025097,14460088.274000056,279.65977399141406,2.8962632459564976,2632,0.1467930842163971,15298,7230044.1370000215,25853,279.65977399141383,1.0751248107748104,0.008587011178586625,4.971029151897731,4.241316450961042,4009.0083853356846,2004.5041926678405
2,17930,51706,5.767540435025097,14460088.274000056,279.65977399141406,2.8962632459564976,0,0.0,15298,7230044.1370000215,25853,279.65977399141383,1.0751248107748104,0.008587011178586625,4.971029151897731,4.241316450961042,4009.0083853356846,2004.5041926678405
3,17930,51706,5.767540435025097,14460088.274000056,279.65977399141406,2.8962632459564976,11958,0.6669269380925823,15298,7230044.1370000215,25853,279.65977399141383,1.0751248107748104,0.008587011178586625,4.971029151897731,4.241316450961042,4009.0083853356846,2004.5041926678405
4,17930,51706,5.767540435025097,14460088.274000056,279.65977399141406,2.8962632459564976,3279,0.18287785833798104,15298,7230044.1370000215,25853,279.65977399141383,1.0751248107748104,0.008587011178586625,4.971029151897731,4.241316450961042,4009.0083853356846,2004.5041926678405
5,17930,51706,5.767540435025097,14460088.274000056,279.65977399141406,2.8962632459564976,58,0.0032348020078081428,15298,7230044.1370000215,25853,279.65977399141383,1.0751248107748104,0.008587011178586625,4.971029151897731,4.241316450961042,4009.0083853356846,2004.5041926678405
6,17930,51706,5.767540435025097,14460088.274000056,279.65977399141406,2.8962632459564976,3,0.00016731734523145567,15298,7230044.1370000215,25853,279.65977399141383,1.0751248107748104,0.008587011178586625,4.971029151897731,4.241316450961042,4009.0083853356846,2004.5041926678405
