,n,m,k_avg,edge_length_total,edge_length_avg,streets_per_node_avg,streets_per_node_counts,streets_per_node_proportions,intersection_count,street_length_total,street_segment_count,street_length_avg,circuity_avg,self_loop_proportion,node_density_km,intersection_density_km,edge_density_km,street_density_km
0,17190,43514,5.062710878417684,9387778.601999998,215.74156827687636,2.5379872018615472,0,0.0,12277,4693889.301000008,21757,215.7415682768768,1.1472500199863926,0.00877878383968378,7.617175384482288,5.440143234164576,4159.881098436529,2079.9405492182686
1,17190,43514,5.062710878417684,9387778.601999998,215.74156827687636,2.5379872018615472,4913,0.2858057009889471,12277,4693889.301000008,21757,215.7415682768768,1.1472500199863926,0.00877878383968378,7.617175384482288,5.440143234164576,4159.881098436529,2079.9405492182686
2,17190,43514,5.062710878417684,9387778.601999998,215.74156827687636,2.5379872018615472,0,0.0,12277,4693889.301000008,21757,215.7415682768768,1.1472500199863926,0.00877878383968378,7.617175384482288,5.440143234164576,4159.881098436529,2079.9405492182686
3,17190,43514,5.062710878417684,9387778.601999998,215.74156827687636,2.5379872018615472,10446,0.6076788830715533,12277,4693889.301000008,21757,215.7415682768768,1.1472500199863926,0.00877878383968378,7.617175384482288,5.440143234164576,4159.881098436529,2079.9405492182686
4,17190,43514,5.062710878417684,9387778.601999998,215.74156827687636,2.5379872018615472,1784,0.10378126817917394,12277,4693889.301000008,21757,215.7415682768768,1.1472500199863926,0.00877878383968378,7.617175384482288,5.440143234164576,4159.881098436529,2079.9405492182686
5,17190,43514,5.062710878417684,9387778.601999998,215.74156827687636,2.5379872018615472,41,0.002385107620709715,12277,4693889.301000008,21757,215.7415682768768,1.1472500199863926,0.00877878383968378,7.617175384482288,5.440143234164576,4159.881098436529,2079.9405492182686
6,17190,43514,5.062710878417684,9387778.601999998,215.74156827687636,2.5379872018615472,6,0.00034904013961605586,12277,4693889.301000008,21757,215.7415682768768,1.1472500199863926,0.00877878383968378,7.617175384482288,5.440143234164576,4159.881098436529,2079.9405492182686
