,n,m,k_avg,edge_length_total,edge_length_avg,streets_per_node_avg,streets_per_node_counts,streets_per_node_proportions,intersection_count,street_length_total,street_segment_count,street_length_avg,circuity_avg,self_loop_proportion,node_density_km,intersection_density_km,edge_density_km,street_density_km
0,199923,515926,5.1612470801258485,46855291.65799841,90.81785306031952,2.5826393161367127,0,0.0,148077,23427645.82900055,257963,90.81785306032474,1.1297482631519082,0.013133666456042145,48.02961876196628,35.574105317625694,11256.542745529043,5628.271372764844
1,199923,515926,5.1612470801258485,46855291.65799841,90.81785306031952,2.5826393161367127,51846,0.2593298419891658,148077,23427645.82900055,257963,90.81785306032474,1.1297482631519082,0.013133666456042145,48.02961876196628,35.574105317625694,11256.542745529043,5628.271372764844
2,199923,515926,5.1612470801258485,46855291.65799841,90.81785306031952,2.5826393161367127,0,0.0,148077,23427645.82900055,257963,90.81785306032474,1.1297482631519082,0.013133666456042145,48.02961876196628,35.574105317625694,11256.542745529043,5628.271372764844
3,199923,515926,5.1612470801258485,46855291.65799841,90.81785306031952,2.5826393161367127,128220,0.641346918563647,148077,23427645.82900055,257963,90.81785306032474,1.1297482631519082,0.013133666456042145,48.02961876196628,35.574105317625694,11256.542745529043,5628.271372764844
4,199923,515926,5.1612470801258485,46855291.65799841,90.81785306031952,2.5826393161367127,19482,0.09744751729415825,148077,23427645.82900055,257963,90.81785306032474,1.1297482631519082,0.013133666456042145,48.02961876196628,35.574105317625694,11256.542745529043,5628.271372764844
5,199923,515926,5.1612470801258485,46855291.65799841,90.81785306031952,2.5826393161367127,355,0.0017756836382007072,148077,23427645.82900055,257963,90.81785306032474,1.1297482631519082,0.013133666456042145,48.02961876196628,35.574105317625694,11256.542745529043,5628.271372764844
6,199923,515926,5.1612470801258485,46855291.65799841,90.81785306031952,2.5826393161367127,20,0.00010003851482820887,148077,23427645.82900055,257963,90.81785306032474,1.1297482631519082,0.013133666456042145,48.02961876196628,35.574105317625694,11256.542745529043,5628.271372764844
