,n,m,k_avg,edge_length_total,edge_length_avg,streets_per_node_avg,streets_per_node_counts,streets_per_node_proportions,intersection_count,street_length_total,street_segment_count,street_length_avg,circuity_avg,self_loop_proportion,node_density_km,intersection_density_km,edge_density_km,street_density_km
0,32030,81670,5.099594130502654,17881534.069999825,218.9486233623096,2.555666562597565,0,0.0,23565,8940767.034999939,40835,218.94862336231023,1.0956259447999612,0.02035018978817191,6.073599525770481,4.468447481260736,3390.7360864064826,1695.368043203246
1,32030,81670,5.099594130502654,17881534.069999825,218.9486233623096,2.555666562597565,8465,0.26428348423353104,23565,8940767.034999939,40835,218.94862336231023,1.0956259447999612,0.02035018978817191,6.073599525770481,4.468447481260736,3390.7360864064826,1695.368043203246
2,32030,81670,5.099594130502654,17881534.069999825,218.9486233623096,2.555666562597565,0,0.0,23565,8940767.034999939,40835,218.94862336231023,1.0956259447999612,0.02035018978817191,6.073599525770481,4.468447481260736,3390.7360864064826,1695.368043203246
3,32030,81670,5.099594130502654,17881534.069999825,218.9486233623096,2.555666562597565,20921,0.6531689041523572,23565,8940767.034999939,40835,218.94862336231023,1.0956259447999612,0.02035018978817191,6.073599525770481,4.468447481260736,3390.7360864064826,1695.368043203246
4,32030,81670,5.099594130502654,17881534.069999825,218.9486233623096,2.555666562597565,2592,0.08092413362472682,23565,8940767.034999939,40835,218.94862336231023,1.0956259447999612,0.02035018978817191,6.073599525770481,4.468447481260736,3390.7360864064826,1695.368043203246
5,32030,81670,5.099594130502654,17881534.069999825,218.9486233623096,2.555666562597565,50,0.0015610365282547611,23565,8940767.034999939,40835,218.94862336231023,1.0956259447999612,0.02035018978817191,6.073599525770481,4.468447481260736,3390.7360864064826,1695.368043203246
6,32030,81670,5.099594130502654,17881534.069999825,218.9486233623096,2.555666562597565,2,6.244146113019045e-05,23565,8940767.034999939,40835,218.94862336231023,1.0956259447999612,0.02035018978817191,6.073599525770481,4.468447481260736,3390.7360864064826,1695.368043203246
