,n,m,k_avg,edge_length_total,edge_length_avg,streets_per_node_avg,streets_per_node_counts,streets_per_node_proportions,intersection_count,street_length_total,street_segment_count,street_length_avg,circuity_avg,self_loop_proportion,node_density_km,intersection_density_km,edge_density_km,street_density_km
0,74837,179430,4.795221614976549,26470820.01600012,147.52728092292327,2.400243195210925,0,0.0,50523,13235410.007999843,89715,147.52728092292085,1.1401243351649801,0.01625146296605919,17.330646588860716,11.700044865628097,6130.075051306686,3065.0375256532925
1,74837,179430,4.795221614976549,26470820.01600012,147.52728092292327,2.400243195210925,24314,0.3248927669468311,50523,13235410.007999843,89715,147.52728092292085,1.1401243351649801,0.01625146296605919,17.330646588860716,11.700044865628097,6130.075051306686,3065.0375256532925
2,74837,179430,4.795221614976549,26470820.01600012,147.52728092292327,2.400243195210925,0,0.0,50523,13235410.007999843,89715,147.52728092292085,1.1401243351649801,0.01625146296605919,17.330646588860716,11.700044865628097,6130.075051306686,3065.0375256532925
3,74837,179430,4.795221614976549,26470820.01600012,147.52728092292327,2.400243195210925,46864,0.6262143057578471,50523,13235410.007999843,89715,147.52728092292085,1.1401243351649801,0.01625146296605919,17.330646588860716,11.700044865628097,6130.075051306686,3065.0375256532925
4,74837,179430,4.795221614976549,26470820.01600012,147.52728092292327,2.400243195210925,3577,0.04779721260873632,50523,13235410.007999843,89715,147.52728092292085,1.1401243351649801,0.01625146296605919,17.330646588860716,11.700044865628097,6130.075051306686,3065.0375256532925
5,74837,179430,4.795221614976549,26470820.01600012,147.52728092292327,2.400243195210925,79,0.0010556275639055548,50523,13235410.007999843,89715,147.52728092292085,1.1401243351649801,0.01625146296605919,17.330646588860716,11.700044865628097,6130.075051306686,3065.0375256532925
6,74837,179430,4.795221614976549,26470820.01600012,147.52728092292327,2.400243195210925,3,4.008712267995778e-05,50523,13235410.007999843,89715,147.52728092292085,1.1401243351649801,0.01625146296605919,17.330646588860716,11.700044865628097,6130.075051306686,3065.0375256532925
