,n,m,k_avg,edge_length_total,edge_length_avg,streets_per_node_avg,streets_per_node_counts,streets_per_node_proportions,intersection_count,street_length_total,street_segment_count,street_length_avg,circuity_avg,self_loop_proportion,node_density_km,intersection_density_km,edge_density_km,street_density_km
0,30937,80782,5.222355108769435,13088983.655999985,162.02846743086312,2.6121149432718105,0,0.0,23368,6544491.828000037,40391,162.02846743086423,1.114920907853208,0.02205936966155827,7.356140197697189,5.556397974586673,3112.273291492485,1556.136645746253
1,30937,80782,5.222355108769435,13088983.655999985,162.02846743086312,2.6121149432718105,7569,0.24465849953130556,23368,6544491.828000037,40391,162.02846743086423,1.114920907853208,0.02205936966155827,7.356140197697189,5.556397974586673,3112.273291492485,1556.136645746253
2,30937,80782,5.222355108769435,13088983.655999985,162.02846743086312,2.6121149432718105,0,0.0,23368,6544491.828000037,40391,162.02846743086423,1.114920907853208,0.02205936966155827,7.356140197697189,5.556397974586673,3112.273291492485,1556.136645746253
3,30937,80782,5.222355108769435,13088983.655999985,162.02846743086312,2.6121149432718105,20385,0.658919740117012,23368,6544491.828000037,40391,162.02846743086423,1.114920907853208,0.02205936966155827,7.356140197697189,5.556397974586673,3112.273291492485,1556.136645746253
4,30937,80782,5.222355108769435,13088983.655999985,162.02846743086312,2.6121149432718105,2844,0.09192875844458093,23368,6544491.828000037,40391,162.02846743086423,1.114920907853208,0.02205936966155827,7.356140197697189,5.556397974586673,3112.273291492485,1556.136645746253
5,30937,80782,5.222355108769435,13088983.655999985,162.02846743086312,2.6121149432718105,123,0.003975821831463943,23368,6544491.828000037,40391,162.02846743086423,1.114920907853208,0.02205936966155827,7.356140197697189,5.556397974586673,3112.273291492485,1556.136645746253
6,30937,80782,5.222355108769435,13088983.655999985,162.02846743086312,2.6121149432718105,16,0.000517180075637586,23368,6544491.828000037,40391,162.02846743086423,1.114920907853208,0.02205936966155827,7.356140197697189,5.556397974586673,3112.273291492485,1556.136645746253
