,n,m,k_avg,edge_length_total,edge_length_avg,streets_per_node_avg,streets_per_node_counts,streets_per_node_proportions,intersection_count,street_length_total,street_segment_count,street_length_avg,circuity_avg,self_loop_proportion,node_density_km,intersection_density_km,edge_density_km,street_density_km
0,13337,33800,5.068606133313339,8472293.000000093,250.6595562130205,2.5392517057809103,0,0.0,9732,4236146.500000021,16900,250.65955621301902,1.1010379738168075,0.012958579881656804,5.120655836606154,3.736539146873442,3252.8827022484775,1626.441351124229
1,13337,33800,5.068606133313339,8472293.000000093,250.6595562130205,2.5392517057809103,3605,0.27030066731648794,9732,4236146.500000021,16900,250.65955621301902,1.1010379738168075,0.012958579881656804,5.120655836606154,3.736539146873442,3252.8827022484775,1626.441351124229
2,13337,33800,5.068606133313339,8472293.000000093,250.6595562130205,2.5392517057809103,0,0.0,9732,4236146.500000021,16900,250.65955621301902,1.1010379738168075,0.012958579881656804,5.120655836606154,3.736539146873442,3252.8827022484775,1626.441351124229
3,13337,33800,5.068606133313339,8472293.000000093,250.6595562130205,2.5392517057809103,8684,0.6511209417410212,9732,4236146.500000021,16900,250.65955621301902,1.1010379738168075,0.012958579881656804,5.120655836606154,3.736539146873442,3252.8827022484775,1626.441351124229
4,13337,33800,5.068606133313339,8472293.000000093,250.6595562130205,2.5392517057809103,1032,0.07737872085176577,9732,4236146.500000021,16900,250.65955621301902,1.1010379738168075,0.012958579881656804,5.120655836606154,3.736539146873442,3252.8827022484775,1626.441351124229
5,13337,33800,5.068606133313339,8472293.000000093,250.6595562130205,2.5392517057809103,15,0.0011246907100547349,9732,4236146.500000021,16900,250.65955621301902,1.1010379738168075,0.012958579881656804,5.120655836606154,3.736539146873442,3252.8827022484775,1626.441351124229
6,13337,33800,5.068606133313339,8472293.000000093,250.6595562130205,2.5392517057809103,1,7.497938067031566e-05,9732,4236146.500000021,16900,250.65955621301902,1.1010379738168075,0.012958579881656804,5.120655836606154,3.736539146873442,3252.8827022484775,1626.441351124229
