,n,m,k_avg,edge_length_total,edge_length_avg,streets_per_node_avg,streets_per_node_counts,streets_per_node_proportions,intersection_count,street_length_total,street_segment_count,street_length_avg,circuity_avg,self_loop_proportion,node_density_km,intersection_density_km,edge_density_km,street_density_km
0,21178,57052,5.387855321560109,10932069.874000013,191.615892063381,2.695155349891397,0,0.0,16574,5466034.937000004,28526,191.6158920633809,1.0881594063959796,0.016896866016966976,10.577459844798534,8.277968621573846,5460.077916364478,2730.0389581822374
1,21178,57052,5.387855321560109,10932069.874000013,191.615892063381,2.695155349891397,4604,0.21739541033147605,16574,5466034.937000004,28526,191.6158920633809,1.0881594063959796,0.016896866016966976,10.577459844798534,8.277968621573846,5460.077916364478,2730.0389581822374
2,21178,57052,5.387855321560109,10932069.874000013,191.615892063381,2.695155349891397,0,0.0,16574,5466034.937000004,28526,191.6158920633809,1.0881594063959796,0.016896866016966976,10.577459844798534,8.277968621573846,5460.077916364478,2730.0389581822374
3,21178,57052,5.387855321560109,10932069.874000013,191.615892063381,2.695155349891397,13854,0.6541694210973652,16574,5466034.937000004,28526,191.6158920633809,1.0881594063959796,0.016896866016966976,10.577459844798534,8.277968621573846,5460.077916364478,2730.0389581822374
4,21178,57052,5.387855321560109,10932069.874000013,191.615892063381,2.695155349891397,2690,0.12701860421191802,16574,5466034.937000004,28526,191.6158920633809,1.0881594063959796,0.016896866016966976,10.577459844798534,8.277968621573846,5460.077916364478,2730.0389581822374
5,21178,57052,5.387855321560109,10932069.874000013,191.615892063381,2.695155349891397,28,0.00132212673529134,16574,5466034.937000004,28526,191.6158920633809,1.0881594063959796,0.016896866016966976,10.577459844798534,8.277968621573846,5460.077916364478,2730.0389581822374
6,21178,57052,5.387855321560109,10932069.874000013,191.615892063381,2.695155349891397,2,9.443762394938144e-05,16574,5466034.937000004,28526,191.6158920633809,1.0881594063959796,0.016896866016966976,10.577459844798534,8.277968621573846,5460.077916364478,2730.0389581822374
