,n,m,k_avg,edge_length_total,edge_length_avg,streets_per_node_avg,streets_per_node_counts,streets_per_node_proportions,intersection_count,street_length_total,street_segment_count,street_length_avg,circuity_avg,self_loop_proportion,node_density_km,intersection_density_km,edge_density_km,street_density_km
0,23754,59390,5.000420981729393,10126529.025999751,170.5089918504757,2.5051359770985937,0,0.0,17155,5063264.513000004,29695,170.50899185048002,1.1527382444881111,0.023370937868328,12.496102963077906,9.024612542376083,5327.193288182618,2663.5966440913767
1,23754,59390,5.000420981729393,10126529.025999751,170.5089918504757,2.5051359770985937,6599,0.27780584322640395,17155,5063264.513000004,29695,170.50899185048002,1.1527382444881111,0.023370937868328,12.496102963077906,9.024612542376083,5327.193288182618,2663.5966440913767
2,23754,59390,5.000420981729393,10126529.025999751,170.5089918504757,2.5051359770985937,0,0.0,17155,5063264.513000004,29695,170.50899185048002,1.1527382444881111,0.023370937868328,12.496102963077906,9.024612542376083,5327.193288182618,2663.5966440913767
3,23754,59390,5.000420981729393,10126529.025999751,170.5089918504757,2.5051359770985937,15741,0.6626673402374337,17155,5063264.513000004,29695,170.50899185048002,1.1527382444881111,0.023370937868328,12.496102963077906,9.024612542376083,5327.193288182618,2663.5966440913767
4,23754,59390,5.000420981729393,10126529.025999751,170.5089918504757,2.5051359770985937,1387,0.05839016586680138,17155,5063264.513000004,29695,170.50899185048002,1.1527382444881111,0.023370937868328,12.496102963077906,9.024612542376083,5327.193288182618,2663.5966440913767
5,23754,59390,5.000420981729393,10126529.025999751,170.5089918504757,2.5051359770985937,25,0.0010524543234823609,17155,5063264.513000004,29695,170.50899185048002,1.1527382444881111,0.023370937868328,12.496102963077906,9.024612542376083,5327.193288182618,2663.5966440913767
6,23754,59390,5.000420981729393,10126529.025999751,170.5089918504757,2.5051359770985937,2,8.419634587858886e-05,17155,5063264.513000004,29695,170.50899185048002,1.1527382444881111,0.023370937868328,12.496102963077906,9.024612542376083,5327.193288182618,2663.5966440913767
