,n,m,k_avg,edge_length_total,edge_length_avg,streets_per_node_avg,streets_per_node_counts,streets_per_node_proportions,intersection_count,street_length_total,street_segment_count,street_length_avg,circuity_avg,self_loop_proportion,node_density_km,intersection_density_km,edge_density_km,street_density_km
0,15953,40826,5.118284962076099,8198684.753999971,200.820182089844,2.560082743057732,0,0.0,11428,4099342.376999989,20413,200.82018208984417,1.0640791897908466,0.007250281683241072,1.7337275513909236,1.2419631703939995,891.0101951468981,445.5050975734495
1,15953,40826,5.118284962076099,8198684.753999971,200.820182089844,2.560082743057732,4525,0.28364570927098354,11428,4099342.376999989,20413,200.82018208984417,1.0640791897908466,0.007250281683241072,1.7337275513909236,1.2419631703939995,891.0101951468981,445.5050975734495
2,15953,40826,5.118284962076099,8198684.753999971,200.820182089844,2.560082743057732,0,0.0,11428,4099342.376999989,20413,200.82018208984417,1.0640791897908466,0.007250281683241072,1.7337275513909236,1.2419631703939995,891.0101951468981,445.5050975734495
3,15953,40826,5.118284962076099,8198684.753999971,200.820182089844,2.560082743057732,9415,0.5901711276875823,11428,4099342.376999989,20413,200.82018208984417,1.0640791897908466,0.007250281683241072,1.7337275513909236,1.2419631703939995,891.0101951468981,445.5050975734495
4,15953,40826,5.118284962076099,8198684.753999971,200.820182089844,2.560082743057732,1994,0.12499216448316931,11428,4099342.376999989,20413,200.82018208984417,1.0640791897908466,0.007250281683241072,1.7337275513909236,1.2419631703939995,891.0101951468981,445.5050975734495
5,15953,40826,5.118284962076099,8198684.753999971,200.820182089844,2.560082743057732,19,0.0011909985582649032,11428,4099342.376999989,20413,200.82018208984417,1.0640791897908466,0.007250281683241072,1.7337275513909236,1.2419631703939995,891.0101951468981,445.5050975734495
