,n,m,k_avg,edge_length_total,edge_length_avg,streets_per_node_avg,streets_per_node_counts,streets_per_node_proportions,intersection_count,street_length_total,street_segment_count,street_length_avg,circuity_avg,self_loop_proportion,node_density_km,intersection_density_km,edge_density_km,street_density_km
0,48934,129762,5.303551722728574,25948070.865999866,199.96663789090695,2.657497854252667,0,0.0,36459,12974035.432999972,64881,199.96663789090755,1.1401207073054214,0.0070744902205576365,7.451397083869811,5.551773537434288,3951.2277676658073,1975.6138838329096
1,48934,129762,5.303551722728574,25948070.865999866,199.96663789090695,2.657497854252667,12475,0.254935218866228,36459,12974035.432999972,64881,199.96663789090755,1.1401207073054214,0.0070744902205576365,7.451397083869811,5.551773537434288,3951.2277676658073,1975.6138838329096
2,48934,129762,5.303551722728574,25948070.865999866,199.96663789090695,2.657497854252667,0,0.0,36459,12974035.432999972,64881,199.96663789090755,1.1401207073054214,0.0070744902205576365,7.451397083869811,5.551773537434288,3951.2277676658073,1975.6138838329096
3,48934,129762,5.303551722728574,25948070.865999866,199.96663789090695,2.657497854252667,28340,0.5791474230596313,36459,12974035.432999972,64881,199.96663789090755,1.1401207073054214,0.0070744902205576365,7.451397083869811,5.551773537434288,3951.2277676658073,1975.6138838329096
4,48934,129762,5.303551722728574,25948070.865999866,199.96663789090695,2.657497854252667,8052,0.16454816691870683,36459,12974035.432999972,64881,199.96663789090755,1.1401207073054214,0.0070744902205576365,7.451397083869811,5.551773537434288,3951.2277676658073,1975.6138838329096
5,48934,129762,5.303551722728574,25948070.865999866,199.96663789090695,2.657497854252667,63,0.00128744839988556,36459,12974035.432999972,64881,199.96663789090755,1.1401207073054214,0.0070744902205576365,7.451397083869811,5.551773537434288,3951.2277676658073,1975.6138838329096
6,48934,129762,5.303551722728574,25948070.865999866,199.96663789090695,2.657497854252667,4,8.174275554828953e-05,36459,12974035.432999972,64881,199.96663789090755,1.1401207073054214,0.0070744902205576365,7.451397083869811,5.551773537434288,3951.2277676658073,1975.6138838329096
