,n,m,k_avg,edge_length_total,edge_length_avg,streets_per_node_avg,streets_per_node_counts,streets_per_node_proportions,intersection_count,street_length_total,street_segment_count,street_length_avg,circuity_avg,self_loop_proportion,node_density_km,intersection_density_km,edge_density_km,street_density_km
0,69191,181264,5.23952537179691,22816175.332000118,125.87262408420932,2.621381393533841,0,0.0,51928,11408087.66599992,90632,125.87262408420777,1.105970317521391,0.010470915349986759,18.82909073979504,14.131274644622518,6209.013248273668,3104.506624136796
1,69191,181264,5.23952537179691,22816175.332000118,125.87262408420932,2.621381393533841,17263,0.24949776705062798,51928,11408087.66599992,90632,125.87262408420777,1.105970317521391,0.010470915349986759,18.82909073979504,14.131274644622518,6209.013248273668,3104.506624136796
2,69191,181264,5.23952537179691,22816175.332000118,125.87262408420932,2.621381393533841,0,0.0,51928,11408087.66599992,90632,125.87262408420777,1.105970317521391,0.010470915349986759,18.82909073979504,14.131274644622518,6209.013248273668,3104.506624136796
3,69191,181264,5.23952537179691,22816175.332000118,125.87262408420932,2.621381393533841,43771,0.6326111777543322,51928,11408087.66599992,90632,125.87262408420777,1.105970317521391,0.010470915349986759,18.82909073979504,14.131274644622518,6209.013248273668,3104.506624136796
4,69191,181264,5.23952537179691,22816175.332000118,125.87262408420932,2.621381393533841,7994,0.11553525747568326,51928,11408087.66599992,90632,125.87262408420777,1.105970317521391,0.010470915349986759,18.82909073979504,14.131274644622518,6209.013248273668,3104.506624136796
5,69191,181264,5.23952537179691,22816175.332000118,125.87262408420932,2.621381393533841,156,0.0022546284921449323,51928,11408087.66599992,90632,125.87262408420777,1.105970317521391,0.010470915349986759,18.82909073979504,14.131274644622518,6209.013248273668,3104.506624136796
6,69191,181264,5.23952537179691,22816175.332000118,125.87262408420932,2.621381393533841,5,7.226373372259398e-05,51928,11408087.66599992,90632,125.87262408420777,1.105970317521391,0.010470915349986759,18.82909073979504,14.131274644622518,6209.013248273668,3104.506624136796
7,69191,181264,5.23952537179691,22816175.332000118,125.87262408420932,2.621381393533841,2,2.8905493489037593e-05,51928,11408087.66599992,90632,125.87262408420777,1.105970317521391,0.010470915349986759,18.82909073979504,14.131274644622518,6209.013248273668,3104.506624136796
