,n,m,k_avg,edge_length_total,edge_length_avg,streets_per_node_avg,streets_per_node_counts,streets_per_node_proportions,intersection_count,street_length_total,street_segment_count,street_length_avg,circuity_avg,self_loop_proportion,node_density_km,intersection_density_km,edge_density_km,street_density_km
0,32593,89210,5.474181572730341,12444643.350000024,139.4983000784668,2.7430736661246278,0,0.0,25694,6222321.675000024,44605,139.49830007846708,1.080275597546522,0.012016590068377984,10.545064949456382,8.312978210392792,4026.3115515162976,2013.1557757581527
1,32593,89210,5.474181572730341,12444643.350000024,139.4983000784668,2.7430736661246278,6899,0.2116712177461418,25694,6222321.675000024,44605,139.49830007846708,1.080275597546522,0.012016590068377984,10.545064949456382,8.312978210392792,4026.3115515162976,2013.1557757581527
2,32593,89210,5.474181572730341,12444643.350000024,139.4983000784668,2.7430736661246278,0,0.0,25694,6222321.675000024,44605,139.49830007846708,1.080275597546522,0.012016590068377984,10.545064949456382,8.312978210392792,4026.3115515162976,2013.1557757581527
3,32593,89210,5.474181572730341,12444643.350000024,139.4983000784668,2.7430736661246278,20346,0.6242444696714018,25694,6222321.675000024,44605,139.49830007846708,1.080275597546522,0.012016590068377984,10.545064949456382,8.312978210392792,4026.3115515162976,2013.1557757581527
4,32593,89210,5.474181572730341,12444643.350000024,139.4983000784668,2.7430736661246278,5276,0.16187524928665664,25694,6222321.675000024,44605,139.49830007846708,1.080275597546522,0.012016590068377984,10.545064949456382,8.312978210392792,4026.3115515162976,2013.1557757581527
5,32593,89210,5.474181572730341,12444643.350000024,139.4983000784668,2.7430736661246278,69,0.002117018991808057,25694,6222321.675000024,44605,139.49830007846708,1.080275597546522,0.012016590068377984,10.545064949456382,8.312978210392792,4026.3115515162976,2013.1557757581527
6,32593,89210,5.474181572730341,12444643.350000024,139.4983000784668,2.7430736661246278,2,6.136286932776976e-05,25694,6222321.675000024,44605,139.49830007846708,1.080275597546522,0.012016590068377984,10.545064949456382,8.312978210392792,4026.3115515162976,2013.1557757581527
7,32593,89210,5.474181572730341,12444643.350000024,139.4983000784668,2.7430736661246278,1,3.068143466388488e-05,25694,6222321.675000024,44605,139.49830007846708,1.080275597546522,0.012016590068377984,10.545064949456382,8.312978210392792,4026.3115515162976,2013.1557757581527
