,n,m,k_avg,edge_length_total,edge_length_avg,streets_per_node_avg,streets_per_node_counts,streets_per_node_proportions,intersection_count,street_length_total,street_segment_count,street_length_avg,circuity_avg,self_loop_proportion,node_density_km,intersection_density_km,edge_density_km,street_density_km
0,26483,67930,5.130083449760224,9516251.81400007,140.0890889739448,2.5712721368425027,0,0.0,19676,4758125.906999998,33965,140.0890889739437,1.089321051952028,0.017753569851317534,14.128521517102673,10.497027880924072,5076.863214751626,2538.4316073757936
1,26483,67930,5.130083449760224,9516251.81400007,140.0890889739448,2.5712721368425027,6807,0.25703281350300194,19676,4758125.906999998,33965,140.0890889739437,1.089321051952028,0.017753569851317534,14.128521517102673,10.497027880924072,5076.863214751626,2538.4316073757936
2,26483,67930,5.130083449760224,9516251.81400007,140.0890889739448,2.5712721368425027,0,0.0,19676,4758125.906999998,33965,140.0890889739437,1.089321051952028,0.017753569851317534,14.128521517102673,10.497027880924072,5076.863214751626,2538.4316073757936
3,26483,67930,5.130083449760224,9516251.81400007,140.0890889739448,2.5712721368425027,17444,0.658686704678473,19676,4758125.906999998,33965,140.0890889739437,1.089321051952028,0.017753569851317534,14.128521517102673,10.497027880924072,5076.863214751626,2538.4316073757936
4,26483,67930,5.130083449760224,9516251.81400007,140.0890889739448,2.5712721368425027,2207,0.08333648000604162,19676,4758125.906999998,33965,140.0890889739437,1.089321051952028,0.017753569851317534,14.128521517102673,10.497027880924072,5076.863214751626,2538.4316073757936
5,26483,67930,5.130083449760224,9516251.81400007,140.0890889739448,2.5712721368425027,22,0.0008307215949854624,19676,4758125.906999998,33965,140.0890889739437,1.089321051952028,0.017753569851317534,14.128521517102673,10.497027880924072,5076.863214751626,2538.4316073757936
6,26483,67930,5.130083449760224,9516251.81400007,140.0890889739448,2.5712721368425027,3,0.0001132802174980176,19676,4758125.906999998,33965,140.0890889739437,1.089321051952028,0.017753569851317534,14.128521517102673,10.497027880924072,5076.863214751626,2538.4316073757936
