,n,m,k_avg,edge_length_total,edge_length_avg,streets_per_node_avg,streets_per_node_counts,streets_per_node_proportions,intersection_count,street_length_total,street_segment_count,street_length_avg,circuity_avg,self_loop_proportion,node_density_km,intersection_density_km,edge_density_km,street_density_km
0,19953,53432,5.355786097328722,14734443.057999894,275.76065013474874,2.6876660151355685,0,0.0,15682,7367221.52900003,26716,275.7606501347518,1.0859807589231831,0.007972750411738285,4.495131731499392,3.5329351883613227,3319.4638668864964,1659.7319334432668
1,19953,53432,5.355786097328722,14734443.057999894,275.76065013474874,2.6876660151355685,4271,0.2140530246078284,15682,7367221.52900003,26716,275.7606501347518,1.0859807589231831,0.007972750411738285,4.495131731499392,3.5329351883613227,3319.4638668864964,1659.7319334432668
2,19953,53432,5.355786097328722,14734443.057999894,275.76065013474874,2.6876660151355685,0,0.0,15682,7367221.52900003,26716,275.7606501347518,1.0859807589231831,0.007972750411738285,4.495131731499392,3.5329351883613227,3319.4638668864964,1659.7319334432668
3,19953,53432,5.355786097328722,14734443.057999894,275.76065013474874,2.6876660151355685,13392,0.6711772665764547,15682,7367221.52900003,26716,275.7606501347518,1.0859807589231831,0.007972750411738285,4.495131731499392,3.5329351883613227,3319.4638668864964,1659.7319334432668
4,19953,53432,5.355786097328722,14734443.057999894,275.76065013474874,2.6876660151355685,2270,0.11376735328020848,15682,7367221.52900003,26716,275.7606501347518,1.0859807589231831,0.007972750411738285,4.495131731499392,3.5329351883613227,3319.4638668864964,1659.7319334432668
5,19953,53432,5.355786097328722,14734443.057999894,275.76065013474874,2.6876660151355685,20,0.0010023555355084448,15682,7367221.52900003,26716,275.7606501347518,1.0859807589231831,0.007972750411738285,4.495131731499392,3.5329351883613227,3319.4638668864964,1659.7319334432668
