,n,m,k_avg,edge_length_total,edge_length_avg,streets_per_node_avg,streets_per_node_counts,streets_per_node_proportions,intersection_count,street_length_total,street_segment_count,street_length_avg,circuity_avg,self_loop_proportion,node_density_km,intersection_density_km,edge_density_km,street_density_km
0,18604,47190,5.073102558589551,9198606.088000005,194.92702030091132,2.539776392173726,0,0.0,13240,4599303.044000007,23595,194.92702030091152,1.083038686568865,0.007883026064844246,7.932104229997301,5.645079553061937,3921.968515410867,1960.9842577054353
1,18604,47190,5.073102558589551,9198606.088000005,194.92702030091132,2.539776392173726,5364,0.28832509137819823,13240,4599303.044000007,23595,194.92702030091152,1.083038686568865,0.007883026064844246,7.932104229997301,5.645079553061937,3921.968515410867,1960.9842577054353
2,18604,47190,5.073102558589551,9198606.088000005,194.92702030091132,2.539776392173726,0,0.0,13240,4599303.044000007,23595,194.92702030091152,1.083038686568865,0.007883026064844246,7.932104229997301,5.645079553061937,3921.968515410867,1960.9842577054353
3,18604,47190,5.073102558589551,9198606.088000005,194.92702030091132,2.539776392173726,11113,0.5973446570629972,13240,4599303.044000007,23595,194.92702030091152,1.083038686568865,0.007883026064844246,7.932104229997301,5.645079553061937,3921.968515410867,1960.9842577054353
4,18604,47190,5.073102558589551,9198606.088000005,194.92702030091132,2.539776392173726,2093,0.11250268759406579,13240,4599303.044000007,23595,194.92702030091152,1.083038686568865,0.007883026064844246,7.932104229997301,5.645079553061937,3921.968515410867,1960.9842577054353
5,18604,47190,5.073102558589551,9198606.088000005,194.92702030091132,2.539776392173726,30,0.0016125564394753817,13240,4599303.044000007,23595,194.92702030091152,1.083038686568865,0.007883026064844246,7.932104229997301,5.645079553061937,3921.968515410867,1960.9842577054353
6,18604,47190,5.073102558589551,9198606.088000005,194.92702030091132,2.539776392173726,3,0.00016125564394753816,13240,4599303.044000007,23595,194.92702030091152,1.083038686568865,0.007883026064844246,7.932104229997301,5.645079553061937,3921.968515410867,1960.9842577054353
7,18604,47190,5.073102558589551,9198606.088000005,194.92702030091132,2.539776392173726,1,5.3751881315846054e-05,13240,4599303.044000007,23595,194.92702030091152,1.083038686568865,0.007883026064844246,7.932104229997301,5.645079553061937,3921.968515410867,1960.9842577054353
