,n,m,k_avg,edge_length_total,edge_length_avg,streets_per_node_avg,streets_per_node_counts,streets_per_node_proportions,intersection_count,street_length_total,street_segment_count,street_length_avg,circuity_avg,self_loop_proportion,node_density_km,intersection_density_km,edge_density_km,street_density_km
0,15648,42682,5.455265848670757,8470756.538000027,198.4620340658832,2.7368353783231085,0,0.0,12199,4235378.269000021,21341,198.46203406588356,1.0944719093776938,0.004732674195211096,8.70914938763453,6.789552235413703,4714.5375840825745,2357.2687920412914
1,15648,42682,5.455265848670757,8470756.538000027,198.4620340658832,2.7368353783231085,3449,0.22041155419222905,12199,4235378.269000021,21341,198.46203406588356,1.0944719093776938,0.004732674195211096,8.70914938763453,6.789552235413703,4714.5375840825745,2357.2687920412914
2,15648,42682,5.455265848670757,8470756.538000027,198.4620340658832,2.7368353783231085,0,0.0,12199,4235378.269000021,21341,198.46203406588356,1.0944719093776938,0.004732674195211096,8.70914938763453,6.789552235413703,4714.5375840825745,2357.2687920412914
3,15648,42682,5.455265848670757,8470756.538000027,198.4620340658832,2.7368353783231085,9450,0.6039110429447853,12199,4235378.269000021,21341,198.46203406588356,1.0944719093776938,0.004732674195211096,8.70914938763453,6.789552235413703,4714.5375840825745,2357.2687920412914
4,15648,42682,5.455265848670757,8470756.538000027,198.4620340658832,2.7368353783231085,2719,0.17376022494887525,12199,4235378.269000021,21341,198.46203406588356,1.0944719093776938,0.004732674195211096,8.70914938763453,6.789552235413703,4714.5375840825745,2357.2687920412914
5,15648,42682,5.455265848670757,8470756.538000027,198.4620340658832,2.7368353783231085,29,0.0018532719836400818,12199,4235378.269000021,21341,198.46203406588356,1.0944719093776938,0.004732674195211096,8.70914938763453,6.789552235413703,4714.5375840825745,2357.2687920412914
6,15648,42682,5.455265848670757,8470756.538000027,198.4620340658832,2.7368353783231085,1,6.390593047034765e-05,12199,4235378.269000021,21341,198.46203406588356,1.0944719093776938,0.004732674195211096,8.70914938763453,6.789552235413703,4714.5375840825745,2357.2687920412914
