,n,m,k_avg,edge_length_total,edge_length_avg,streets_per_node_avg,streets_per_node_counts,streets_per_node_proportions,intersection_count,street_length_total,street_segment_count,street_length_avg,circuity_avg,self_loop_proportion,node_density_km,intersection_density_km,edge_density_km,street_density_km
0,16718,43020,5.146548630218926,13072728.80199998,303.87561139005066,2.582246680224907,0,0.0,12398,6536364.401000007,21510,303.87561139005146,1.080719479682456,0.006136680613668061,4.370890502102316,3.2414344087249978,3417.841019094455,1708.920509547232
1,16718,43020,5.146548630218926,13072728.80199998,303.87561139005066,2.582246680224907,4320,0.2584041153247996,12398,6536364.401000007,21510,303.87561139005146,1.080719479682456,0.006136680613668061,4.370890502102316,3.2414344087249978,3417.841019094455,1708.920509547232
2,16718,43020,5.146548630218926,13072728.80199998,303.87561139005066,2.582246680224907,0,0.0,12398,6536364.401000007,21510,303.87561139005146,1.080719479682456,0.006136680613668061,4.370890502102316,3.2414344087249978,3417.841019094455,1708.920509547232
3,16718,43020,5.146548630218926,13072728.80199998,303.87561139005066,2.582246680224907,10756,0.6433783945448021,12398,6536364.401000007,21510,303.87561139005146,1.080719479682456,0.006136680613668061,4.370890502102316,3.2414344087249978,3417.841019094455,1708.920509547232
4,16718,43020,5.146548630218926,13072728.80199998,303.87561139005066,2.582246680224907,1628,0.09738006938629022,12398,6536364.401000007,21510,303.87561139005146,1.080719479682456,0.006136680613668061,4.370890502102316,3.2414344087249978,3417.841019094455,1708.920509547232
5,16718,43020,5.146548630218926,13072728.80199998,303.87561139005066,2.582246680224907,14,0.0008374207441081469,12398,6536364.401000007,21510,303.87561139005146,1.080719479682456,0.006136680613668061,4.370890502102316,3.2414344087249978,3417.841019094455,1708.920509547232
