,n,m,k_avg,edge_length_total,edge_length_avg,streets_per_node_avg,streets_per_node_counts,streets_per_node_proportions,intersection_count,street_length_total,street_segment_count,street_length_avg,circuity_avg,self_loop_proportion,node_density_km,intersection_density_km,edge_density_km,street_density_km
0,36191,95156,5.25854494211268,15631935.836,164.27693299424104,2.6344947638915754,0,0.0,27173,7815967.918,47578,164.27693299424104,1.076377408765957,0.023624364201942073,11.0262667748584,8.278763976492147,4762.562370070049,2381.2811850350245
1,36191,95156,5.25854494211268,15631935.836,164.27693299424104,2.6344947638915754,9018,0.24917797242408335,27173,7815967.918,47578,164.27693299424104,1.076377408765957,0.023624364201942073,11.0262667748584,8.278763976492147,4762.562370070049,2381.2811850350245
2,36191,95156,5.25854494211268,15631935.836,164.27693299424104,2.6344947638915754,0,0.0,27173,7815967.918,47578,164.27693299424104,1.076377408765957,0.023624364201942073,11.0262667748584,8.278763976492147,4762.562370070049,2381.2811850350245
3,36191,95156,5.25854494211268,15631935.836,164.27693299424104,2.6344947638915754,22402,0.6189936724600039,27173,7815967.918,47578,164.27693299424104,1.076377408765957,0.023624364201942073,11.0262667748584,8.278763976492147,4762.562370070049,2381.2811850350245
4,36191,95156,5.25854494211268,15631935.836,164.27693299424104,2.6344947638915754,4735,0.13083363267110606,27173,7815967.918,47578,164.27693299424104,1.076377408765957,0.023624364201942073,11.0262667748584,8.278763976492147,4762.562370070049,2381.2811850350245
5,36191,95156,5.25854494211268,15631935.836,164.27693299424104,2.6344947638915754,35,0.000967091265784311,27173,7815967.918,47578,164.27693299424104,1.076377408765957,0.023624364201942073,11.0262667748584,8.278763976492147,4762.562370070049,2381.2811850350245
6,36191,95156,5.25854494211268,15631935.836,164.27693299424104,2.6344947638915754,1,2.7631179022408887e-05,27173,7815967.918,47578,164.27693299424104,1.076377408765957,0.023624364201942073,11.0262667748584,8.278763976492147,4762.562370070049,2381.2811850350245
