,n,m,k_avg,edge_length_total,edge_length_avg,streets_per_node_avg,streets_per_node_counts,streets_per_node_proportions,intersection_count,street_length_total,street_segment_count,street_length_avg,circuity_avg,self_loop_proportion,node_density_km,intersection_density_km,edge_density_km,street_density_km
0,11166,28398,5.08651262761956,5024329.340000003,176.92546446932892,2.54325631380978,0,0.0,8003,2512164.67,14199,176.92546446932883,1.1735744119655052,0.009718994295372914,1.7962051000699462,1.2873929263711068,808.23266925838,404.1163346291898
1,11166,28398,5.08651262761956,5024329.340000003,176.92546446932892,2.54325631380978,3163,0.2832706430234641,8003,2512164.67,14199,176.92546446932883,1.1735744119655052,0.009718994295372914,1.7962051000699462,1.2873929263711068,808.23266925838,404.1163346291898
2,11166,28398,5.08651262761956,5024329.340000003,176.92546446932892,2.54325631380978,0,0.0,8003,2512164.67,14199,176.92546446932883,1.1735744119655052,0.009718994295372914,1.7962051000699462,1.2873929263711068,808.23266925838,404.1163346291898
3,11166,28398,5.08651262761956,5024329.340000003,176.92546446932892,2.54325631380978,6821,0.6108722908830377,8003,2512164.67,14199,176.92546446932883,1.1735744119655052,0.009718994295372914,1.7962051000699462,1.2873929263711068,808.23266925838,404.1163346291898
4,11166,28398,5.08651262761956,5024329.340000003,176.92546446932892,2.54325631380978,1142,0.10227476267239835,8003,2512164.67,14199,176.92546446932883,1.1735744119655052,0.009718994295372914,1.7962051000699462,1.2873929263711068,808.23266925838,404.1163346291898
5,11166,28398,5.08651262761956,5024329.340000003,176.92546446932892,2.54325631380978,36,0.0032240730789897904,8003,2512164.67,14199,176.92546446932883,1.1735744119655052,0.009718994295372914,1.7962051000699462,1.2873929263711068,808.23266925838,404.1163346291898
6,11166,28398,5.08651262761956,5024329.340000003,176.92546446932892,2.54325631380978,4,0.0003582303421099767,8003,2512164.67,14199,176.92546446932883,1.1735744119655052,0.009718994295372914,1.7962051000699462,1.2873929263711068,808.23266925838,404.1163346291898
