,n,m,k_avg,edge_length_total,edge_length_avg,streets_per_node_avg,streets_per_node_counts,streets_per_node_proportions,intersection_count,street_length_total,street_segment_count,street_length_avg,circuity_avg,self_loop_proportion,node_density_km,intersection_density_km,edge_density_km,street_density_km
0,17416,47644,5.471290767110703,7552972.9420000035,158.52936239610452,2.7459232889297196,0,0.0,13814,3776486.471000013,23822,158.52936239610497,1.066401239287029,0.016539333389304006,9.87642304641212,7.833768256955501,4283.208316105649,2141.604158052831
1,17416,47644,5.471290767110703,7552972.9420000035,158.52936239610452,2.7459232889297196,3602,0.20682131373449703,13814,3776486.471000013,23822,158.52936239610497,1.066401239287029,0.016539333389304006,9.87642304641212,7.833768256955501,4283.208316105649,2141.604158052831
2,17416,47644,5.471290767110703,7552972.9420000035,158.52936239610452,2.7459232889297196,0,0.0,13814,3776486.471000013,23822,158.52936239610497,1.066401239287029,0.016539333389304006,9.87642304641212,7.833768256955501,4283.208316105649,2141.604158052831
3,17416,47644,5.471290767110703,7552972.9420000035,158.52936239610452,2.7459232889297196,11068,0.6355075792374828,13814,3776486.471000013,23822,158.52936239610497,1.066401239287029,0.016539333389304006,9.87642304641212,7.833768256955501,4283.208316105649,2141.604158052831
4,17416,47644,5.471290767110703,7552972.9420000035,158.52936239610452,2.7459232889297196,2714,0.1558337161231052,13814,3776486.471000013,23822,158.52936239610497,1.066401239287029,0.016539333389304006,9.87642304641212,7.833768256955501,4283.208316105649,2141.604158052831
5,17416,47644,5.471290767110703,7552972.9420000035,158.52936239610452,2.7459232889297196,31,0.0017799724391364263,13814,3776486.471000013,23822,158.52936239610497,1.066401239287029,0.016539333389304006,9.87642304641212,7.833768256955501,4283.208316105649,2141.604158052831
6,17416,47644,5.471290767110703,7552972.9420000035,158.52936239610452,2.7459232889297196,1,5.7418465778594396e-05,13814,3776486.471000013,23822,158.52936239610497,1.066401239287029,0.016539333389304006,9.87642304641212,7.833768256955501,4283.208316105649,2141.604158052831
