,n,m,k_avg,edge_length_total,edge_length_avg,streets_per_node_avg,streets_per_node_counts,streets_per_node_proportions,intersection_count,street_length_total,street_segment_count,street_length_avg,circuity_avg,self_loop_proportion,node_density_km,intersection_density_km,edge_density_km,street_density_km
0,50452,143352,5.682708316815983,22989563.168000348,160.3714155923904,2.8429596448109096,0,0.0,41033,11494781.583999932,71676,160.37141559238702,1.0948677751661384,0.004841229979351526,6.440509942607578,5.238116317985744,2934.759973037961,1467.3799865189496
1,50452,143352,5.682708316815983,22989563.168000348,160.3714155923904,2.8429596448109096,9419,0.1866923015935939,41033,11494781.583999932,71676,160.37141559238702,1.0948677751661384,0.004841229979351526,6.440509942607578,5.238116317985744,2934.759973037961,1467.3799865189496
2,50452,143352,5.682708316815983,22989563.168000348,160.3714155923904,2.8429596448109096,0,0.0,41033,11494781.583999932,71676,160.37141559238702,1.0948677751661384,0.004841229979351526,6.440509942607578,5.238116317985744,2934.759973037961,1467.3799865189496
3,50452,143352,5.682708316815983,22989563.168000348,160.3714155923904,2.8429596448109096,30210,0.5987869658289067,41033,11494781.583999932,71676,160.37141559238702,1.0948677751661384,0.004841229979351526,6.440509942607578,5.238116317985744,2934.759973037961,1467.3799865189496
4,50452,143352,5.682708316815983,22989563.168000348,160.3714155923904,2.8429596448109096,10733,0.21273685879647983,41033,11494781.583999932,71676,160.37141559238702,1.0948677751661384,0.004841229979351526,6.440509942607578,5.238116317985744,2934.759973037961,1467.3799865189496
5,50452,143352,5.682708316815983,22989563.168000348,160.3714155923904,2.8429596448109096,88,0.00174423214144137,41033,11494781.583999932,71676,160.37141559238702,1.0948677751661384,0.004841229979351526,6.440509942607578,5.238116317985744,2934.759973037961,1467.3799865189496
6,50452,143352,5.682708316815983,22989563.168000348,160.3714155923904,2.8429596448109096,2,3.964163957821296e-05,41033,11494781.583999932,71676,160.37141559238702,1.0948677751661384,0.004841229979351526,6.440509942607578,5.238116317985744,2934.759973037961,1467.3799865189496
