,n,m,k_avg,edge_length_total,edge_length_avg,streets_per_node_avg,streets_per_node_counts,streets_per_node_proportions,intersection_count,street_length_total,street_segment_count,street_length_avg,circuity_avg,self_loop_proportion,node_density_km,intersection_density_km,edge_density_km,street_density_km
0,58037,157054,5.412202560435584,26052462.28200052,165.88219518127855,2.7090649068697554,0,0.0,46014,13026231.140999705,78527,165.88219518127147,1.0989206576764186,0.012416111655863588,7.842568555444749,6.217894610511134,3520.482131825002,1760.241065912426
1,58037,157054,5.412202560435584,26052462.28200052,165.88219518127855,2.7090649068697554,12023,0.20716094904974414,46014,13026231.140999705,78527,165.88219518127147,1.0989206576764186,0.012416111655863588,7.842568555444749,6.217894610511134,3520.482131825002,1760.241065912426
2,58037,157054,5.412202560435584,26052462.28200052,165.88219518127855,2.7090649068697554,0,0.0,46014,13026231.140999705,78527,165.88219518127147,1.0989206576764186,0.012416111655863588,7.842568555444749,6.217894610511134,3520.482131825002,1760.241065912426
3,58037,157054,5.412202560435584,26052462.28200052,165.88219518127855,2.7090649068697554,38957,0.6712442062821993,46014,13026231.140999705,78527,165.88219518127147,1.0989206576764186,0.012416111655863588,7.842568555444749,6.217894610511134,3520.482131825002,1760.241065912426
4,58037,157054,5.412202560435584,26052462.28200052,165.88219518127855,2.7090649068697554,6955,0.11983734514189225,46014,13026231.140999705,78527,165.88219518127147,1.0989206576764186,0.012416111655863588,7.842568555444749,6.217894610511134,3520.482131825002,1760.241065912426
5,58037,157054,5.412202560435584,26052462.28200052,165.88219518127855,2.7090649068697554,100,0.0017230387511415132,46014,13026231.140999705,78527,165.88219518127147,1.0989206576764186,0.012416111655863588,7.842568555444749,6.217894610511134,3520.482131825002,1760.241065912426
6,58037,157054,5.412202560435584,26052462.28200052,165.88219518127855,2.7090649068697554,2,3.446077502283026e-05,46014,13026231.140999705,78527,165.88219518127147,1.0989206576764186,0.012416111655863588,7.842568555444749,6.217894610511134,3520.482131825002,1760.241065912426
