,n,m,k_avg,edge_length_total,edge_length_avg,streets_per_node_avg,streets_per_node_counts,streets_per_node_proportions,intersection_count,street_length_total,street_segment_count,street_length_avg,circuity_avg,self_loop_proportion,node_density_km,intersection_density_km,edge_density_km,street_density_km
0,52010,125748,4.835531628532975,25609387.951999567,203.6564235773099,2.4210536435300902,0,0.0,35189,12804693.976000022,62874,203.65642357731372,1.1412143699660993,0.010958424786080096,9.811232718704593,6.638097830003767,4830.98759816684,2415.493799083465
1,52010,125748,4.835531628532975,25609387.951999567,203.6564235773099,2.4210536435300902,16821,0.3234185733512786,35189,12804693.976000022,62874,203.65642357731372,1.1412143699660993,0.010958424786080096,9.811232718704593,6.638097830003767,4830.98759816684,2415.493799083465
2,52010,125748,4.835531628532975,25609387.951999567,203.6564235773099,2.4210536435300902,0,0.0,35189,12804693.976000022,62874,203.65642357731372,1.1412143699660993,0.010958424786080096,9.811232718704593,6.638097830003767,4830.98759816684,2415.493799083465
3,52010,125748,4.835531628532975,25609387.951999567,203.6564235773099,2.4210536435300902,31746,0.6103826187271678,35189,12804693.976000022,62874,203.65642357731372,1.1412143699660993,0.010958424786080096,9.811232718704593,6.638097830003767,4830.98759816684,2415.493799083465
4,52010,125748,4.835531628532975,25609387.951999567,203.6564235773099,2.4210536435300902,3361,0.06462218804076139,35189,12804693.976000022,62874,203.65642357731372,1.1412143699660993,0.010958424786080096,9.811232718704593,6.638097830003767,4830.98759816684,2415.493799083465
5,52010,125748,4.835531628532975,25609387.951999567,203.6564235773099,2.4210536435300902,76,0.0014612574504902903,35189,12804693.976000022,62874,203.65642357731372,1.1412143699660993,0.010958424786080096,9.811232718704593,6.638097830003767,4830.98759816684,2415.493799083465
6,52010,125748,4.835531628532975,25609387.951999567,203.6564235773099,2.4210536435300902,6,0.00011536243030186502,35189,12804693.976000022,62874,203.65642357731372,1.1412143699660993,0.010958424786080096,9.811232718704593,6.638097830003767,4830.98759816684,2415.493799083465
