,n,m,k_avg,edge_length_total,edge_length_avg,streets_per_node_avg,streets_per_node_counts,streets_per_node_proportions,intersection_count,street_length_total,street_segment_count,street_length_avg,circuity_avg,self_loop_proportion,node_density_km,intersection_density_km,edge_density_km,street_density_km
0,43439,103910,4.784180114643523,14818519.171999823,142.60917305360238,2.395520154699694,0,0.0,29137,7409259.585999965,51955,142.6091730536034,1.1303240615986285,0.017534404773361562,14.459186145237044,9.698595886502263,4932.519788777581,2466.2598943888083
1,43439,103910,4.784180114643523,14818519.171999823,142.60917305360238,2.395520154699694,14302,0.3292433067059555,29137,7409259.585999965,51955,142.6091730536034,1.1303240615986285,0.017534404773361562,14.459186145237044,9.698595886502263,4932.519788777581,2466.2598943888083
2,43439,103910,4.784180114643523,14818519.171999823,142.60917305360238,2.395520154699694,0,0.0,29137,7409259.585999965,51955,142.6091730536034,1.1303240615986285,0.017534404773361562,14.459186145237044,9.698595886502263,4932.519788777581,2466.2598943888083
3,43439,103910,4.784180114643523,14818519.171999823,142.60917305360238,2.395520154699694,26849,0.6180851308731785,29137,7409259.585999965,51955,142.6091730536034,1.1303240615986285,0.017534404773361562,14.459186145237044,9.698595886502263,4932.519788777581,2466.2598943888083
4,43439,103910,4.784180114643523,14818519.171999823,142.60917305360238,2.395520154699694,2234,0.051428439881212734,29137,7409259.585999965,51955,142.6091730536034,1.1303240615986285,0.017534404773361562,14.459186145237044,9.698595886502263,4932.519788777581,2466.2598943888083
5,43439,103910,4.784180114643523,14818519.171999823,142.60917305360238,2.395520154699694,50,0.0011510393885678768,29137,7409259.585999965,51955,142.6091730536034,1.1303240615986285,0.017534404773361562,14.459186145237044,9.698595886502263,4932.519788777581,2466.2598943888083
6,43439,103910,4.784180114643523,14818519.171999823,142.60917305360238,2.395520154699694,4,9.208315108543014e-05,29137,7409259.585999965,51955,142.6091730536034,1.1303240615986285,0.017534404773361562,14.459186145237044,9.698595886502263,4932.519788777581,2466.2598943888083
