,n,m,k_avg,edge_length_total,edge_length_avg,streets_per_node_avg,streets_per_node_counts,streets_per_node_proportions,intersection_count,street_length_total,street_segment_count,street_length_avg,circuity_avg,self_loop_proportion,node_density_km,intersection_density_km,edge_density_km,street_density_km
0,16719,47680,5.7036904121059875,5287515.388000049,110.89587642617552,2.8599796638554937,0,0.0,13658,2643757.694000007,23840,110.8958764261748,1.0970070825322153,0.008179530201342282,21.97693135413764,17.953282399354737,6950.377577368474,3475.188788684214
1,16719,47680,5.7036904121059875,5287515.388000049,110.89587642617552,2.8599796638554937,3061,0.18308511274597764,13658,2643757.694000007,23840,110.8958764261748,1.0970070825322153,0.008179530201342282,21.97693135413764,17.953282399354737,6950.377577368474,3475.188788684214
2,16719,47680,5.7036904121059875,5287515.388000049,110.89587642617552,2.8599796638554937,0,0.0,13658,2643757.694000007,23840,110.8958764261748,1.0970070825322153,0.008179530201342282,21.97693135413764,17.953282399354737,6950.377577368474,3475.188788684214
3,16719,47680,5.7036904121059875,5287515.388000049,110.89587642617552,2.8599796638554937,9898,0.592021053890783,13658,2643757.694000007,23840,110.8958764261748,1.0970070825322153,0.008179530201342282,21.97693135413764,17.953282399354737,6950.377577368474,3475.188788684214
4,16719,47680,5.7036904121059875,5287515.388000049,110.89587642617552,2.8599796638554937,3740,0.2236975895687541,13658,2643757.694000007,23840,110.8958764261748,1.0970070825322153,0.008179530201342282,21.97693135413764,17.953282399354737,6950.377577368474,3475.188788684214
5,16719,47680,5.7036904121059875,5287515.388000049,110.89587642617552,2.8599796638554937,19,0.0011364316047610503,13658,2643757.694000007,23840,110.8958764261748,1.0970070825322153,0.008179530201342282,21.97693135413764,17.953282399354737,6950.377577368474,3475.188788684214
6,16719,47680,5.7036904121059875,5287515.388000049,110.89587642617552,2.8599796638554937,1,5.981218972426581e-05,13658,2643757.694000007,23840,110.8958764261748,1.0970070825322153,0.008179530201342282,21.97693135413764,17.953282399354737,6950.377577368474,3475.188788684214
