,n,m,k_avg,edge_length_total,edge_length_avg,streets_per_node_avg,streets_per_node_counts,streets_per_node_proportions,intersection_count,street_length_total,street_segment_count,street_length_avg,circuity_avg,self_loop_proportion,node_density_km,intersection_density_km,edge_density_km,street_density_km
0,24107,64010,5.3104907288339485,10005316.940000214,156.30865396032203,2.660098726510972,0,0.0,17970,5002658.469999994,32005,156.3086539603185,1.10469082129684,0.011060771754413373,8.877430187394529,6.617472952564802,3684.4693507117336,1842.2346753558252
1,24107,64010,5.3104907288339485,10005316.940000214,156.30865396032203,2.660098726510972,6137,0.2545733604347285,17970,5002658.469999994,32005,156.3086539603185,1.10469082129684,0.011060771754413373,8.877430187394529,6.617472952564802,3684.4693507117336,1842.2346753558252
2,24107,64010,5.3104907288339485,10005316.940000214,156.30865396032203,2.660098726510972,1,4.148172729912474e-05,17970,5002658.469999994,32005,156.3086539603185,1.10469082129684,0.011060771754413373,8.877430187394529,6.617472952564802,3684.4693507117336,1842.2346753558252
3,24107,64010,5.3104907288339485,10005316.940000214,156.30865396032203,2.660098726510972,13988,0.5802464014601568,17970,5002658.469999994,32005,156.3086539603185,1.10469082129684,0.011060771754413373,8.877430187394529,6.617472952564802,3684.4693507117336,1842.2346753558252
4,24107,64010,5.3104907288339485,10005316.940000214,156.30865396032203,2.660098726510972,3890,0.16136391919359522,17970,5002658.469999994,32005,156.3086539603185,1.10469082129684,0.011060771754413373,8.877430187394529,6.617472952564802,3684.4693507117336,1842.2346753558252
5,24107,64010,5.3104907288339485,10005316.940000214,156.30865396032203,2.660098726510972,82,0.0034015016385282285,17970,5002658.469999994,32005,156.3086539603185,1.10469082129684,0.011060771754413373,8.877430187394529,6.617472952564802,3684.4693507117336,1842.2346753558252
6,24107,64010,5.3104907288339485,10005316.940000214,156.30865396032203,2.660098726510972,9,0.0003733355456921226,17970,5002658.469999994,32005,156.3086539603185,1.10469082129684,0.011060771754413373,8.877430187394529,6.617472952564802,3684.4693507117336,1842.2346753558252
