,n,m,k_avg,edge_length_total,edge_length_avg,streets_per_node_avg,streets_per_node_counts,streets_per_node_proportions,intersection_count,street_length_total,street_segment_count,street_length_avg,circuity_avg,self_loop_proportion,node_density_km,intersection_density_km,edge_density_km,street_density_km
0,44132,119904,5.433880177648872,18359001.5679999,153.11417107018863,2.723465965739146,0,0.0,34209,9179500.783999966,59952,153.11417107018892,1.069854723595609,0.014311449159327461,10.327620847114316,8.005474067772447,4296.31123279888,2148.1556163994437
1,44132,119904,5.433880177648872,18359001.5679999,153.11417107018863,2.723465965739146,9923,0.22484818272455362,34209,9179500.783999966,59952,153.11417107018892,1.069854723595609,0.014311449159327461,10.327620847114316,8.005474067772447,4296.31123279888,2148.1556163994437
2,44132,119904,5.433880177648872,18359001.5679999,153.11417107018863,2.723465965739146,0,0.0,34209,9179500.783999966,59952,153.11417107018892,1.069854723595609,0.014311449159327461,10.327620847114316,8.005474067772447,4296.31123279888,2148.1556163994437
3,44132,119904,5.433880177648872,18359001.5679999,153.11417107018863,2.723465965739146,26676,0.6044593492250521,34209,9179500.783999966,59952,153.11417107018892,1.069854723595609,0.014311449159327461,10.327620847114316,8.005474067772447,4296.31123279888,2148.1556163994437
4,44132,119904,5.433880177648872,18359001.5679999,153.11417107018863,2.723465965739146,7441,0.16860781292486177,34209,9179500.783999966,59952,153.11417107018892,1.069854723595609,0.014311449159327461,10.327620847114316,8.005474067772447,4296.31123279888,2148.1556163994437
5,44132,119904,5.433880177648872,18359001.5679999,153.11417107018863,2.723465965739146,78,0.0017674249977340706,34209,9179500.783999966,59952,153.11417107018892,1.069854723595609,0.014311449159327461,10.327620847114316,8.005474067772447,4296.31123279888,2148.1556163994437
6,44132,119904,5.433880177648872,18359001.5679999,153.11417107018863,2.723465965739146,11,0.0002492522432701894,34209,9179500.783999966,59952,153.11417107018892,1.069854723595609,0.014311449159327461,10.327620847114316,8.005474067772447,4296.31123279888,2148.1556163994437
7,44132,119904,5.433880177648872,18359001.5679999,153.11417107018863,2.723465965739146,3,6.797788452823348e-05,34209,9179500.783999966,59952,153.11417107018892,1.069854723595609,0.014311449159327461,10.327620847114316,8.005474067772447,4296.31123279888,2148.1556163994437
