,n,m,k_avg,edge_length_total,edge_length_avg,streets_per_node_avg,streets_per_node_counts,streets_per_node_proportions,intersection_count,street_length_total,street_segment_count,street_length_avg,circuity_avg,self_loop_proportion,node_density_km,intersection_density_km,edge_density_km,street_density_km
0,30783,85836,5.576844362147939,31282816.936000284,364.4486804604162,2.7899814832862293,0,0.0,24906,15641408.468000088,42918,364.44868046041495,1.0947188535130001,0.004194044456871243,0.8822797949896605,0.7138375263623586,896.6051818534064,448.30259092670167
1,30783,85836,5.576844362147939,31282816.936000284,364.4486804604162,2.7899814832862293,5877,0.19091706461358543,24906,15641408.468000088,42918,364.44868046041495,1.0947188535130001,0.004194044456871243,0.8822797949896605,0.7138375263623586,896.6051818534064,448.30259092670167
2,30783,85836,5.576844362147939,31282816.936000284,364.4486804604162,2.7899814832862293,0,0.0,24906,15641408.468000088,42918,364.44868046041495,1.0947188535130001,0.004194044456871243,0.8822797949896605,0.7138375263623586,896.6051818534064,448.30259092670167
3,30783,85836,5.576844362147939,31282816.936000284,364.4486804604162,2.7899814832862293,19682,0.6393788779521165,24906,15641408.468000088,42918,364.44868046041495,1.0947188535130001,0.004194044456871243,0.8822797949896605,0.7138375263623586,896.6051818534064,448.30259092670167
4,30783,85836,5.576844362147939,31282816.936000284,364.4486804604162,2.7899814832862293,5164,0.16775492966897312,24906,15641408.468000088,42918,364.44868046041495,1.0947188535130001,0.004194044456871243,0.8822797949896605,0.7138375263623586,896.6051818534064,448.30259092670167
5,30783,85836,5.576844362147939,31282816.936000284,364.4486804604162,2.7899814832862293,56,0.0018191859143033492,24906,15641408.468000088,42918,364.44868046041495,1.0947188535130001,0.004194044456871243,0.8822797949896605,0.7138375263623586,896.6051818534064,448.30259092670167
6,30783,85836,5.576844362147939,31282816.936000284,364.4486804604162,2.7899814832862293,3,9.745638826625085e-05,24906,15641408.468000088,42918,364.44868046041495,1.0947188535130001,0.004194044456871243,0.8822797949896605,0.7138375263623586,896.6051818534064,448.30259092670167
7,30783,85836,5.576844362147939,31282816.936000284,364.4486804604162,2.7899814832862293,1,3.248546275541695e-05,24906,15641408.468000088,42918,364.44868046041495,1.0947188535130001,0.004194044456871243,0.8822797949896605,0.7138375263623586,896.6051818534064,448.30259092670167
