,n,m,k_avg,edge_length_total,edge_length_avg,streets_per_node_avg,streets_per_node_counts,streets_per_node_proportions,intersection_count,street_length_total,street_segment_count,street_length_avg,circuity_avg,self_loop_proportion,node_density_km,intersection_density_km,edge_density_km,street_density_km
0,73978,195006,5.271999783719484,22616888.698000003,115.98047597509822,2.638054556760118,0,0.0,57089,11308444.348999899,97503,115.98047597509716,1.114773554072015,0.013045752438386512,29.048335455244086,22.416670129017135,8880.788475674157,4440.394237837038
1,73978,195006,5.271999783719484,22616888.698000003,115.98047597509822,2.638054556760118,16889,0.22829760198978075,57089,11308444.348999899,97503,115.98047597509716,1.114773554072015,0.013045752438386512,29.048335455244086,22.416670129017135,8880.788475674157,4440.394237837038
2,73978,195006,5.271999783719484,22616888.698000003,115.98047597509822,2.638054556760118,0,0.0,57089,11308444.348999899,97503,115.98047597509716,1.114773554072015,0.013045752438386512,29.048335455244086,22.416670129017135,8880.788475674157,4440.394237837038
3,73978,195006,5.271999783719484,22616888.698000003,115.98047597509822,2.638054556760118,50257,0.6793506177512233,57089,11308444.348999899,97503,115.98047597509716,1.114773554072015,0.013045752438386512,29.048335455244086,22.416670129017135,8880.788475674157,4440.394237837038
4,73978,195006,5.271999783719484,22616888.698000003,115.98047597509822,2.638054556760118,6676,0.09024304522966287,57089,11308444.348999899,97503,115.98047597509716,1.114773554072015,0.013045752438386512,29.048335455244086,22.416670129017135,8880.788475674157,4440.394237837038
5,73978,195006,5.271999783719484,22616888.698000003,115.98047597509822,2.638054556760118,144,0.0019465246424612724,57089,11308444.348999899,97503,115.98047597509716,1.114773554072015,0.013045752438386512,29.048335455244086,22.416670129017135,8880.788475674157,4440.394237837038
6,73978,195006,5.271999783719484,22616888.698000003,115.98047597509822,2.638054556760118,10,0.0001351753223931439,57089,11308444.348999899,97503,115.98047597509716,1.114773554072015,0.013045752438386512,29.048335455244086,22.416670129017135,8880.788475674157,4440.394237837038
7,73978,195006,5.271999783719484,22616888.698000003,115.98047597509822,2.638054556760118,2,2.703506447862878e-05,57089,11308444.348999899,97503,115.98047597509716,1.114773554072015,0.013045752438386512,29.048335455244086,22.416670129017135,8880.788475674157,4440.394237837038
