,n,m,k_avg,edge_length_total,edge_length_avg,streets_per_node_avg,streets_per_node_counts,streets_per_node_proportions,intersection_count,street_length_total,street_segment_count,street_length_avg,circuity_avg,self_loop_proportion,node_density_km,intersection_density_km,edge_density_km,street_density_km
0,29301,80524,5.496331183236067,21374696.519999873,265.44504147831543,2.7550936828094605,0,0.0,23582,10687348.260000065,40262,265.4450414783186,1.0856130317124593,0.010829069594158263,2.9656166972911033,2.386784510955899,2163.378618451304,1081.689309225665
1,29301,80524,5.496331183236067,21374696.519999873,265.44504147831543,2.7550936828094605,5719,0.19518105184123408,23582,10687348.260000065,40262,265.4450414783186,1.0856130317124593,0.010829069594158263,2.9656166972911033,2.386784510955899,2163.378618451304,1081.689309225665
2,29301,80524,5.496331183236067,21374696.519999873,265.44504147831543,2.7550936828094605,0,0.0,23582,10687348.260000065,40262,265.4450414783186,1.0856130317124593,0.010829069594158263,2.9656166972911033,2.386784510955899,2163.378618451304,1081.689309225665
3,29301,80524,5.496331183236067,21374696.519999873,265.44504147831543,2.7550936828094605,19386,0.661615644517252,23582,10687348.260000065,40262,265.4450414783186,1.0856130317124593,0.010829069594158263,2.9656166972911033,2.386784510955899,2163.378618451304,1081.689309225665
4,29301,80524,5.496331183236067,21374696.519999873,265.44504147831543,2.7550936828094605,4134,0.14108733490324563,23582,10687348.260000065,40262,265.4450414783186,1.0856130317124593,0.010829069594158263,2.9656166972911033,2.386784510955899,2163.378618451304,1081.689309225665
5,29301,80524,5.496331183236067,21374696.519999873,265.44504147831543,2.7550936828094605,58,0.0019794546261219753,23582,10687348.260000065,40262,265.4450414783186,1.0856130317124593,0.010829069594158263,2.9656166972911033,2.386784510955899,2163.378618451304,1081.689309225665
6,29301,80524,5.496331183236067,21374696.519999873,265.44504147831543,2.7550936828094605,4,0.00013651411214634312,23582,10687348.260000065,40262,265.4450414783186,1.0856130317124593,0.010829069594158263,2.9656166972911033,2.386784510955899,2163.378618451304,1081.689309225665
