,n,m,k_avg,edge_length_total,edge_length_avg,streets_per_node_avg,streets_per_node_counts,streets_per_node_proportions,intersection_count,street_length_total,street_segment_count,street_length_avg,circuity_avg,self_loop_proportion,node_density_km,intersection_density_km,edge_density_km,street_density_km
0,14120,40990,5.805949008498583,13144852.894000018,320.6843838497199,2.9122521246458923,0,0.0,11782,6572426.447000039,20495,320.6843838497213,1.0553117498584548,0.0071724810929495,3.161346913030711,2.637888762700272,2943.0198384341197,1471.5099192170665
1,14120,40990,5.805949008498583,13144852.894000018,320.6843838497199,2.9122521246458923,2338,0.16558073654390934,11782,6572426.447000039,20495,320.6843838497213,1.0553117498584548,0.0071724810929495,3.161346913030711,2.637888762700272,2943.0198384341197,1471.5099192170665
2,14120,40990,5.805949008498583,13144852.894000018,320.6843838497199,2.9122521246458923,0,0.0,11782,6572426.447000039,20495,320.6843838497213,1.0553117498584548,0.0071724810929495,3.161346913030711,2.637888762700272,2943.0198384341197,1471.5099192170665
3,14120,40990,5.805949008498583,13144852.894000018,320.6843838497199,2.9122521246458923,8382,0.5936260623229461,11782,6572426.447000039,20495,320.6843838497213,1.0553117498584548,0.0071724810929495,3.161346913030711,2.637888762700272,2943.0198384341197,1471.5099192170665
4,14120,40990,5.805949008498583,13144852.894000018,320.6843838497199,2.9122521246458923,3366,0.23838526912181304,11782,6572426.447000039,20495,320.6843838497213,1.0553117498584548,0.0071724810929495,3.161346913030711,2.637888762700272,2943.0198384341197,1471.5099192170665
5,14120,40990,5.805949008498583,13144852.894000018,320.6843838497199,2.9122521246458923,31,0.002195467422096317,11782,6572426.447000039,20495,320.6843838497213,1.0553117498584548,0.0071724810929495,3.161346913030711,2.637888762700272,2943.0198384341197,1471.5099192170665
6,14120,40990,5.805949008498583,13144852.894000018,320.6843838497199,2.9122521246458923,3,0.00021246458923512748,11782,6572426.447000039,20495,320.6843838497213,1.0553117498584548,0.0071724810929495,3.161346913030711,2.637888762700272,2943.0198384341197,1471.5099192170665
