,n,m,k_avg,edge_length_total,edge_length_avg,streets_per_node_avg,streets_per_node_counts,streets_per_node_proportions,intersection_count,street_length_total,street_segment_count,street_length_avg,circuity_avg,self_loop_proportion,node_density_km,intersection_density_km,edge_density_km,street_density_km
0,17724,48176,5.436244640036109,6543738.788000005,135.82984863832624,2.7243285939968405,0,0.0,14019,3271869.3940000143,24088,135.82984863832672,1.1023516620919784,0.012495848555297243,18.885980244537976,14.938081530590042,6972.744384765571,3486.372192382798
1,17724,48176,5.436244640036109,6543738.788000005,135.82984863832624,2.7243285939968405,3705,0.20903859174001355,14019,3271869.3940000143,24088,135.82984863832672,1.1023516620919784,0.012495848555297243,18.885980244537976,14.938081530590042,6972.744384765571,3486.372192382798
2,17724,48176,5.436244640036109,6543738.788000005,135.82984863832624,2.7243285939968405,0,0.0,14019,3271869.3940000143,24088,135.82984863832672,1.1023516620919784,0.012495848555297243,18.885980244537976,14.938081530590042,6972.744384765571,3486.372192382798
3,17724,48176,5.436244640036109,6543738.788000005,135.82984863832624,2.7243285939968405,11518,0.6498533062514105,14019,3271869.3940000143,24088,135.82984863832672,1.1023516620919784,0.012495848555297243,18.885980244537976,14.938081530590042,6972.744384765571,3486.372192382798
4,17724,48176,5.436244640036109,6543738.788000005,135.82984863832624,2.7243285939968405,2481,0.13997968855788762,14019,3271869.3940000143,24088,135.82984863832672,1.1023516620919784,0.012495848555297243,18.885980244537976,14.938081530590042,6972.744384765571,3486.372192382798
5,17724,48176,5.436244640036109,6543738.788000005,135.82984863832624,2.7243285939968405,18,0.001015572105619499,14019,3271869.3940000143,24088,135.82984863832672,1.1023516620919784,0.012495848555297243,18.885980244537976,14.938081530590042,6972.744384765571,3486.372192382798
6,17724,48176,5.436244640036109,6543738.788000005,135.82984863832624,2.7243285939968405,1,5.642067253441661e-05,14019,3271869.3940000143,24088,135.82984863832672,1.1023516620919784,0.012495848555297243,18.885980244537976,14.938081530590042,6972.744384765571,3486.372192382798
7,17724,48176,5.436244640036109,6543738.788000005,135.82984863832624,2.7243285939968405,1,5.642067253441661e-05,14019,3271869.3940000143,24088,135.82984863832672,1.1023516620919784,0.012495848555297243,18.885980244537976,14.938081530590042,6972.744384765571,3486.372192382798
