,n,m,k_avg,edge_length_total,edge_length_avg,streets_per_node_avg,streets_per_node_counts,streets_per_node_proportions,intersection_count,street_length_total,street_segment_count,street_length_avg,circuity_avg,self_loop_proportion,node_density_km,intersection_density_km,edge_density_km,street_density_km
0,7438,19836,5.3336918526485615,7406163.563999972,373.3698106473065,2.6758537241193867,0,0.0,5715,3703081.7820000043,9918,373.3698106473084,1.1928903807468667,0.0069570477918935265,1.9199511253274457,1.4751977253625104,1911.7332709143416,955.8666354571756
1,7438,19836,5.3336918526485615,7406163.563999972,373.3698106473065,2.6758537241193867,1723,0.23164829255176123,5715,3703081.7820000043,9918,373.3698106473084,1.1928903807468667,0.0069570477918935265,1.9199511253274457,1.4751977253625104,1911.7332709143416,955.8666354571756
2,7438,19836,5.3336918526485615,7406163.563999972,373.3698106473065,2.6758537241193867,0,0.0,5715,3703081.7820000043,9918,373.3698106473084,1.1928903807468667,0.0069570477918935265,1.9199511253274457,1.4751977253625104,1911.7332709143416,955.8666354571756
3,7438,19836,5.3336918526485615,7406163.563999972,373.3698106473065,2.6758537241193867,4703,0.6322936273191718,5715,3703081.7820000043,9918,373.3698106473084,1.1928903807468667,0.0069570477918935265,1.9199511253274457,1.4751977253625104,1911.7332709143416,955.8666354571756
4,7438,19836,5.3336918526485615,7406163.563999972,373.3698106473065,2.6758537241193867,995,0.13377251949448776,5715,3703081.7820000043,9918,373.3698106473084,1.1928903807468667,0.0069570477918935265,1.9199511253274457,1.4751977253625104,1911.7332709143416,955.8666354571756
5,7438,19836,5.3336918526485615,7406163.563999972,373.3698106473065,2.6758537241193867,11,0.0014788921753159452,5715,3703081.7820000043,9918,373.3698106473084,1.1928903807468667,0.0069570477918935265,1.9199511253274457,1.4751977253625104,1911.7332709143416,955.8666354571756
6,7438,19836,5.3336918526485615,7406163.563999972,373.3698106473065,2.6758537241193867,6,0.0008066684592632429,5715,3703081.7820000043,9918,373.3698106473084,1.1928903807468667,0.0069570477918935265,1.9199511253274457,1.4751977253625104,1911.7332709143416,955.8666354571756
