,n,m,k_avg,edge_length_total,edge_length_avg,streets_per_node_avg,streets_per_node_counts,streets_per_node_proportions,intersection_count,street_length_total,street_segment_count,street_length_avg,circuity_avg,self_loop_proportion,node_density_km,intersection_density_km,edge_density_km,street_density_km
0,9655,24470,5.068876229932678,5325316.691999932,217.62634621985828,2.5446918694976697,0,0.0,6933,2662658.346000003,12235,217.62634621986132,1.0813296868272502,0.009235798937474459,7.50308504040277,5.387766813579741,4138.405386551201,2069.20269327563
1,9655,24470,5.068876229932678,5325316.691999932,217.62634621985828,2.5446918694976697,2722,0.2819264629725531,6933,2662658.346000003,12235,217.62634621986132,1.0813296868272502,0.009235798937474459,7.50308504040277,5.387766813579741,4138.405386551201,2069.20269327563
2,9655,24470,5.068876229932678,5325316.691999932,217.62634621985828,2.5446918694976697,0,0.0,6933,2662658.346000003,12235,217.62634621986132,1.0813296868272502,0.009235798937474459,7.50308504040277,5.387766813579741,4138.405386551201,2069.20269327563
3,9655,24470,5.068876229932678,5325316.691999932,217.62634621985828,2.5446918694976697,5932,0.614396685655101,6933,2662658.346000003,12235,217.62634621986132,1.0813296868272502,0.009235798937474459,7.50308504040277,5.387766813579741,4138.405386551201,2069.20269327563
4,9655,24470,5.068876229932678,5325316.691999932,217.62634621985828,2.5446918694976697,959,0.09932677369238736,6933,2662658.346000003,12235,217.62634621986132,1.0813296868272502,0.009235798937474459,7.50308504040277,5.387766813579741,4138.405386551201,2069.20269327563
5,9655,24470,5.068876229932678,5325316.691999932,217.62634621985828,2.5446918694976697,38,0.003935784567581564,6933,2662658.346000003,12235,217.62634621986132,1.0813296868272502,0.009235798937474459,7.50308504040277,5.387766813579741,4138.405386551201,2069.20269327563
6,9655,24470,5.068876229932678,5325316.691999932,217.62634621985828,2.5446918694976697,3,0.00031071983428275507,6933,2662658.346000003,12235,217.62634621986132,1.0813296868272502,0.009235798937474459,7.50308504040277,5.387766813579741,4138.405386551201,2069.20269327563
7,9655,24470,5.068876229932678,5325316.691999932,217.62634621985828,2.5446918694976697,1,0.00010357327809425168,6933,2662658.346000003,12235,217.62634621986132,1.0813296868272502,0.009235798937474459,7.50308504040277,5.387766813579741,4138.405386551201,2069.20269327563
