,n,m,k_avg,edge_length_total,edge_length_avg,streets_per_node_avg,streets_per_node_counts,streets_per_node_proportions,intersection_count,street_length_total,street_segment_count,street_length_avg,circuity_avg,self_loop_proportion,node_density_km,intersection_density_km,edge_density_km,street_density_km
0,75770,203386,5.368509964365844,23970069.480000246,117.85506121365407,2.686089481325063,0,0.0,58301,11985034.740000036,101693,117.8550612136532,1.124042410035507,0.01419960075914763,19.70101387736919,15.15888623550879,6232.475537376118,3116.2377686880363
1,75770,203386,5.368509964365844,23970069.480000246,117.85506121365407,2.686089481325063,17469,0.2305529893097532,58301,11985034.740000036,101693,117.8550612136532,1.124042410035507,0.01419960075914763,19.70101387736919,15.15888623550879,6232.475537376118,3116.2377686880363
2,75770,203386,5.368509964365844,23970069.480000246,117.85506121365407,2.686089481325063,0,0.0,58301,11985034.740000036,101693,117.8550612136532,1.124042410035507,0.01419960075914763,19.70101387736919,15.15888623550879,6232.475537376118,3116.2377686880363
3,75770,203386,5.368509964365844,23970069.480000246,117.85506121365407,2.686089481325063,47406,0.6256565923188597,58301,11985034.740000036,101693,117.8550612136532,1.124042410035507,0.01419960075914763,19.70101387736919,15.15888623550879,6232.475537376118,3116.2377686880363
4,75770,203386,5.368509964365844,23970069.480000246,117.85506121365407,2.686089481325063,10649,0.14054375082486473,58301,11985034.740000036,101693,117.8550612136532,1.124042410035507,0.01419960075914763,19.70101387736919,15.15888623550879,6232.475537376118,3116.2377686880363
5,75770,203386,5.368509964365844,23970069.480000246,117.85506121365407,2.686089481325063,236,0.0031146891909726803,58301,11985034.740000036,101693,117.8550612136532,1.124042410035507,0.01419960075914763,19.70101387736919,15.15888623550879,6232.475537376118,3116.2377686880363
6,75770,203386,5.368509964365844,23970069.480000246,117.85506121365407,2.686089481325063,8,0.00010558268443975188,58301,11985034.740000036,101693,117.8550612136532,1.124042410035507,0.01419960075914763,19.70101387736919,15.15888623550879,6232.475537376118,3116.2377686880363
7,75770,203386,5.368509964365844,23970069.480000246,117.85506121365407,2.686089481325063,2,2.639567110993797e-05,58301,11985034.740000036,101693,117.8550612136532,1.124042410035507,0.01419960075914763,19.70101387736919,15.15888623550879,6232.475537376118,3116.2377686880363
