,n,m,k_avg,edge_length_total,edge_length_avg,streets_per_node_avg,streets_per_node_counts,streets_per_node_proportions,intersection_count,street_length_total,street_segment_count,street_length_avg,circuity_avg,self_loop_proportion,node_density_km,intersection_density_km,edge_density_km,street_density_km
0,18322,50486,5.510970418076629,6146241.749999945,121.74150754664551,2.7658552559764216,0,0.0,14778,3073120.8750000237,25243,121.74150754664754,1.0681374883864179,0.013310620766152992,17.37588314415216,14.01488926450609,5828.860300387966,2914.4301501940313
1,18322,50486,5.510970418076629,6146241.749999945,121.74150754664551,2.7658552559764216,3544,0.1934286649929047,14778,3073120.8750000237,25243,121.74150754664754,1.0681374883864179,0.013310620766152992,17.37588314415216,14.01488926450609,5828.860300387966,2914.4301501940313
2,18322,50486,5.510970418076629,6146241.749999945,121.74150754664551,2.7658552559764216,0,0.0,14778,3073120.8750000237,25243,121.74150754664754,1.0681374883864179,0.013310620766152992,17.37588314415216,14.01488926450609,5828.860300387966,2914.4301501940313
3,18322,50486,5.510970418076629,6146241.749999945,121.74150754664551,2.7658552559764216,12011,0.6555507040716079,14778,3073120.8750000237,25243,121.74150754664754,1.0681374883864179,0.013310620766152992,17.37588314415216,14.01488926450609,5828.860300387966,2914.4301501940313
4,18322,50486,5.510970418076629,6146241.749999945,121.74150754664551,2.7658552559764216,2737,0.14938325510315467,14778,3073120.8750000237,25243,121.74150754664754,1.0681374883864179,0.013310620766152992,17.37588314415216,14.01488926450609,5828.860300387966,2914.4301501940313
5,18322,50486,5.510970418076629,6146241.749999945,121.74150754664551,2.7658552559764216,29,0.0015827966379216242,14778,3073120.8750000237,25243,121.74150754664754,1.0681374883864179,0.013310620766152992,17.37588314415216,14.01488926450609,5828.860300387966,2914.4301501940313
6,18322,50486,5.510970418076629,6146241.749999945,121.74150754664551,2.7658552559764216,1,5.457919441109049e-05,14778,3073120.8750000237,25243,121.74150754664754,1.0681374883864179,0.013310620766152992,17.37588314415216,14.01488926450609,5828.860300387966,2914.4301501940313
