,n,m,k_avg,edge_length_total,edge_length_avg,streets_per_node_avg,streets_per_node_counts,streets_per_node_proportions,intersection_count,street_length_total,street_segment_count,street_length_avg,circuity_avg,self_loop_proportion,node_density_km,intersection_density_km,edge_density_km,street_density_km
0,148617,388700,5.230895523392344,53722141.58399943,138.209780252121,2.61727124084055,0,0.0,110868,26861070.792000037,194350,138.20978025212264,1.1137780428532218,0.010311294057113455,13.676505227927361,10.20264694893485,4943.78940652161,2471.8947032608344
1,148617,388700,5.230895523392344,53722141.58399943,138.209780252121,2.61727124084055,37749,0.254001897494903,110868,26861070.792000037,194350,138.20978025212264,1.1137780428532218,0.010311294057113455,13.676505227927361,10.20264694893485,4943.78940652161,2471.8947032608344
2,148617,388700,5.230895523392344,53722141.58399943,138.209780252121,2.61727124084055,0,0.0,110868,26861070.792000037,194350,138.20978025212264,1.1137780428532218,0.010311294057113455,13.676505227927361,10.20264694893485,4943.78940652161,2471.8947032608344
3,148617,388700,5.230895523392344,53722141.58399943,138.209780252121,2.61727124084055,92446,0.6220418929193834,110868,26861070.792000037,194350,138.20978025212264,1.1137780428532218,0.010311294057113455,13.676505227927361,10.20264694893485,4943.78940652161,2471.8947032608344
4,148617,388700,5.230895523392344,53722141.58399943,138.209780252121,2.61727124084055,18232,0.12267775557305019,110868,26861070.792000037,194350,138.20978025212264,1.1137780428532218,0.010311294057113455,13.676505227927361,10.20264694893485,4943.78940652161,2471.8947032608344
5,148617,388700,5.230895523392344,53722141.58399943,138.209780252121,2.61727124084055,185,0.001244810486014386,110868,26861070.792000037,194350,138.20978025212264,1.1137780428532218,0.010311294057113455,13.676505227927361,10.20264694893485,4943.78940652161,2471.8947032608344
6,148617,388700,5.230895523392344,53722141.58399943,138.209780252121,2.61727124084055,4,2.6914821319229966e-05,110868,26861070.792000037,194350,138.20978025212264,1.1137780428532218,0.010311294057113455,13.676505227927361,10.20264694893485,4943.78940652161,2471.8947032608344
7,148617,388700,5.230895523392344,53722141.58399943,138.209780252121,2.61727124084055,1,6.7287053298074916e-06,110868,26861070.792000037,194350,138.20978025212264,1.1137780428532218,0.010311294057113455,13.676505227927361,10.20264694893485,4943.78940652161,2471.8947032608344
