,n,m,k_avg,edge_length_total,edge_length_avg,streets_per_node_avg,streets_per_node_counts,streets_per_node_proportions,intersection_count,street_length_total,street_segment_count,street_length_avg,circuity_avg,self_loop_proportion,node_density_km,intersection_density_km,edge_density_km,street_density_km
0,24609,66718,5.422243894510139,15402300.130000139,230.85674225846307,2.717339184851071,0,0.0,19141,7701150.064999977,33359,230.8567422584603,1.1526148970428096,0.0069246680056356605,5.165847062389933,4.018020993181588,3233.204391913905,1616.6021959569332
1,24609,66718,5.422243894510139,15402300.130000139,230.85674225846307,2.717339184851071,5468,0.22219513186232678,19141,7701150.064999977,33359,230.8567422584603,1.1526148970428096,0.0069246680056356605,5.165847062389933,4.018020993181588,3233.204391913905,1616.6021959569332
2,24609,66718,5.422243894510139,15402300.130000139,230.85674225846307,2.717339184851071,0,0.0,19141,7701150.064999977,33359,230.8567422584603,1.1526148970428096,0.0069246680056356605,5.165847062389933,4.018020993181588,3233.204391913905,1616.6021959569332
3,24609,66718,5.422243894510139,15402300.130000139,230.85674225846307,2.717339184851071,15198,0.6175789345361453,19141,7701150.064999977,33359,230.8567422584603,1.1526148970428096,0.0069246680056356605,5.165847062389933,4.018020993181588,3233.204391913905,1616.6021959569332
4,24609,66718,5.422243894510139,15402300.130000139,230.85674225846307,2.717339184851071,3909,0.1588443252468609,19141,7701150.064999977,33359,230.8567422584603,1.1526148970428096,0.0069246680056356605,5.165847062389933,4.018020993181588,3233.204391913905,1616.6021959569332
5,24609,66718,5.422243894510139,15402300.130000139,230.85674225846307,2.717339184851071,31,0.0012597017351375513,19141,7701150.064999977,33359,230.8567422584603,1.1526148970428096,0.0069246680056356605,5.165847062389933,4.018020993181588,3233.204391913905,1616.6021959569332
6,24609,66718,5.422243894510139,15402300.130000139,230.85674225846307,2.717339184851071,3,0.00012190661952944045,19141,7701150.064999977,33359,230.8567422584603,1.1526148970428096,0.0069246680056356605,5.165847062389933,4.018020993181588,3233.204391913905,1616.6021959569332
