,n,m,k_avg,edge_length_total,edge_length_avg,streets_per_node_avg,streets_per_node_counts,streets_per_node_proportions,intersection_count,street_length_total,street_segment_count,street_length_avg,circuity_avg,self_loop_proportion,node_density_km,intersection_density_km,edge_density_km,street_density_km
0,44855,117140,5.2230520566269085,24757670.77399961,211.35112492743391,2.6162969568609964,0,0.0,34275,12378835.387000104,58570,211.35112492743903,1.087855810459522,0.010892948608502647,6.362318127565012,4.8616308956034056,3511.674898265616,1755.8374491328505
1,44855,117140,5.2230520566269085,24757670.77399961,211.35112492743391,2.6162969568609964,10580,0.2358711403410991,34275,12378835.387000104,58570,211.35112492743903,1.087855810459522,0.010892948608502647,6.362318127565012,4.8616308956034056,3511.674898265616,1755.8374491328505
2,44855,117140,5.2230520566269085,24757670.77399961,211.35112492743391,2.6162969568609964,0,0.0,34275,12378835.387000104,58570,211.35112492743903,1.087855810459522,0.010892948608502647,6.362318127565012,4.8616308956034056,3511.674898265616,1755.8374491328505
3,44855,117140,5.2230520566269085,24757670.77399961,211.35112492743391,2.6162969568609964,30369,0.6770482666369413,34275,12378835.387000104,58570,211.35112492743903,1.087855810459522,0.010892948608502647,6.362318127565012,4.8616308956034056,3511.674898265616,1755.8374491328505
4,44855,117140,5.2230520566269085,24757670.77399961,211.35112492743391,2.6162969568609964,3867,0.08621112473525805,34275,12378835.387000104,58570,211.35112492743903,1.087855810459522,0.010892948608502647,6.362318127565012,4.8616308956034056,3511.674898265616,1755.8374491328505
5,44855,117140,5.2230520566269085,24757670.77399961,211.35112492743391,2.6162969568609964,35,0.0007802920521680972,34275,12378835.387000104,58570,211.35112492743903,1.087855810459522,0.010892948608502647,6.362318127565012,4.8616308956034056,3511.674898265616,1755.8374491328505
6,44855,117140,5.2230520566269085,24757670.77399961,211.35112492743391,2.6162969568609964,4,8.917623453349682e-05,34275,12378835.387000104,58570,211.35112492743903,1.087855810459522,0.010892948608502647,6.362318127565012,4.8616308956034056,3511.674898265616,1755.8374491328505
