,n,m,k_avg,edge_length_total,edge_length_avg,streets_per_node_avg,streets_per_node_counts,streets_per_node_proportions,intersection_count,street_length_total,street_segment_count,street_length_avg,circuity_avg,self_loop_proportion,node_density_km,intersection_density_km,edge_density_km,street_density_km
0,24900,61478,4.937991967871486,15064092.443999972,245.0322463970847,2.4726506024096384,0,0.0,17409,7532046.221999976,30739,245.03224639708435,1.2322712192041643,0.01229708188295,8.248545321306223,5.767025120426507,4990.234909585558,2495.1174547927753
1,24900,61478,4.937991967871486,15064092.443999972,245.0322463970847,2.4726506024096384,7491,0.3008433734939759,17409,7532046.221999976,30739,245.03224639708435,1.2322712192041643,0.01229708188295,8.248545321306223,5.767025120426507,4990.234909585558,2495.1174547927753
2,24900,61478,4.937991967871486,15064092.443999972,245.0322463970847,2.4726506024096384,0,0.0,17409,7532046.221999976,30739,245.03224639708435,1.2322712192041643,0.01229708188295,8.248545321306223,5.767025120426507,4990.234909585558,2495.1174547927753
3,24900,61478,4.937991967871486,15064092.443999972,245.0322463970847,2.4726506024096384,15599,0.6264658634538153,17409,7532046.221999976,30739,245.03224639708435,1.2322712192041643,0.01229708188295,8.248545321306223,5.767025120426507,4990.234909585558,2495.1174547927753
4,24900,61478,4.937991967871486,15064092.443999972,245.0322463970847,2.4726506024096384,1772,0.07116465863453815,17409,7532046.221999976,30739,245.03224639708435,1.2322712192041643,0.01229708188295,8.248545321306223,5.767025120426507,4990.234909585558,2495.1174547927753
5,24900,61478,4.937991967871486,15064092.443999972,245.0322463970847,2.4726506024096384,36,0.0014457831325301205,17409,7532046.221999976,30739,245.03224639708435,1.2322712192041643,0.01229708188295,8.248545321306223,5.767025120426507,4990.234909585558,2495.1174547927753
6,24900,61478,4.937991967871486,15064092.443999972,245.0322463970847,2.4726506024096384,1,4.0160642570281125e-05,17409,7532046.221999976,30739,245.03224639708435,1.2322712192041643,0.01229708188295,8.248545321306223,5.767025120426507,4990.234909585558,2495.1174547927753
7,24900,61478,4.937991967871486,15064092.443999972,245.0322463970847,2.4726506024096384,1,4.0160642570281125e-05,17409,7532046.221999976,30739,245.03224639708435,1.2322712192041643,0.01229708188295,8.248545321306223,5.767025120426507,4990.234909585558,2495.1174547927753
