,n,m,k_avg,edge_length_total,edge_length_avg,streets_per_node_avg,streets_per_node_counts,streets_per_node_proportions,intersection_count,street_length_total,street_segment_count,street_length_avg,circuity_avg,self_loop_proportion,node_density_km,intersection_density_km,edge_density_km,street_density_km
0,23443,62952,5.37064368894766,14141202.046000244,224.63467476808114,2.69073923985838,0,0.0,18500,7070601.022999996,31476,224.63467476807716,1.0950515947529198,0.009531071292413268,5.2047133781011805,4.107289915747637,3139.5684627073865,1569.7842313536653
1,23443,62952,5.37064368894766,14141202.046000244,224.63467476808114,2.69073923985838,4943,0.21085185343172802,18500,7070601.022999996,31476,224.63467476807716,1.0950515947529198,0.009531071292413268,5.2047133781011805,4.107289915747637,3139.5684627073865,1569.7842313536653
2,23443,62952,5.37064368894766,14141202.046000244,224.63467476808114,2.69073923985838,0,0.0,18500,7070601.022999996,31476,224.63467476807716,1.0950515947529198,0.009531071292413268,5.2047133781011805,4.107289915747637,3139.5684627073865,1569.7842313536653
3,23443,62952,5.37064368894766,14141202.046000244,224.63467476808114,2.69073923985838,15938,0.6798617924327092,18500,7070601.022999996,31476,224.63467476807716,1.0950515947529198,0.009531071292413268,5.2047133781011805,4.107289915747637,3139.5684627073865,1569.7842313536653
4,23443,62952,5.37064368894766,14141202.046000244,224.63467476808114,2.69073923985838,2491,0.10625773151900354,18500,7070601.022999996,31476,224.63467476807716,1.0950515947529198,0.009531071292413268,5.2047133781011805,4.107289915747637,3139.5684627073865,1569.7842313536653
5,23443,62952,5.37064368894766,14141202.046000244,224.63467476808114,2.69073923985838,68,0.0029006526468455403,18500,7070601.022999996,31476,224.63467476807716,1.0950515947529198,0.009531071292413268,5.2047133781011805,4.107289915747637,3139.5684627073865,1569.7842313536653
6,23443,62952,5.37064368894766,14141202.046000244,224.63467476808114,2.69073923985838,3,0.00012796996971377385,18500,7070601.022999996,31476,224.63467476807716,1.0950515947529198,0.009531071292413268,5.2047133781011805,4.107289915747637,3139.5684627073865,1569.7842313536653
