,n,m,k_avg,edge_length_total,edge_length_avg,streets_per_node_avg,streets_per_node_counts,streets_per_node_proportions,intersection_count,street_length_total,street_segment_count,street_length_avg,circuity_avg,self_loop_proportion,node_density_km,intersection_density_km,edge_density_km,street_density_km
0,21485,57022,5.308075401442867,18333817.539999627,321.5218256111611,2.6584128461717476,0,0.0,16456,9166908.769999975,28511,321.5218256111668,1.1514767339078602,0.011013293114938094,3.8498024517914846,2.948678107827818,3285.155956071133,1642.5779780355954
1,21485,57022,5.308075401442867,18333817.539999627,321.5218256111611,2.6584128461717476,5029,0.23407028159180823,16456,9166908.769999975,28511,321.5218256111668,1.1514767339078602,0.011013293114938094,3.8498024517914846,2.948678107827818,3285.155956071133,1642.5779780355954
2,21485,57022,5.308075401442867,18333817.539999627,321.5218256111611,2.6584128461717476,0,0.0,16456,9166908.769999975,28511,321.5218256111668,1.1514767339078602,0.011013293114938094,3.8498024517914846,2.948678107827818,3285.155956071133,1642.5779780355954
3,21485,57022,5.308075401442867,18333817.539999627,321.5218256111611,2.6584128461717476,13774,0.6410984407726321,16456,9166908.769999975,28511,321.5218256111668,1.1514767339078602,0.011013293114938094,3.8498024517914846,2.948678107827818,3285.155956071133,1642.5779780355954
4,21485,57022,5.308075401442867,18333817.539999627,321.5218256111611,2.6584128461717476,2646,0.12315569001629044,16456,9166908.769999975,28511,321.5218256111668,1.1514767339078602,0.011013293114938094,3.8498024517914846,2.948678107827818,3285.155956071133,1642.5779780355954
5,21485,57022,5.308075401442867,18333817.539999627,321.5218256111611,2.6584128461717476,35,0.0016290435187340006,16456,9166908.769999975,28511,321.5218256111668,1.1514767339078602,0.011013293114938094,3.8498024517914846,2.948678107827818,3285.155956071133,1642.5779780355954
6,21485,57022,5.308075401442867,18333817.539999627,321.5218256111611,2.6584128461717476,1,4.6544100535257155e-05,16456,9166908.769999975,28511,321.5218256111668,1.1514767339078602,0.011013293114938094,3.8498024517914846,2.948678107827818,3285.155956071133,1642.5779780355954
