,n,m,k_avg,edge_length_total,edge_length_avg,streets_per_node_avg,streets_per_node_counts,streets_per_node_proportions,intersection_count,street_length_total,street_segment_count,street_length_avg,circuity_avg,self_loop_proportion,node_density_km,intersection_density_km,edge_density_km,street_density_km
0,81634,208932,5.11874954063258,20443754.9060002,97.84884510750005,2.562571967562535,0,0.0,59380,10221877.45300002,104466,97.84884510749929,1.1154748814199869,0.014837363352669768,35.301715953329115,25.678221002384824,8840.674580580366,4420.337290290148
1,81634,208932,5.11874954063258,20443754.9060002,97.84884510750005,2.562571967562535,22254,0.27260700198446725,59380,10221877.45300002,104466,97.84884510749929,1.1154748814199869,0.014837363352669768,35.301715953329115,25.678221002384824,8840.674580580366,4420.337290290148
2,81634,208932,5.11874954063258,20443754.9060002,97.84884510750005,2.562571967562535,2,2.4499595756670014e-05,59380,10221877.45300002,104466,97.84884510749929,1.1154748814199869,0.014837363352669768,35.301715953329115,25.678221002384824,8840.674580580366,4420.337290290148
3,81634,208932,5.11874954063258,20443754.9060002,97.84884510750005,2.562571967562535,50789,0.6221549844427567,59380,10221877.45300002,104466,97.84884510749929,1.1154748814199869,0.014837363352669768,35.301715953329115,25.678221002384824,8840.674580580366,4420.337290290148
4,81634,208932,5.11874954063258,20443754.9060002,97.84884510750005,2.562571967562535,8392,0.10280030379498738,59380,10221877.45300002,104466,97.84884510749929,1.1154748814199869,0.014837363352669768,35.301715953329115,25.678221002384824,8840.674580580366,4420.337290290148
5,81634,208932,5.11874954063258,20443754.9060002,97.84884510750005,2.562571967562535,182,0.0022294632138569713,59380,10221877.45300002,104466,97.84884510749929,1.1154748814199869,0.014837363352669768,35.301715953329115,25.678221002384824,8840.674580580366,4420.337290290148
6,81634,208932,5.11874954063258,20443754.9060002,97.84884510750005,2.562571967562535,15,0.0001837469681750251,59380,10221877.45300002,104466,97.84884510749929,1.1154748814199869,0.014837363352669768,35.301715953329115,25.678221002384824,8840.674580580366,4420.337290290148
