,n,m,k_avg,edge_length_total,edge_length_avg,streets_per_node_avg,streets_per_node_counts,streets_per_node_proportions,intersection_count,street_length_total,street_segment_count,street_length_avg,circuity_avg,self_loop_proportion,node_density_km,intersection_density_km,edge_density_km,street_density_km
0,20464,51722,5.054925723221267,7324360.182000037,141.61015007153702,2.534890539483972,0,0.0,14816,3662180.090999975,25861,141.61015007153532,1.0668986029558238,0.009319051854143305,15.806142364168423,11.443696504472213,5657.245883656134,2828.622941828033
1,20464,51722,5.054925723221267,7324360.182000037,141.61015007153702,2.534890539483972,5648,0.2759968725566849,14816,3662180.090999975,25861,141.61015007153532,1.0668986029558238,0.009319051854143305,15.806142364168423,11.443696504472213,5657.245883656134,2828.622941828033
2,20464,51722,5.054925723221267,7324360.182000037,141.61015007153702,2.534890539483972,0,0.0,14816,3662180.090999975,25861,141.61015007153532,1.0668986029558238,0.009319051854143305,15.806142364168423,11.443696504472213,5657.245883656134,2828.622941828033
3,20464,51722,5.054925723221267,7324360.182000037,141.61015007153702,2.534890539483972,13060,0.6381939014855356,14816,3662180.090999975,25861,141.61015007153532,1.0668986029558238,0.009319051854143305,15.806142364168423,11.443696504472213,5657.245883656134,2828.622941828033
4,20464,51722,5.054925723221267,7324360.182000037,141.61015007153702,2.534890539483972,1735,0.08478303362001564,14816,3662180.090999975,25861,141.61015007153532,1.0668986029558238,0.009319051854143305,15.806142364168423,11.443696504472213,5657.245883656134,2828.622941828033
5,20464,51722,5.054925723221267,7324360.182000037,141.61015007153702,2.534890539483972,20,0.000977326035965598,14816,3662180.090999975,25861,141.61015007153532,1.0668986029558238,0.009319051854143305,15.806142364168423,11.443696504472213,5657.245883656134,2828.622941828033
6,20464,51722,5.054925723221267,7324360.182000037,141.61015007153702,2.534890539483972,1,4.8866301798279905e-05,14816,3662180.090999975,25861,141.61015007153532,1.0668986029558238,0.009319051854143305,15.806142364168423,11.443696504472213,5657.245883656134,2828.622941828033
