,n,m,k_avg,edge_length_total,edge_length_avg,streets_per_node_avg,streets_per_node_counts,streets_per_node_proportions,intersection_count,street_length_total,street_segment_count,street_length_avg,circuity_avg,self_loop_proportion,node_density_km,intersection_density_km,edge_density_km,street_density_km
0,43275,123454,5.705557481224726,22704805.466000084,183.91308071022473,2.854789139225881,0,0.0,36587,11352402.73300004,61727,183.9130807102247,1.077710136158508,0.0034506779853224682,10.56282212291652,8.930374881828925,5541.925395096051,2770.962697548025
1,43275,123454,5.705557481224726,22704805.466000084,183.91308071022473,2.854789139225881,6688,0.15454650491045638,36587,11352402.73300004,61727,183.9130807102247,1.077710136158508,0.0034506779853224682,10.56282212291652,8.930374881828925,5541.925395096051,2770.962697548025
2,43275,123454,5.705557481224726,22704805.466000084,183.91308071022473,2.854789139225881,0,0.0,36587,11352402.73300004,61727,183.9130807102247,1.077710136158508,0.0034506779853224682,10.56282212291652,8.930374881828925,5541.925395096051,2770.962697548025
3,43275,123454,5.705557481224726,22704805.466000084,183.91308071022473,2.854789139225881,29567,0.6832351242056615,36587,11352402.73300004,61727,183.9130807102247,1.077710136158508,0.0034506779853224682,10.56282212291652,8.930374881828925,5541.925395096051,2770.962697548025
4,43275,123454,5.705557481224726,22704805.466000084,183.91308071022473,2.854789139225881,6953,0.16067013287117274,36587,11352402.73300004,61727,183.9130807102247,1.077710136158508,0.0034506779853224682,10.56282212291652,8.930374881828925,5541.925395096051,2770.962697548025
5,43275,123454,5.705557481224726,22704805.466000084,183.91308071022473,2.854789139225881,63,0.0014558058925476602,36587,11352402.73300004,61727,183.9130807102247,1.077710136158508,0.0034506779853224682,10.56282212291652,8.930374881828925,5541.925395096051,2770.962697548025
6,43275,123454,5.705557481224726,22704805.466000084,183.91308071022473,2.854789139225881,3,6.932409012131716e-05,36587,11352402.73300004,61727,183.9130807102247,1.077710136158508,0.0034506779853224682,10.56282212291652,8.930374881828925,5541.925395096051,2770.962697548025
7,43275,123454,5.705557481224726,22704805.466000084,183.91308071022473,2.854789139225881,1,2.3108030040439052e-05,36587,11352402.73300004,61727,183.9130807102247,1.077710136158508,0.0034506779853224682,10.56282212291652,8.930374881828925,5541.925395096051,2770.962697548025
