,n,m,k_avg,edge_length_total,edge_length_avg,streets_per_node_avg,streets_per_node_counts,streets_per_node_proportions,intersection_count,street_length_total,street_segment_count,street_length_avg,circuity_avg,self_loop_proportion,node_density_km,intersection_density_km,edge_density_km,street_density_km
0,27670,74796,5.406288398988074,18902019.270000126,252.714306513719,2.710010842067221,0,0.0,21844,9451009.635000093,37398,252.7143065137198,1.1038198790794447,0.009064655863949944,5.398128060911317,4.2615362978874884,3687.586578578754,1843.7932892893828
1,27670,74796,5.406288398988074,18902019.270000126,252.714306513719,2.710010842067221,5826,0.21055294542826167,21844,9451009.635000093,37398,252.7143065137198,1.1038198790794447,0.009064655863949944,5.398128060911317,4.2615362978874884,3687.586578578754,1843.7932892893828
2,27670,74796,5.406288398988074,18902019.270000126,252.714306513719,2.710010842067221,0,0.0,21844,9451009.635000093,37398,252.7143065137198,1.1038198790794447,0.009064655863949944,5.398128060911317,4.2615362978874884,3687.586578578754,1843.7932892893828
3,27670,74796,5.406288398988074,18902019.270000126,252.714306513719,2.710010842067221,18269,0.6602457535236719,21844,9451009.635000093,37398,252.7143065137198,1.1038198790794447,0.009064655863949944,5.398128060911317,4.2615362978874884,3687.586578578754,1843.7932892893828
4,27670,74796,5.406288398988074,18902019.270000126,252.714306513719,2.710010842067221,3523,0.12732200939645827,21844,9451009.635000093,37398,252.7143065137198,1.1038198790794447,0.009064655863949944,5.398128060911317,4.2615362978874884,3687.586578578754,1843.7932892893828
5,27670,74796,5.406288398988074,18902019.270000126,252.714306513719,2.710010842067221,51,0.0018431514275388508,21844,9451009.635000093,37398,252.7143065137198,1.1038198790794447,0.009064655863949944,5.398128060911317,4.2615362978874884,3687.586578578754,1843.7932892893828
6,27670,74796,5.406288398988074,18902019.270000126,252.714306513719,2.710010842067221,1,3.614022406938923e-05,21844,9451009.635000093,37398,252.7143065137198,1.1038198790794447,0.009064655863949944,5.398128060911317,4.2615362978874884,3687.586578578754,1843.7932892893828
