,n,m,k_avg,edge_length_total,edge_length_avg,streets_per_node_avg,streets_per_node_counts,streets_per_node_proportions,intersection_count,street_length_total,street_segment_count,street_length_avg,circuity_avg,self_loop_proportion,node_density_km,intersection_density_km,edge_density_km,street_density_km
0,21350,58580,5.487587822014052,7966262.1680000415,135.98945319221647,2.7503981264637,0,0.0,16939,3983131.084000024,29290,135.9894531922166,1.0793596666417988,0.01205189484465688,13.452264897791782,10.67297026246815,5019.403696917733,2509.701848458869
1,21350,58580,5.487587822014052,7966262.1680000415,135.98945319221647,2.7503981264637,4411,0.20660421545667448,16939,3983131.084000024,29290,135.9894531922166,1.0793596666417988,0.01205189484465688,13.452264897791782,10.67297026246815,5019.403696917733,2509.701848458869
2,21350,58580,5.487587822014052,7966262.1680000415,135.98945319221647,2.7503981264637,0,0.0,16939,3983131.084000024,29290,135.9894531922166,1.0793596666417988,0.01205189484465688,13.452264897791782,10.67297026246815,5019.403696917733,2509.701848458869
3,21350,58580,5.487587822014052,7966262.1680000415,135.98945319221647,2.7503981264637,13474,0.6311007025761124,16939,3983131.084000024,29290,135.9894531922166,1.0793596666417988,0.01205189484465688,13.452264897791782,10.67297026246815,5019.403696917733,2509.701848458869
4,21350,58580,5.487587822014052,7966262.1680000415,135.98945319221647,2.7503981264637,3439,0.16107728337236535,16939,3983131.084000024,29290,135.9894531922166,1.0793596666417988,0.01205189484465688,13.452264897791782,10.67297026246815,5019.403696917733,2509.701848458869
5,21350,58580,5.487587822014052,7966262.1680000415,135.98945319221647,2.7503981264637,24,0.0011241217798594848,16939,3983131.084000024,29290,135.9894531922166,1.0793596666417988,0.01205189484465688,13.452264897791782,10.67297026246815,5019.403696917733,2509.701848458869
6,21350,58580,5.487587822014052,7966262.1680000415,135.98945319221647,2.7503981264637,2,9.36768149882904e-05,16939,3983131.084000024,29290,135.9894531922166,1.0793596666417988,0.01205189484465688,13.452264897791782,10.67297026246815,5019.403696917733,2509.701848458869
