,n,m,k_avg,edge_length_total,edge_length_avg,streets_per_node_avg,streets_per_node_counts,streets_per_node_proportions,intersection_count,street_length_total,street_segment_count,street_length_avg,circuity_avg,self_loop_proportion,node_density_km,intersection_density_km,edge_density_km,street_density_km
0,22582,58160,5.151005225400762,6971590.62599989,119.86916482118106,2.582720751040652,0,0.0,16273,3485795.312999996,29080,119.8691648211828,1.0807763247630722,0.016059147180192572,16.506146996511507,11.894629796928161,5095.832949794343,2547.916474897209
1,22582,58160,5.151005225400762,6971590.62599989,119.86916482118106,2.582720751040652,6309,0.2793818085200602,16273,3485795.312999996,29080,119.8691648211828,1.0807763247630722,0.016059147180192572,16.506146996511507,11.894629796928161,5095.832949794343,2547.916474897209
2,22582,58160,5.151005225400762,6971590.62599989,119.86916482118106,2.582720751040652,0,0.0,16273,3485795.312999996,29080,119.8691648211828,1.0807763247630722,0.016059147180192572,16.506146996511507,11.894629796928161,5095.832949794343,2547.916474897209
3,22582,58160,5.151005225400762,6971590.62599989,119.86916482118106,2.582720751040652,13102,0.5801966167744221,16273,3485795.312999996,29080,119.8691648211828,1.0807763247630722,0.016059147180192572,16.506146996511507,11.894629796928161,5095.832949794343,2547.916474897209
4,22582,58160,5.151005225400762,6971590.62599989,119.86916482118106,2.582720751040652,3149,0.1394473474448676,16273,3485795.312999996,29080,119.8691648211828,1.0807763247630722,0.016059147180192572,16.506146996511507,11.894629796928161,5095.832949794343,2547.916474897209
5,22582,58160,5.151005225400762,6971590.62599989,119.86916482118106,2.582720751040652,20,0.0008856611460455229,16273,3485795.312999996,29080,119.8691648211828,1.0807763247630722,0.016059147180192572,16.506146996511507,11.894629796928161,5095.832949794343,2547.916474897209
6,22582,58160,5.151005225400762,6971590.62599989,119.86916482118106,2.582720751040652,2,8.85661146045523e-05,16273,3485795.312999996,29080,119.8691648211828,1.0807763247630722,0.016059147180192572,16.506146996511507,11.894629796928161,5095.832949794343,2547.916474897209
