,n,m,k_avg,edge_length_total,edge_length_avg,streets_per_node_avg,streets_per_node_counts,streets_per_node_proportions,intersection_count,street_length_total,street_segment_count,street_length_avg,circuity_avg,self_loop_proportion,node_density_km,intersection_density_km,edge_density_km,street_density_km
0,20515,55374,5.398391420911528,15819288.628000049,285.68080015892025,2.7033390202291008,0,0.0,15738,7909644.314000044,27687,285.68080015892093,1.3242414966477012,0.007657023151659624,3.0239212460354827,2.3197890602050415,2331.771044571136,1165.885522285571
1,20515,55374,5.398391420911528,15819288.628000049,285.68080015892025,2.7033390202291008,4777,0.23285400926151598,15738,7909644.314000044,27687,285.68080015892093,1.3242414966477012,0.007657023151659624,3.0239212460354827,2.3197890602050415,2331.771044571136,1165.885522285571
2,20515,55374,5.398391420911528,15819288.628000049,285.68080015892025,2.7033390202291008,0,0.0,15738,7909644.314000044,27687,285.68080015892093,1.3242414966477012,0.007657023151659624,3.0239212460354827,2.3197890602050415,2331.771044571136,1165.885522285571
3,20515,55374,5.398391420911528,15819288.628000049,285.68080015892025,2.7033390202291008,12321,0.6005849378503534,15738,7909644.314000044,27687,285.68080015892093,1.3242414966477012,0.007657023151659624,3.0239212460354827,2.3197890602050415,2331.771044571136,1165.885522285571
4,20515,55374,5.398391420911528,15819288.628000049,285.68080015892025,2.7033390202291008,3367,0.16412381184499147,15738,7909644.314000044,27687,285.68080015892093,1.3242414966477012,0.007657023151659624,3.0239212460354827,2.3197890602050415,2331.771044571136,1165.885522285571
5,20515,55374,5.398391420911528,15819288.628000049,285.68080015892025,2.7033390202291008,49,0.002388496222276383,15738,7909644.314000044,27687,285.68080015892093,1.3242414966477012,0.007657023151659624,3.0239212460354827,2.3197890602050415,2331.771044571136,1165.885522285571
6,20515,55374,5.398391420911528,15819288.628000049,285.68080015892025,2.7033390202291008,1,4.874482086278333e-05,15738,7909644.314000044,27687,285.68080015892093,1.3242414966477012,0.007657023151659624,3.0239212460354827,2.3197890602050415,2331.771044571136,1165.885522285571
