,n,m,k_avg,edge_length_total,edge_length_avg,streets_per_node_avg,streets_per_node_counts,streets_per_node_proportions,intersection_count,street_length_total,street_segment_count,street_length_avg,circuity_avg,self_loop_proportion,node_density_km,intersection_density_km,edge_density_km,street_density_km
0,76426,196282,5.136524219506451,29245115.59999996,148.99540253308996,2.5695051422290844,0,0.0,56572,14622557.80000017,98141,148.9954025330919,1.1159275313562427,0.015447162755627108,10.803567580835372,7.997009200835039,4134.08503380973,2067.0425169048917
1,76426,196282,5.136524219506451,29245115.59999996,148.99540253308996,2.5695051422290844,19854,0.2597807029021537,56572,14622557.80000017,98141,148.9954025330919,1.1159275313562427,0.015447162755627108,10.803567580835372,7.997009200835039,4134.08503380973,2067.0425169048917
2,76426,196282,5.136524219506451,29245115.59999996,148.99540253308996,2.5695051422290844,0,0.0,56572,14622557.80000017,98141,148.9954025330919,1.1159275313562427,0.015447162755627108,10.803567580835372,7.997009200835039,4134.08503380973,2067.0425169048917
3,76426,196282,5.136524219506451,29245115.59999996,148.99540253308996,2.5695051422290844,49957,0.6536649831209275,56572,14622557.80000017,98141,148.9954025330919,1.1159275313562427,0.015447162755627108,10.803567580835372,7.997009200835039,4134.08503380973,2067.0425169048917
4,76426,196282,5.136524219506451,29245115.59999996,148.99540253308996,2.5695051422290844,6441,0.08427760186324026,56572,14622557.80000017,98141,148.9954025330919,1.1159275313562427,0.015447162755627108,10.803567580835372,7.997009200835039,4134.08503380973,2067.0425169048917
5,76426,196282,5.136524219506451,29245115.59999996,148.99540253308996,2.5695051422290844,157,0.002054274723261717,56572,14622557.80000017,98141,148.9954025330919,1.1159275313562427,0.015447162755627108,10.803567580835372,7.997009200835039,4134.08503380973,2067.0425169048917
6,76426,196282,5.136524219506451,29245115.59999996,148.99540253308996,2.5695051422290844,16,0.00020935283803941068,56572,14622557.80000017,98141,148.9954025330919,1.1159275313562427,0.015447162755627108,10.803567580835372,7.997009200835039,4134.08503380973,2067.0425169048917
7,76426,196282,5.136524219506451,29245115.59999996,148.99540253308996,2.5695051422290844,1,1.3084552377463167e-05,56572,14622557.80000017,98141,148.9954025330919,1.1159275313562427,0.015447162755627108,10.803567580835372,7.997009200835039,4134.08503380973,2067.0425169048917
