,n,m,k_avg,edge_length_total,edge_length_avg,streets_per_node_avg,streets_per_node_counts,streets_per_node_proportions,intersection_count,street_length_total,street_segment_count,street_length_avg,circuity_avg,self_loop_proportion,node_density_km,intersection_density_km,edge_density_km,street_density_km
0,47213,130284,5.518988414207951,17024332.33599979,130.67093684565864,2.7619723381272108,0,0.0,38673,8512166.167999916,65142,130.67093684565896,1.1066807186141314,0.006815879156304688,12.04117918451243,9.863141986373439,4341.876943944731,2170.9384719723703
1,47213,130284,5.518988414207951,17024332.33599979,130.67093684565864,2.7619723381272108,8540,0.180882384089128,38673,8512166.167999916,65142,130.67093684565896,1.1066807186141314,0.006815879156304688,12.04117918451243,9.863141986373439,4341.876943944731,2170.9384719723703
2,47213,130284,5.518988414207951,17024332.33599979,130.67093684565864,2.7619723381272108,0,0.0,38673,8512166.167999916,65142,130.67093684565896,1.1066807186141314,0.006815879156304688,12.04117918451243,9.863141986373439,4341.876943944731,2170.9384719723703
3,47213,130284,5.518988414207951,17024332.33599979,130.67093684565864,2.7619723381272108,32974,0.6984093364115815,38673,8512166.167999916,65142,130.67093684565896,1.1066807186141314,0.006815879156304688,12.04117918451243,9.863141986373439,4341.876943944731,2170.9384719723703
4,47213,130284,5.518988414207951,17024332.33599979,130.67093684565864,2.7619723381272108,5565,0.11787007815643996,38673,8512166.167999916,65142,130.67093684565896,1.1066807186141314,0.006815879156304688,12.04117918451243,9.863141986373439,4341.876943944731,2170.9384719723703
5,47213,130284,5.518988414207951,17024332.33599979,130.67093684565864,2.7619723381272108,125,0.002647575879524707,38673,8512166.167999916,65142,130.67093684565896,1.1066807186141314,0.006815879156304688,12.04117918451243,9.863141986373439,4341.876943944731,2170.9384719723703
6,47213,130284,5.518988414207951,17024332.33599979,130.67093684565864,2.7619723381272108,9,0.0001906254633257789,38673,8512166.167999916,65142,130.67093684565896,1.1066807186141314,0.006815879156304688,12.04117918451243,9.863141986373439,4341.876943944731,2170.9384719723703
