,n,m,k_avg,edge_length_total,edge_length_avg,streets_per_node_avg,streets_per_node_counts,streets_per_node_proportions,intersection_count,street_length_total,street_segment_count,street_length_avg,circuity_avg,self_loop_proportion,node_density_km,intersection_density_km,edge_density_km,street_density_km
0,18843,49018,5.202780873533938,16226178.098000102,331.02489081562084,2.6091386721859577,0,0.0,13993,8113089.048999991,24509,331.0248908156184,1.0866507292137813,0.006813823493410584,3.106759552928724,2.3071106736789067,2675.3082743450964,1337.6541371725384
1,18843,49018,5.202780873533938,16226178.098000102,331.02489081562084,2.6091386721859577,4850,0.2573900122061243,13993,8113089.048999991,24509,331.0248908156184,1.0866507292137813,0.006813823493410584,3.106759552928724,2.3071106736789067,2675.3082743450964,1337.6541371725384
2,18843,49018,5.202780873533938,16226178.098000102,331.02489081562084,2.6091386721859577,0,0.0,13993,8113089.048999991,24509,331.0248908156184,1.0866507292137813,0.006813823493410584,3.106759552928724,2.3071106736789067,2675.3082743450964,1337.6541371725384
3,18843,49018,5.202780873533938,16226178.098000102,331.02489081562084,2.6091386721859577,11692,0.6204956747863928,13993,8113089.048999991,24509,331.0248908156184,1.0866507292137813,0.006813823493410584,3.106759552928724,2.3071106736789067,2675.3082743450964,1337.6541371725384
4,18843,49018,5.202780873533938,16226178.098000102,331.02489081562084,2.6091386721859577,2267,0.12030992941675954,13993,8113089.048999991,24509,331.0248908156184,1.0866507292137813,0.006813823493410584,3.106759552928724,2.3071106736789067,2675.3082743450964,1337.6541371725384
5,18843,49018,5.202780873533938,16226178.098000102,331.02489081562084,2.6091386721859577,34,0.0018043835907233456,13993,8113089.048999991,24509,331.0248908156184,1.0866507292137813,0.006813823493410584,3.106759552928724,2.3071106736789067,2675.3082743450964,1337.6541371725384
