,n,m,k_avg,edge_length_total,edge_length_avg,streets_per_node_avg,streets_per_node_counts,streets_per_node_proportions,intersection_count,street_length_total,street_segment_count,street_length_avg,circuity_avg,self_loop_proportion,node_density_km,intersection_density_km,edge_density_km,street_density_km
0,17235,42680,4.9527125036263415,10313341.075999882,241.64341790065328,2.4848854076008124,0,0.0,12063,5156670.538000048,21340,241.6434179006583,1.1445490143442894,0.006982193064667292,6.544991314897273,4.580924295422443,3916.4913124451714,1958.2456562226264
1,17235,42680,4.9527125036263415,10313341.075999882,241.64341790065328,2.4848854076008124,5172,0.3000870322019147,12063,5156670.538000048,21340,241.6434179006583,1.1445490143442894,0.006982193064667292,6.544991314897273,4.580924295422443,3916.4913124451714,1958.2456562226264
2,17235,42680,4.9527125036263415,10313341.075999882,241.64341790065328,2.4848854076008124,0,0.0,12063,5156670.538000048,21340,241.6434179006583,1.1445490143442894,0.006982193064667292,6.544991314897273,4.580924295422443,3916.4913124451714,1958.2456562226264
3,17235,42680,4.9527125036263415,10313341.075999882,241.64341790065328,2.4848854076008124,10640,0.6173484189149986,12063,5156670.538000048,21340,241.6434179006583,1.1445490143442894,0.006982193064667292,6.544991314897273,4.580924295422443,3916.4913124451714,1958.2456562226264
4,17235,42680,4.9527125036263415,10313341.075999882,241.64341790065328,2.4848854076008124,1387,0.08047577603713374,12063,5156670.538000048,21340,241.6434179006583,1.1445490143442894,0.006982193064667292,6.544991314897273,4.580924295422443,3916.4913124451714,1958.2456562226264
5,17235,42680,4.9527125036263415,10313341.075999882,241.64341790065328,2.4848854076008124,30,0.0017406440382941688,12063,5156670.538000048,21340,241.6434179006583,1.1445490143442894,0.006982193064667292,6.544991314897273,4.580924295422443,3916.4913124451714,1958.2456562226264
6,17235,42680,4.9527125036263415,10313341.075999882,241.64341790065328,2.4848854076008124,5,0.0002901073397156948,12063,5156670.538000048,21340,241.6434179006583,1.1445490143442894,0.006982193064667292,6.544991314897273,4.580924295422443,3916.4913124451714,1958.2456562226264
7,17235,42680,4.9527125036263415,10313341.075999882,241.64341790065328,2.4848854076008124,1,5.802146794313896e-05,12063,5156670.538000048,21340,241.6434179006583,1.1445490143442894,0.006982193064667292,6.544991314897273,4.580924295422443,3916.4913124451714,1958.2456562226264
