,n,m,k_avg,edge_length_total,edge_length_avg,streets_per_node_avg,streets_per_node_counts,streets_per_node_proportions,intersection_count,street_length_total,street_segment_count,street_length_avg,circuity_avg,self_loop_proportion,node_density_km,intersection_density_km,edge_density_km,street_density_km
0,14693,36914,5.024705642142517,9123097.192000017,247.1446386736744,2.518614306132172,0,0.0,10523,4561548.595999974,18457,247.14463867367252,1.115285623129735,0.01110689711220675,7.155083179996279,5.1244089228272545,4442.695111137998,2221.347555568982
1,14693,36914,5.024705642142517,9123097.192000017,247.1446386736744,2.518614306132172,4170,0.28380861634792076,10523,4561548.595999974,18457,247.14463867367252,1.115285623129735,0.01110689711220675,7.155083179996279,5.1244089228272545,4442.695111137998,2221.347555568982
2,14693,36914,5.024705642142517,9123097.192000017,247.1446386736744,2.518614306132172,0,0.0,10523,4561548.595999974,18457,247.14463867367252,1.115285623129735,0.01110689711220675,7.155083179996279,5.1244089228272545,4442.695111137998,2221.347555568982
3,14693,36914,5.024705642142517,9123097.192000017,247.1446386736744,2.518614306132172,9296,0.6326822296331587,10523,4561548.595999974,18457,247.14463867367252,1.115285623129735,0.01110689711220675,7.155083179996279,5.1244089228272545,4442.695111137998,2221.347555568982
4,14693,36914,5.024705642142517,9123097.192000017,247.1446386736744,2.518614306132172,1188,0.08085482883005513,10523,4561548.595999974,18457,247.14463867367252,1.115285623129735,0.01110689711220675,7.155083179996279,5.1244089228272545,4442.695111137998,2221.347555568982
5,14693,36914,5.024705642142517,9123097.192000017,247.1446386736744,2.518614306132172,38,0.002586265568638127,10523,4561548.595999974,18457,247.14463867367252,1.115285623129735,0.01110689711220675,7.155083179996279,5.1244089228272545,4442.695111137998,2221.347555568982
6,14693,36914,5.024705642142517,9123097.192000017,247.1446386736744,2.518614306132172,1,6.805962022731914e-05,10523,4561548.595999974,18457,247.14463867367252,1.115285623129735,0.01110689711220675,7.155083179996279,5.1244089228272545,4442.695111137998,2221.347555568982
