,n,m,k_avg,edge_length_total,edge_length_avg,streets_per_node_avg,streets_per_node_counts,streets_per_node_proportions,intersection_count,street_length_total,street_segment_count,street_length_avg,circuity_avg,self_loop_proportion,node_density_km,intersection_density_km,edge_density_km,street_density_km
0,33962,97224,5.725457864672281,7822249.795999997,80.45595527853202,2.8666156292326717,0,0.0,27580,3911113.5050000534,48610,80.45903116642776,1.0837922017850312,0.009360213947747376,33.13206304483275,26.906021399696343,7631.095736219952,3815.536753523307
1,33962,97224,5.725457864672281,7822249.795999997,80.45595527853202,2.8666156292326717,6382,0.18791590601260233,27580,3911113.5050000534,48610,80.45903116642776,1.0837922017850312,0.009360213947747376,33.13206304483275,26.906021399696343,7631.095736219952,3815.536753523307
2,33962,97224,5.725457864672281,7822249.795999997,80.45595527853202,2.8666156292326717,0,0.0,27580,3911113.5050000534,48610,80.45903116642776,1.0837922017850312,0.009360213947747376,33.13206304483275,26.906021399696343,7631.095736219952,3815.536753523307
3,33962,97224,5.725457864672281,7822249.795999997,80.45595527853202,2.8666156292326717,19434,0.5722277839938755,27580,3911113.5050000534,48610,80.45903116642776,1.0837922017850312,0.009360213947747376,33.13206304483275,26.906021399696343,7631.095736219952,3815.536753523307
4,33962,97224,5.725457864672281,7822249.795999997,80.45595527853202,2.8666156292326717,8068,0.23755962546375362,27580,3911113.5050000534,48610,80.45903116642776,1.0837922017850312,0.009360213947747376,33.13206304483275,26.906021399696343,7631.095736219952,3815.536753523307
5,33962,97224,5.725457864672281,7822249.795999997,80.45595527853202,2.8666156292326717,68,0.0020022377951828515,27580,3911113.5050000534,48610,80.45903116642776,1.0837922017850312,0.009360213947747376,33.13206304483275,26.906021399696343,7631.095736219952,3815.536753523307
6,33962,97224,5.725457864672281,7822249.795999997,80.45595527853202,2.8666156292326717,10,0.00029444673458571346,27580,3911113.5050000534,48610,80.45903116642776,1.0837922017850312,0.009360213947747376,33.13206304483275,26.906021399696343,7631.095736219952,3815.536753523307
