,n,m,k_avg,edge_length_total,edge_length_avg,streets_per_node_avg,streets_per_node_counts,streets_per_node_proportions,intersection_count,street_length_total,street_segment_count,street_length_avg,circuity_avg,self_loop_proportion,node_density_km,intersection_density_km,edge_density_km,street_density_km
0,36604,101958,5.570866571959349,10427930.238000194,102.27672412169908,2.791443558081084,0,0.0,28978,5213965.118999981,50979,102.2767241216968,1.0911982441864512,0.013240746189607485,9.687110263112917,7.668918183927606,2759.7123273838156,1379.8561636918773
1,36604,101958,5.570866571959349,10427930.238000194,102.27672412169908,2.791443558081084,7626,0.20833788656977378,28978,5213965.118999981,50979,102.2767241216968,1.0911982441864512,0.013240746189607485,9.687110263112917,7.668918183927606,2759.7123273838156,1379.8561636918773
2,36604,101958,5.570866571959349,10427930.238000194,102.27672412169908,2.791443558081084,1,2.731941864277128e-05,28978,5213965.118999981,50979,102.2767241216968,1.0911982441864512,0.013240746189607485,9.687110263112917,7.668918183927606,2759.7123273838156,1379.8561636918773
3,36604,101958,5.570866571959349,10427930.238000194,102.27672412169908,2.791443558081084,21414,0.5850180308163042,28978,5213965.118999981,50979,102.2767241216968,1.0911982441864512,0.013240746189607485,9.687110263112917,7.668918183927606,2759.7123273838156,1379.8561636918773
4,36604,101958,5.570866571959349,10427930.238000194,102.27672412169908,2.791443558081084,7514,0.20527811168178342,28978,5213965.118999981,50979,102.2767241216968,1.0911982441864512,0.013240746189607485,9.687110263112917,7.668918183927606,2759.7123273838156,1379.8561636918773
5,36604,101958,5.570866571959349,10427930.238000194,102.27672412169908,2.791443558081084,42,0.001147415582996394,28978,5213965.118999981,50979,102.2767241216968,1.0911982441864512,0.013240746189607485,9.687110263112917,7.668918183927606,2759.7123273838156,1379.8561636918773
6,36604,101958,5.570866571959349,10427930.238000194,102.27672412169908,2.791443558081084,7,0.00019123593049939896,28978,5213965.118999981,50979,102.2767241216968,1.0911982441864512,0.013240746189607485,9.687110263112917,7.668918183927606,2759.7123273838156,1379.8561636918773
