,n,m,k_avg,edge_length_total,edge_length_avg,streets_per_node_avg,streets_per_node_counts,streets_per_node_proportions,intersection_count,street_length_total,street_segment_count,street_length_avg,circuity_avg,self_loop_proportion,node_density_km,intersection_density_km,edge_density_km,street_density_km
0,63121,165824,5.254162640008872,28012536.124000315,168.9293234031281,2.6285229955165477,0,0.0,47540,14006268.061999932,82912,168.92932340312538,1.0945613475527118,0.0096487842531841,10.573626876903985,7.963597245417777,4692.481184565731,2346.240592282828
1,63121,165824,5.254162640008872,28012536.124000315,168.9293234031281,2.6285229955165477,15581,0.24684336433199727,47540,14006268.061999932,82912,168.92932340312538,1.0945613475527118,0.0096487842531841,10.573626876903985,7.963597245417777,4692.481184565731,2346.240592282828
2,63121,165824,5.254162640008872,28012536.124000315,168.9293234031281,2.6285229955165477,0,0.0,47540,14006268.061999932,82912,168.92932340312538,1.0945613475527118,0.0096487842531841,10.573626876903985,7.963597245417777,4692.481184565731,2346.240592282828
3,63121,165824,5.254162640008872,28012536.124000315,168.9293234031281,2.6285229955165477,40036,0.634273854976949,47540,14006268.061999932,82912,168.92932340312538,1.0945613475527118,0.0096487842531841,10.573626876903985,7.963597245417777,4692.481184565731,2346.240592282828
4,63121,165824,5.254162640008872,28012536.124000315,168.9293234031281,2.6285229955165477,7311,0.11582516119833336,47540,14006268.061999932,82912,168.92932340312538,1.0945613475527118,0.0096487842531841,10.573626876903985,7.963597245417777,4692.481184565731,2346.240592282828
5,63121,165824,5.254162640008872,28012536.124000315,168.9293234031281,2.6285229955165477,179,0.002835823260087768,47540,14006268.061999932,82912,168.92932340312538,1.0945613475527118,0.0096487842531841,10.573626876903985,7.963597245417777,4692.481184565731,2346.240592282828
6,63121,165824,5.254162640008872,28012536.124000315,168.9293234031281,2.6285229955165477,11,0.00017426846849701366,47540,14006268.061999932,82912,168.92932340312538,1.0945613475527118,0.0096487842531841,10.573626876903985,7.963597245417777,4692.481184565731,2346.240592282828
7,63121,165824,5.254162640008872,28012536.124000315,168.9293234031281,2.6285229955165477,3,4.752776413554918e-05,47540,14006268.061999932,82912,168.92932340312538,1.0945613475527118,0.0096487842531841,10.573626876903985,7.963597245417777,4692.481184565731,2346.240592282828
