,n,m,k_avg,edge_length_total,edge_length_avg,streets_per_node_avg,streets_per_node_counts,streets_per_node_proportions,intersection_count,street_length_total,street_segment_count,street_length_avg,circuity_avg,self_loop_proportion,node_density_km,intersection_density_km,edge_density_km,street_density_km
0,20095,51708,5.146354814630505,7433101.477999985,143.75147903612566,2.575615824832048,0,0.0,14947,3716550.7389999856,25854,143.75147903612537,1.1883681824744181,0.011680977798406437,9.846452512206755,7.323957486934777,3642.18366367458,1821.0918318372867
1,20095,51708,5.146354814630505,7433101.477999985,143.75147903612566,2.575615824832048,5148,0.2561831301318736,14947,3716550.7389999856,25854,143.75147903612537,1.1883681824744181,0.011680977798406437,9.846452512206755,7.323957486934777,3642.18366367458,1821.0918318372867
2,20095,51708,5.146354814630505,7433101.477999985,143.75147903612566,2.575615824832048,0,0.0,14947,3716550.7389999856,25854,143.75147903612537,1.1883681824744181,0.011680977798406437,9.846452512206755,7.323957486934777,3642.18366367458,1821.0918318372867
3,20095,51708,5.146354814630505,7433101.477999985,143.75147903612566,2.575615824832048,13252,0.6594675292361284,14947,3716550.7389999856,25854,143.75147903612537,1.1883681824744181,0.011680977798406437,9.846452512206755,7.323957486934777,3642.18366367458,1821.0918318372867
4,20095,51708,5.146354814630505,7433101.477999985,143.75147903612566,2.575615824832048,1630,0.08111470515053495,14947,3716550.7389999856,25854,143.75147903612537,1.1883681824744181,0.011680977798406437,9.846452512206755,7.323957486934777,3642.18366367458,1821.0918318372867
5,20095,51708,5.146354814630505,7433101.477999985,143.75147903612566,2.575615824832048,57,0.0028365264991291367,14947,3716550.7389999856,25854,143.75147903612537,1.1883681824744181,0.011680977798406437,9.846452512206755,7.323957486934777,3642.18366367458,1821.0918318372867
6,20095,51708,5.146354814630505,7433101.477999985,143.75147903612566,2.575615824832048,8,0.0003981089823339139,14947,3716550.7389999856,25854,143.75147903612537,1.1883681824744181,0.011680977798406437,9.846452512206755,7.323957486934777,3642.18366367458,1821.0918318372867
