,n,m,k_avg,edge_length_total,edge_length_avg,streets_per_node_avg,streets_per_node_counts,streets_per_node_proportions,intersection_count,street_length_total,street_segment_count,street_length_avg,circuity_avg,self_loop_proportion,node_density_km,intersection_density_km,edge_density_km,street_density_km
0,54226,147074,5.424482720466197,15696583.083999956,106.72575087370953,2.713126544462066,0,0.0,42200,7848291.542000045,73537,106.72575087371045,1.1172934329739654,0.015570393135428424,9.090111710265196,7.074147349485326,2631.2782374325707,1315.6391187162967
1,54226,147074,5.424482720466197,15696583.083999956,106.72575087370953,2.713126544462066,12026,0.22177553203260428,42200,7848291.542000045,73537,106.72575087371045,1.1172934329739654,0.015570393135428424,9.090111710265196,7.074147349485326,2631.2782374325707,1315.6391187162967
2,54226,147074,5.424482720466197,15696583.083999956,106.72575087370953,2.713126544462066,0,0.0,42200,7848291.542000045,73537,106.72575087371045,1.1172934329739654,0.015570393135428424,9.090111710265196,7.074147349485326,2631.2782374325707,1315.6391187162967
3,54226,147074,5.424482720466197,15696583.083999956,106.72575087370953,2.713126544462066,33940,0.6258990152325453,42200,7848291.542000045,73537,106.72575087371045,1.1172934329739654,0.015570393135428424,9.090111710265196,7.074147349485326,2631.2782374325707,1315.6391187162967
4,54226,147074,5.424482720466197,15696583.083999956,106.72575087370953,2.713126544462066,8044,0.148342123704496,42200,7848291.542000045,73537,106.72575087371045,1.1172934329739654,0.015570393135428424,9.090111710265196,7.074147349485326,2631.2782374325707,1315.6391187162967
5,54226,147074,5.424482720466197,15696583.083999956,106.72575087370953,2.713126544462066,197,0.0036329436063880795,42200,7848291.542000045,73537,106.72575087371045,1.1172934329739654,0.015570393135428424,9.090111710265196,7.074147349485326,2631.2782374325707,1315.6391187162967
6,54226,147074,5.424482720466197,15696583.083999956,106.72575087370953,2.713126544462066,18,0.00033194408586287023,42200,7848291.542000045,73537,106.72575087371045,1.1172934329739654,0.015570393135428424,9.090111710265196,7.074147349485326,2631.2782374325707,1315.6391187162967
7,54226,147074,5.424482720466197,15696583.083999956,106.72575087370953,2.713126544462066,1,1.844133810349279e-05,42200,7848291.542000045,73537,106.72575087371045,1.1172934329739654,0.015570393135428424,9.090111710265196,7.074147349485326,2631.2782374325707,1315.6391187162967
