,n,m,k_avg,edge_length_total,edge_length_avg,streets_per_node_avg,streets_per_node_counts,streets_per_node_proportions,intersection_count,street_length_total,street_segment_count,street_length_avg,circuity_avg,self_loop_proportion,node_density_km,intersection_density_km,edge_density_km,street_density_km
0,13115,32530,4.960731986275257,10488767.52800002,322.4336774669542,2.486389630194434,0,0.0,9114,5244383.764000011,16265,322.43367746695424,1.087555853543265,0.007992622194897018,2.799635045275424,1.945548898409471,2239.0180063389807,1119.5090031694906
1,13115,32530,4.960731986275257,10488767.52800002,322.4336774669542,2.486389630194434,4001,0.30507052992756384,9114,5244383.764000011,16265,322.43367746695424,1.087555853543265,0.007992622194897018,2.799635045275424,1.945548898409471,2239.0180063389807,1119.5090031694906
2,13115,32530,4.960731986275257,10488767.52800002,322.4336774669542,2.486389630194434,0,0.0,9114,5244383.764000011,16265,322.43367746695424,1.087555853543265,0.007992622194897018,2.799635045275424,1.945548898409471,2239.0180063389807,1119.5090031694906
3,13115,32530,4.960731986275257,10488767.52800002,322.4336774669542,2.486389630194434,7876,0.6005337399923751,9114,5244383.764000011,16265,322.43367746695424,1.087555853543265,0.007992622194897018,2.799635045275424,1.945548898409471,2239.0180063389807,1119.5090031694906
4,13115,32530,4.960731986275257,10488767.52800002,322.4336774669542,2.486389630194434,1213,0.09248951582157834,9114,5244383.764000011,16265,322.43367746695424,1.087555853543265,0.007992622194897018,2.799635045275424,1.945548898409471,2239.0180063389807,1119.5090031694906
5,13115,32530,4.960731986275257,10488767.52800002,322.4336774669542,2.486389630194434,22,0.001677468547464735,9114,5244383.764000011,16265,322.43367746695424,1.087555853543265,0.007992622194897018,2.799635045275424,1.945548898409471,2239.0180063389807,1119.5090031694906
6,13115,32530,4.960731986275257,10488767.52800002,322.4336774669542,2.486389630194434,3,0.0002287457110179184,9114,5244383.764000011,16265,322.43367746695424,1.087555853543265,0.007992622194897018,2.799635045275424,1.945548898409471,2239.0180063389807,1119.5090031694906
