,n,m,k_avg,edge_length_total,edge_length_avg,streets_per_node_avg,streets_per_node_counts,streets_per_node_proportions,intersection_count,street_length_total,street_segment_count,street_length_avg,circuity_avg,self_loop_proportion,node_density_km,intersection_density_km,edge_density_km,street_density_km
0,30929,81012,5.238578680203045,9984405.641999846,123.24600851725481,2.6239774968476186,0,0.0,23632,4992202.821000031,40506,123.24600851725748,1.1046731045243812,0.015701377573692787,7.5568432729656685,5.7739765342146425,2439.4771447608073,1219.73857238043
1,30929,81012,5.238578680203045,9984405.641999846,123.24600851725481,2.6239774968476186,7297,0.23592744673283972,23632,4992202.821000031,40506,123.24600851725748,1.1046731045243812,0.015701377573692787,7.5568432729656685,5.7739765342146425,2439.4771447608073,1219.73857238043
2,30929,81012,5.238578680203045,9984405.641999846,123.24600851725481,2.6239774968476186,0,0.0,23632,4992202.821000031,40506,123.24600851725748,1.1046731045243812,0.015701377573692787,7.5568432729656685,5.7739765342146425,2439.4771447608073,1219.73857238043
3,30929,81012,5.238578680203045,9984405.641999846,123.24600851725481,2.6239774968476186,20708,0.6695334475734748,23632,4992202.821000031,40506,123.24600851725748,1.1046731045243812,0.015701377573692787,7.5568432729656685,5.7739765342146425,2439.4771447608073,1219.73857238043
4,30929,81012,5.238578680203045,9984405.641999846,123.24600851725481,2.6239774968476186,2886,0.09331048530505351,23632,4992202.821000031,40506,123.24600851725748,1.1046731045243812,0.015701377573692787,7.5568432729656685,5.7739765342146425,2439.4771447608073,1219.73857238043
5,30929,81012,5.238578680203045,9984405.641999846,123.24600851725481,2.6239774968476186,36,0.001163956157651395,23632,4992202.821000031,40506,123.24600851725748,1.1046731045243812,0.015701377573692787,7.5568432729656685,5.7739765342146425,2439.4771447608073,1219.73857238043
6,30929,81012,5.238578680203045,9984405.641999846,123.24600851725481,2.6239774968476186,2,6.466423098063306e-05,23632,4992202.821000031,40506,123.24600851725748,1.1046731045243812,0.015701377573692787,7.5568432729656685,5.7739765342146425,2439.4771447608073,1219.73857238043
