,n,m,k_avg,edge_length_total,edge_length_avg,streets_per_node_avg,streets_per_node_counts,streets_per_node_proportions,intersection_count,street_length_total,street_segment_count,street_length_avg,circuity_avg,self_loop_proportion,node_density_km,intersection_density_km,edge_density_km,street_density_km
0,42927,106792,4.975516574649987,12862771.77800012,120.44696024046857,2.49118270552333,0,0.0,30225,6431385.888999931,53396,120.44696024046615,1.1168881944768256,0.018222338751966438,21.456459390973308,15.10754269089776,6429.276220327931,3214.638110163901
1,42927,106792,4.975516574649987,12862771.77800012,120.44696024046857,2.49118270552333,12702,0.295897686770564,30225,6431385.888999931,53396,120.44696024046615,1.1168881944768256,0.018222338751966438,21.456459390973308,15.10754269089776,6429.276220327931,3214.638110163901
2,42927,106792,4.975516574649987,12862771.77800012,120.44696024046857,2.49118270552333,0,0.0,30225,6431385.888999931,53396,120.44696024046615,1.1168881944768256,0.018222338751966438,21.456459390973308,15.10754269089776,6429.276220327931,3214.638110163901
3,42927,106792,4.975516574649987,12862771.77800012,120.44696024046857,2.49118270552333,26743,0.6229878631164535,30225,6431385.888999931,53396,120.44696024046615,1.1168881944768256,0.018222338751966438,21.456459390973308,15.10754269089776,6429.276220327931,3214.638110163901
4,42927,106792,4.975516574649987,12862771.77800012,120.44696024046857,2.49118270552333,3412,0.07948377478044122,30225,6431385.888999931,53396,120.44696024046615,1.1168881944768256,0.018222338751966438,21.456459390973308,15.10754269089776,6429.276220327931,3214.638110163901
5,42927,106792,4.975516574649987,12862771.77800012,120.44696024046857,2.49118270552333,61,0.0014210170755002678,30225,6431385.888999931,53396,120.44696024046615,1.1168881944768256,0.018222338751966438,21.456459390973308,15.10754269089776,6429.276220327931,3214.638110163901
6,42927,106792,4.975516574649987,12862771.77800012,120.44696024046857,2.49118270552333,8,0.00018636289514757613,30225,6431385.888999931,53396,120.44696024046615,1.1168881944768256,0.018222338751966438,21.456459390973308,15.10754269089776,6429.276220327931,3214.638110163901
7,42927,106792,4.975516574649987,12862771.77800012,120.44696024046857,2.49118270552333,1,2.3295361893447016e-05,30225,6431385.888999931,53396,120.44696024046615,1.1168881944768256,0.018222338751966438,21.456459390973308,15.10754269089776,6429.276220327931,3214.638110163901
