,n,m,k_avg,edge_length_total,edge_length_avg,streets_per_node_avg,streets_per_node_counts,streets_per_node_proportions,intersection_count,street_length_total,street_segment_count,street_length_avg,circuity_avg,self_loop_proportion,node_density_km,intersection_density_km,edge_density_km,street_density_km
0,15319,44334,5.788106273255434,4919361.569999995,110.96137434023537,2.8949017559892942,0,0.0,12416,2459680.78499999,22167,110.96137434023503,1.081543839203679,0.00721793657238237,9.542745035298614,7.734364015814844,3064.443710356828,1532.2218551784092
1,15319,44334,5.788106273255434,4919361.569999995,110.96137434023537,2.8949017559892942,2903,0.18950323128141525,12416,2459680.78499999,22167,110.96137434023503,1.081543839203679,0.00721793657238237,9.542745035298614,7.734364015814844,3064.443710356828,1532.2218551784092
2,15319,44334,5.788106273255434,4919361.569999995,110.96137434023537,2.8949017559892942,0,0.0,12416,2459680.78499999,22167,110.96137434023503,1.081543839203679,0.00721793657238237,9.542745035298614,7.734364015814844,3064.443710356828,1532.2218551784092
3,15319,44334,5.788106273255434,4919361.569999995,110.96137434023537,2.8949017559892942,8254,0.5388080161890463,12416,2459680.78499999,22167,110.96137434023503,1.081543839203679,0.00721793657238237,9.542745035298614,7.734364015814844,3064.443710356828,1532.2218551784092
4,15319,44334,5.788106273255434,4919361.569999995,110.96137434023537,2.8949017559892942,4129,0.26953456491938116,12416,2459680.78499999,22167,110.96137434023503,1.081543839203679,0.00721793657238237,9.542745035298614,7.734364015814844,3064.443710356828,1532.2218551784092
5,15319,44334,5.788106273255434,4919361.569999995,110.96137434023537,2.8949017559892942,32,0.002088909197728311,12416,2459680.78499999,22167,110.96137434023503,1.081543839203679,0.00721793657238237,9.542745035298614,7.734364015814844,3064.443710356828,1532.2218551784092
6,15319,44334,5.788106273255434,4919361.569999995,110.96137434023537,2.8949017559892942,1,6.527841242900972e-05,12416,2459680.78499999,22167,110.96137434023503,1.081543839203679,0.00721793657238237,9.542745035298614,7.734364015814844,3064.443710356828,1532.2218551784092
