,n,m,k_avg,edge_length_total,edge_length_avg,streets_per_node_avg,streets_per_node_counts,streets_per_node_proportions,intersection_count,street_length_total,street_segment_count,street_length_avg,circuity_avg,self_loop_proportion,node_density_km,intersection_density_km,edge_density_km,street_density_km
0,16558,48514,5.859886459717357,8321499.23399994,171.5277906171402,2.9360430003623628,0,0.0,14388,4160749.6169999973,24257,171.52779061714133,1.0516112575917498,0.005235602094240838,7.085282201859073,6.156724261405262,3560.826815765411,1780.4134078827174
1,16558,48514,5.859886459717357,8321499.23399994,171.5277906171402,2.9360430003623628,2170,0.1310544751781616,14388,4160749.6169999973,24257,171.52779061714133,1.0516112575917498,0.005235602094240838,7.085282201859073,6.156724261405262,3560.826815765411,1780.4134078827174
2,16558,48514,5.859886459717357,8321499.23399994,171.5277906171402,2.9360430003623628,0,0.0,14388,4160749.6169999973,24257,171.52779061714133,1.0516112575917498,0.005235602094240838,7.085282201859073,6.156724261405262,3560.826815765411,1780.4134078827174
3,16558,48514,5.859886459717357,8321499.23399994,171.5277906171402,2.9360430003623628,11124,0.6718202681483271,14388,4160749.6169999973,24257,171.52779061714133,1.0516112575917498,0.005235602094240838,7.085282201859073,6.156724261405262,3560.826815765411,1780.4134078827174
4,16558,48514,5.859886459717357,8321499.23399994,171.5277906171402,2.9360430003623628,3247,0.19609856262833675,14388,4160749.6169999973,24257,171.52779061714133,1.0516112575917498,0.005235602094240838,7.085282201859073,6.156724261405262,3560.826815765411,1780.4134078827174
5,16558,48514,5.859886459717357,8321499.23399994,171.5277906171402,2.9360430003623628,17,0.001026694045174538,14388,4160749.6169999973,24257,171.52779061714133,1.0516112575917498,0.005235602094240838,7.085282201859073,6.156724261405262,3560.826815765411,1780.4134078827174
