,n,m,k_avg,edge_length_total,edge_length_avg,streets_per_node_avg,streets_per_node_counts,streets_per_node_proportions,intersection_count,street_length_total,street_segment_count,street_length_avg,circuity_avg,self_loop_proportion,node_density_km,intersection_density_km,edge_density_km,street_density_km
0,110826,306210,5.525959612365329,39371922.38000011,128.5781730838317,2.7646581127172323,0,0.0,87302,19685961.19,153105,128.57817308383136,1.125039644349686,0.0046308089219816466,4.956061808069657,3.904084853446819,1760.6850451861612,880.3425225930783
1,110826,306210,5.525959612365329,39371922.38000011,128.5781730838317,2.7646581127172323,23524,0.21226066085575587,87302,19685961.19,153105,128.57817308383136,1.125039644349686,0.0046308089219816466,4.956061808069657,3.904084853446819,1760.6850451861612,880.3425225930783
2,110826,306210,5.525959612365329,39371922.38000011,128.5781730838317,2.7646581127172323,0,0.0,87302,19685961.19,153105,128.57817308383136,1.125039644349686,0.0046308089219816466,4.956061808069657,3.904084853446819,1760.6850451861612,880.3425225930783
3,110826,306210,5.525959612365329,39371922.38000011,128.5781730838317,2.7646581127172323,66535,0.6003555122444192,87302,19685961.19,153105,128.57817308383136,1.125039644349686,0.0046308089219816466,4.956061808069657,3.904084853446819,1760.6850451861612,880.3425225930783
4,110826,306210,5.525959612365329,39371922.38000011,128.5781730838317,2.7646581127172323,20578,0.18567845090502227,87302,19685961.19,153105,128.57817308383136,1.125039644349686,0.0046308089219816466,4.956061808069657,3.904084853446819,1760.6850451861612,880.3425225930783
5,110826,306210,5.525959612365329,39371922.38000011,128.5781730838317,2.7646581127172323,179,0.0016151444606861205,87302,19685961.19,153105,128.57817308383136,1.125039644349686,0.0046308089219816466,4.956061808069657,3.904084853446819,1760.6850451861612,880.3425225930783
6,110826,306210,5.525959612365329,39371922.38000011,128.5781730838317,2.7646581127172323,10,9.023153411654305e-05,87302,19685961.19,153105,128.57817308383136,1.125039644349686,0.0046308089219816466,4.956061808069657,3.904084853446819,1760.6850451861612,880.3425225930783
