,n,m,k_avg,edge_length_total,edge_length_avg,streets_per_node_avg,streets_per_node_counts,streets_per_node_proportions,intersection_count,street_length_total,street_segment_count,street_length_avg,circuity_avg,self_loop_proportion,node_density_km,intersection_density_km,edge_density_km,street_density_km
0,160620,460368,5.732387000373553,57742477.94199839,125.42678453323948,2.8684472668409913,0,0.0,132061,28871238.97099984,230184,125.42678453324228,1.0763098236033828,0.0076938449240607516,14.060413955164409,11.560405474616903,5054.682745993321,2527.341372996717
1,160620,460368,5.732387000373553,57742477.94199839,125.42678453323948,2.8684472668409913,28559,0.17780475656829783,132061,28871238.97099984,230184,125.42678453324228,1.0763098236033828,0.0076938449240607516,14.060413955164409,11.560405474616903,5054.682745993321,2527.341372996717
2,160620,460368,5.732387000373553,57742477.94199839,125.42678453323948,2.8684472668409913,0,0.0,132061,28871238.97099984,230184,125.42678453324228,1.0763098236033828,0.0076938449240607516,14.060413955164409,11.560405474616903,5054.682745993321,2527.341372996717
3,160620,460368,5.732387000373553,57742477.94199839,125.42678453323948,2.8684472668409913,96859,0.60303200099614,132061,28871238.97099984,230184,125.42678453324228,1.0763098236033828,0.0076938449240607516,14.060413955164409,11.560405474616903,5054.682745993321,2527.341372996717
4,160620,460368,5.732387000373553,57742477.94199839,125.42678453323948,2.8684472668409913,34458,0.21453119163242435,132061,28871238.97099984,230184,125.42678453324228,1.0763098236033828,0.0076938449240607516,14.060413955164409,11.560405474616903,5054.682745993321,2527.341372996717
5,160620,460368,5.732387000373553,57742477.94199839,125.42678453323948,2.8684472668409913,702,0.004370564064251028,132061,28871238.97099984,230184,125.42678453324228,1.0763098236033828,0.0076938449240607516,14.060413955164409,11.560405474616903,5054.682745993321,2527.341372996717
6,160620,460368,5.732387000373553,57742477.94199839,125.42678453323948,2.8684472668409913,42,0.0002614867388868136,132061,28871238.97099984,230184,125.42678453324228,1.0763098236033828,0.0076938449240607516,14.060413955164409,11.560405474616903,5054.682745993321,2527.341372996717
