,n,m,k_avg,edge_length_total,edge_length_avg,streets_per_node_avg,streets_per_node_counts,streets_per_node_proportions,intersection_count,street_length_total,street_segment_count,street_length_avg,circuity_avg,self_loop_proportion,node_density_km,intersection_density_km,edge_density_km,street_density_km
0,32396,87762,5.418076305716755,8052475.217999937,91.75355185615571,2.7142857142857144,0,0.0,25091,4026237.608999978,43881,91.75355185615592,1.090708061915636,0.00986759645404617,21.627130537234663,16.750411541849456,5375.723320395475,2687.8616601977437
1,32396,87762,5.418076305716755,8052475.217999937,91.75355185615571,2.7142857142857144,7305,0.22549080133349797,25091,4026237.608999978,43881,91.75355185615592,1.090708061915636,0.00986759645404617,21.627130537234663,16.750411541849456,5375.723320395475,2687.8616601977437
2,32396,87762,5.418076305716755,8052475.217999937,91.75355185615571,2.7142857142857144,1,3.0868008396098287e-05,25091,4026237.608999978,43881,91.75355185615592,1.090708061915636,0.00986759645404617,21.627130537234663,16.750411541849456,5375.723320395475,2687.8616601977437
3,32396,87762,5.418076305716755,8052475.217999937,91.75355185615571,2.7142857142857144,19846,0.6126064946289665,25091,4026237.608999978,43881,91.75355185615592,1.090708061915636,0.00986759645404617,21.627130537234663,16.750411541849456,5375.723320395475,2687.8616601977437
4,32396,87762,5.418076305716755,8052475.217999937,91.75355185615571,2.7142857142857144,5144,0.15878503518952958,25091,4026237.608999978,43881,91.75355185615592,1.090708061915636,0.00986759645404617,21.627130537234663,16.750411541849456,5375.723320395475,2687.8616601977437
5,32396,87762,5.418076305716755,8052475.217999937,91.75355185615571,2.7142857142857144,89,0.0027472527472527475,25091,4026237.608999978,43881,91.75355185615592,1.090708061915636,0.00986759645404617,21.627130537234663,16.750411541849456,5375.723320395475,2687.8616601977437
6,32396,87762,5.418076305716755,8052475.217999937,91.75355185615571,2.7142857142857144,11,0.00033954809235708114,25091,4026237.608999978,43881,91.75355185615592,1.090708061915636,0.00986759645404617,21.627130537234663,16.750411541849456,5375.723320395475,2687.8616601977437
