,n,m,k_avg,edge_length_total,edge_length_avg,streets_per_node_avg,streets_per_node_counts,streets_per_node_proportions,intersection_count,street_length_total,street_segment_count,street_length_avg,circuity_avg,self_loop_proportion,node_density_km,intersection_density_km,edge_density_km,street_density_km
0,77082,212024,5.5012584001453,24702390.929999653,116.50752240312254,2.75247139409979,0,0.0,61137,12351195.46499998,106012,116.50752240312399,1.17221231425263,0.007348224729275931,13.475367038637502,10.687884520915143,4318.437307200842,2159.218653600448
1,77082,212024,5.5012584001453,24702390.929999653,116.50752240312254,2.75247139409979,15945,0.20685763213201525,61137,12351195.46499998,106012,116.50752240312399,1.17221231425263,0.007348224729275931,13.475367038637502,10.687884520915143,4318.437307200842,2159.218653600448
2,77082,212024,5.5012584001453,24702390.929999653,116.50752240312254,2.75247139409979,0,0.0,61137,12351195.46499998,106012,116.50752240312399,1.17221231425263,0.007348224729275931,13.475367038637502,10.687884520915143,4318.437307200842,2159.218653600448
3,77082,212024,5.5012584001453,24702390.929999653,116.50752240312254,2.75247139409979,48675,0.6314703821903946,61137,12351195.46499998,106012,116.50752240312399,1.17221231425263,0.007348224729275931,13.475367038637502,10.687884520915143,4318.437307200842,2159.218653600448
4,77082,212024,5.5012584001453,24702390.929999653,116.50752240312254,2.75247139409979,12129,0.15735191095197323,61137,12351195.46499998,106012,116.50752240312399,1.17221231425263,0.007348224729275931,13.475367038637502,10.687884520915143,4318.437307200842,2159.218653600448
5,77082,212024,5.5012584001453,24702390.929999653,116.50752240312254,2.75247139409979,318,0.004125476765003503,61137,12351195.46499998,106012,116.50752240312399,1.17221231425263,0.007348224729275931,13.475367038637502,10.687884520915143,4318.437307200842,2159.218653600448
6,77082,212024,5.5012584001453,24702390.929999653,116.50752240312254,2.75247139409979,15,0.00019459796061337278,61137,12351195.46499998,106012,116.50752240312399,1.17221231425263,0.007348224729275931,13.475367038637502,10.687884520915143,4318.437307200842,2159.218653600448
