,n,m,k_avg,edge_length_total,edge_length_avg,streets_per_node_avg,streets_per_node_counts,streets_per_node_proportions,intersection_count,street_length_total,street_segment_count,street_length_avg,circuity_avg,self_loop_proportion,node_density_km,intersection_density_km,edge_density_km,street_density_km
0,19889,55096,5.54034893659812,11607679.389999907,210.68098210396232,2.7763587912916687,0,0.0,15863,5803839.694999987,27548,210.68098210396352,1.096783009509285,0.007877159866414985,7.43546309582683,5.930351002519031,4339.507855223189,2169.753927611607
1,19889,55096,5.54034893659812,11607679.389999907,210.68098210396232,2.7763587912916687,4026,0.2024234501483232,15863,5803839.694999987,27548,210.68098210396352,1.096783009509285,0.007877159866414985,7.43546309582683,5.930351002519031,4339.507855223189,2169.753927611607
2,19889,55096,5.54034893659812,11607679.389999907,210.68098210396232,2.7763587912916687,0,0.0,15863,5803839.694999987,27548,210.68098210396352,1.096783009509285,0.007877159866414985,7.43546309582683,5.930351002519031,4339.507855223189,2169.753927611607
3,19889,55096,5.54034893659812,11607679.389999907,210.68098210396232,2.7763587912916687,12324,0.6196389964301875,15863,5803839.694999987,27548,210.68098210396352,1.096783009509285,0.007877159866414985,7.43546309582683,5.930351002519031,4339.507855223189,2169.753927611607
4,19889,55096,5.54034893659812,11607679.389999907,210.68098210396232,2.7763587912916687,3479,0.17492081049826538,15863,5803839.694999987,27548,210.68098210396352,1.096783009509285,0.007877159866414985,7.43546309582683,5.930351002519031,4339.507855223189,2169.753927611607
5,19889,55096,5.54034893659812,11607679.389999907,210.68098210396232,2.7763587912916687,55,0.0027653476796219018,15863,5803839.694999987,27548,210.68098210396352,1.096783009509285,0.007877159866414985,7.43546309582683,5.930351002519031,4339.507855223189,2169.753927611607
6,19889,55096,5.54034893659812,11607679.389999907,210.68098210396232,2.7763587912916687,5,0.000251395243601991,15863,5803839.694999987,27548,210.68098210396352,1.096783009509285,0.007877159866414985,7.43546309582683,5.930351002519031,4339.507855223189,2169.753927611607
