,n,m,k_avg,edge_length_total,edge_length_avg,streets_per_node_avg,streets_per_node_counts,streets_per_node_proportions,intersection_count,street_length_total,street_segment_count,street_length_avg,circuity_avg,self_loop_proportion,node_density_km,intersection_density_km,edge_density_km,street_density_km
0,79598,216002,5.427322294530013,33810497.704,156.528632623772,2.717819543204603,0,0.0,61478,16905248.85200009,108001,156.52863262377284,1.0736630928980397,0.014777640947769002,9.032718253686584,6.976474946608506,3836.788609979512,1918.3943049897662
1,79598,216002,5.427322294530013,33810497.704,156.528632623772,2.717819543204603,18120,0.22764391065102138,61478,16905248.85200009,108001,156.52863262377284,1.0736630928980397,0.014777640947769002,9.032718253686584,6.976474946608506,3836.788609979512,1918.3943049897662
2,79598,216002,5.427322294530013,33810497.704,156.528632623772,2.717819543204603,1,1.256312972687756e-05,61478,16905248.85200009,108001,156.52863262377284,1.0736630928980397,0.014777640947769002,9.032718253686584,6.976474946608506,3836.788609979512,1918.3943049897662
3,79598,216002,5.427322294530013,33810497.704,156.528632623772,2.717819543204603,47935,0.6022136234578759,61478,16905248.85200009,108001,156.52863262377284,1.0736630928980397,0.014777640947769002,9.032718253686584,6.976474946608506,3836.788609979512,1918.3943049897662
4,79598,216002,5.427322294530013,33810497.704,156.528632623772,2.717819543204603,13346,0.16766752933490792,61478,16905248.85200009,108001,156.52863262377284,1.0736630928980397,0.014777640947769002,9.032718253686584,6.976474946608506,3836.788609979512,1918.3943049897662
5,79598,216002,5.427322294530013,33810497.704,156.528632623772,2.717819543204603,158,0.0019849744968466546,61478,16905248.85200009,108001,156.52863262377284,1.0736630928980397,0.014777640947769002,9.032718253686584,6.976474946608506,3836.788609979512,1918.3943049897662
6,79598,216002,5.427322294530013,33810497.704,156.528632623772,2.717819543204603,34,0.000427146410713837,61478,16905248.85200009,108001,156.52863262377284,1.0736630928980397,0.014777640947769002,9.032718253686584,6.976474946608506,3836.788609979512,1918.3943049897662
7,79598,216002,5.427322294530013,33810497.704,156.528632623772,2.717819543204603,4,5.025251890751024e-05,61478,16905248.85200009,108001,156.52863262377284,1.0736630928980397,0.014777640947769002,9.032718253686584,6.976474946608506,3836.788609979512,1918.3943049897662
