,n,m,k_avg,edge_length_total,edge_length_avg,streets_per_node_avg,streets_per_node_counts,streets_per_node_proportions,intersection_count,street_length_total,street_segment_count,street_length_avg,circuity_avg,self_loop_proportion,node_density_km,intersection_density_km,edge_density_km,street_density_km
0,22281,56314,5.054889816435528,15389617.28000012,273.2822616045765,2.533369238364526,0,0.0,15932,7694808.6400000295,28157,273.2822616045754,1.0930055400898548,0.007990908122314167,4.128921920387362,2.9523802358786164,2851.87056836608,1425.9352841830344
1,22281,56314,5.054889816435528,15389617.28000012,273.2822616045765,2.533369238364526,6349,0.2849513038014452,15932,7694808.6400000295,28157,273.2822616045754,1.0930055400898548,0.007990908122314167,4.128921920387362,2.9523802358786164,2851.87056836608,1425.9352841830344
2,22281,56314,5.054889816435528,15389617.28000012,273.2822616045765,2.533369238364526,0,0.0,15932,7694808.6400000295,28157,273.2822616045754,1.0930055400898548,0.007990908122314167,4.128921920387362,2.9523802358786164,2851.87056836608,1425.9352841830344
3,22281,56314,5.054889816435528,15389617.28000012,273.2822616045765,2.533369238364526,13650,0.6126295947219604,15932,7694808.6400000295,28157,273.2822616045754,1.0930055400898548,0.007990908122314167,4.128921920387362,2.9523802358786164,2851.87056836608,1425.9352841830344
4,22281,56314,5.054889816435528,15389617.28000012,273.2822616045765,2.533369238364526,2264,0.10161123827476325,15932,7694808.6400000295,28157,273.2822616045754,1.0930055400898548,0.007990908122314167,4.128921920387362,2.9523802358786164,2851.87056836608,1425.9352841830344
5,22281,56314,5.054889816435528,15389617.28000012,273.2822616045765,2.533369238364526,17,0.0007629819128405368,15932,7694808.6400000295,28157,273.2822616045754,1.0930055400898548,0.007990908122314167,4.128921920387362,2.9523802358786164,2851.87056836608,1425.9352841830344
6,22281,56314,5.054889816435528,15389617.28000012,273.2822616045765,2.533369238364526,1,4.488128899061981e-05,15932,7694808.6400000295,28157,273.2822616045754,1.0930055400898548,0.007990908122314167,4.128921920387362,2.9523802358786164,2851.87056836608,1425.9352841830344
