,n,m,k_avg,edge_length_total,edge_length_avg,streets_per_node_avg,streets_per_node_counts,streets_per_node_proportions,intersection_count,street_length_total,street_segment_count,street_length_avg,circuity_avg,self_loop_proportion,node_density_km,intersection_density_km,edge_density_km,street_density_km
0,21245,55000,5.177688867968934,11422616.394000037,207.6839344363643,2.59665803718522,0,0.0,15968,5711308.196999997,27500,207.68393443636353,1.1283060635793472,0.01690909090909091,8.66906008410597,6.515770836573505,4661.018961510011,2330.5094807549967
1,21245,55000,5.177688867968934,11422616.394000037,207.6839344363643,2.59665803718522,5277,0.24838785596610968,15968,5711308.196999997,27500,207.68393443636353,1.1283060635793472,0.01690909090909091,8.66906008410597,6.515770836573505,4661.018961510011,2330.5094807549967
2,21245,55000,5.177688867968934,11422616.394000037,207.6839344363643,2.59665803718522,1,4.706989879971758e-05,15968,5711308.196999997,27500,207.68393443636353,1.1283060635793472,0.01690909090909091,8.66906008410597,6.515770836573505,4661.018961510011,2330.5094807549967
3,21245,55000,5.177688867968934,11422616.394000037,207.6839344363643,2.59665803718522,14048,0.6612379383384326,15968,5711308.196999997,27500,207.68393443636353,1.1283060635793472,0.01690909090909091,8.66906008410597,6.515770836573505,4661.018961510011,2330.5094807549967
4,21245,55000,5.177688867968934,11422616.394000037,207.6839344363643,2.59665803718522,1854,0.08726759237467639,15968,5711308.196999997,27500,207.68393443636353,1.1283060635793472,0.01690909090909091,8.66906008410597,6.515770836573505,4661.018961510011,2330.5094807549967
5,21245,55000,5.177688867968934,11422616.394000037,207.6839344363643,2.59665803718522,63,0.0029654036243822075,15968,5711308.196999997,27500,207.68393443636353,1.1283060635793472,0.01690909090909091,8.66906008410597,6.515770836573505,4661.018961510011,2330.5094807549967
6,21245,55000,5.177688867968934,11422616.394000037,207.6839344363643,2.59665803718522,2,9.413979759943516e-05,15968,5711308.196999997,27500,207.68393443636353,1.1283060635793472,0.01690909090909091,8.66906008410597,6.515770836573505,4661.018961510011,2330.5094807549967
