,n,m,k_avg,edge_length_total,edge_length_avg,streets_per_node_avg,streets_per_node_counts,streets_per_node_proportions,intersection_count,street_length_total,street_segment_count,street_length_avg,circuity_avg,self_loop_proportion,node_density_km,intersection_density_km,edge_density_km,street_density_km
0,16545,44060,5.326080386823814,13599878.80799993,308.66724484793303,2.6711393170142035,0,0.0,12666,6799939.403999984,22030,308.66724484793394,1.123526787844169,0.011030413073082161,2.467186470055487,1.888750911436857,2028.0106974609712,1014.0053487304885
1,16545,44060,5.326080386823814,13599878.80799993,308.66724484793303,2.6711393170142035,3879,0.23445149592021758,12666,6799939.403999984,22030,308.66724484793394,1.123526787844169,0.011030413073082161,2.467186470055487,1.888750911436857,2028.0106974609712,1014.0053487304885
2,16545,44060,5.326080386823814,13599878.80799993,308.66724484793303,2.6711393170142035,0,0.0,12666,6799939.403999984,22030,308.66724484793394,1.123526787844169,0.011030413073082161,2.467186470055487,1.888750911436857,2028.0106974609712,1014.0053487304885
3,16545,44060,5.326080386823814,13599878.80799993,308.66724484793303,2.6711393170142035,10390,0.6279842852825627,12666,6799939.403999984,22030,308.66724484793394,1.123526787844169,0.011030413073082161,2.467186470055487,1.888750911436857,2028.0106974609712,1014.0053487304885
4,16545,44060,5.326080386823814,13599878.80799993,308.66724484793303,2.6711393170142035,2239,0.13532789362345118,12666,6799939.403999984,22030,308.66724484793394,1.123526787844169,0.011030413073082161,2.467186470055487,1.888750911436857,2028.0106974609712,1014.0053487304885
5,16545,44060,5.326080386823814,13599878.80799993,308.66724484793303,2.6711393170142035,33,0.0019945602901178605,12666,6799939.403999984,22030,308.66724484793394,1.123526787844169,0.011030413073082161,2.467186470055487,1.888750911436857,2028.0106974609712,1014.0053487304885
6,16545,44060,5.326080386823814,13599878.80799993,308.66724484793303,2.6711393170142035,4,0.00024176488365064975,12666,6799939.403999984,22030,308.66724484793394,1.123526787844169,0.011030413073082161,2.467186470055487,1.888750911436857,2028.0106974609712,1014.0053487304885
