,n,m,k_avg,edge_length_total,edge_length_avg,streets_per_node_avg,streets_per_node_counts,streets_per_node_proportions,intersection_count,street_length_total,street_segment_count,street_length_avg,circuity_avg,self_loop_proportion,node_density_km,intersection_density_km,edge_density_km,street_density_km
0,51742,134000,5.179544663909397,38439377.959999174,286.86102955223265,2.5931351706544006,0,0.0,38452,19219688.980000142,67000,286.86102955224095,1.1771542105882102,0.014895522388059702,2.4586414105101295,1.827136166304656,1826.5364007325645,913.2682003663086
1,51742,134000,5.179544663909397,38439377.959999174,286.86102955223265,2.5931351706544006,13290,0.25685130068416373,38452,19219688.980000142,67000,286.86102955224095,1.1771542105882102,0.014895522388059702,2.4586414105101295,1.827136166304656,1826.5364007325645,913.2682003663086
2,51742,134000,5.179544663909397,38439377.959999174,286.86102955223265,2.5931351706544006,0,0.0,38452,19219688.980000142,67000,286.86102955224095,1.1771542105882102,0.014895522388059702,2.4586414105101295,1.827136166304656,1826.5364007325645,913.2682003663086
3,51742,134000,5.179544663909397,38439377.959999174,286.86102955223265,2.5931351706544006,33029,0.6383402265084458,38452,19219688.980000142,67000,286.86102955224095,1.1771542105882102,0.014895522388059702,2.4586414105101295,1.827136166304656,1826.5364007325645,913.2682003663086
4,51742,134000,5.179544663909397,38439377.959999174,286.86102955223265,2.5931351706544006,5323,0.10287580688802134,38452,19219688.980000142,67000,286.86102955224095,1.1771542105882102,0.014895522388059702,2.4586414105101295,1.827136166304656,1826.5364007325645,913.2682003663086
5,51742,134000,5.179544663909397,38439377.959999174,286.86102955223265,2.5931351706544006,95,0.0018360326234007189,38452,19219688.980000142,67000,286.86102955224095,1.1771542105882102,0.014895522388059702,2.4586414105101295,1.827136166304656,1826.5364007325645,913.2682003663086
6,51742,134000,5.179544663909397,38439377.959999174,286.86102955223265,2.5931351706544006,5,9.66332959684589e-05,38452,19219688.980000142,67000,286.86102955224095,1.1771542105882102,0.014895522388059702,2.4586414105101295,1.827136166304656,1826.5364007325645,913.2682003663086
