,n,m,k_avg,edge_length_total,edge_length_avg,streets_per_node_avg,streets_per_node_counts,streets_per_node_proportions,intersection_count,street_length_total,street_segment_count,street_length_avg,circuity_avg,self_loop_proportion,node_density_km,intersection_density_km,edge_density_km,street_density_km
0,25630,72324,5.643698790479906,14771034.403999854,204.23420170344357,2.825634022629731,0,0.0,21093,7385517.201999984,36162,204.23420170344517,1.1064900173766254,0.010370001659200266,4.130147744761064,3.3990326328616907,2380.2791428586847,1190.1395714293517
1,25630,72324,5.643698790479906,14771034.403999854,204.23420170344357,2.825634022629731,4537,0.17701911822083496,21093,7385517.201999984,36162,204.23420170344517,1.1064900173766254,0.010370001659200266,4.130147744761064,3.3990326328616907,2380.2791428586847,1190.1395714293517
2,25630,72324,5.643698790479906,14771034.403999854,204.23420170344357,2.825634022629731,0,0.0,21093,7385517.201999984,36162,204.23420170344517,1.1064900173766254,0.010370001659200266,4.130147744761064,3.3990326328616907,2380.2791428586847,1190.1395714293517
3,25630,72324,5.643698790479906,14771034.403999854,204.23420170344357,2.825634022629731,16555,0.6459227467811158,21093,7385517.201999984,36162,204.23420170344517,1.1064900173766254,0.010370001659200266,4.130147744761064,3.3990326328616907,2380.2791428586847,1190.1395714293517
4,25630,72324,5.643698790479906,14771034.403999854,204.23420170344357,2.825634022629731,4474,0.17456106125634022,21093,7385517.201999984,36162,204.23420170344517,1.1064900173766254,0.010370001659200266,4.130147744761064,3.3990326328616907,2380.2791428586847,1190.1395714293517
5,25630,72324,5.643698790479906,14771034.403999854,204.23420170344357,2.825634022629731,61,0.0023800234100663283,21093,7385517.201999984,36162,204.23420170344517,1.1064900173766254,0.010370001659200266,4.130147744761064,3.3990326328616907,2380.2791428586847,1190.1395714293517
6,25630,72324,5.643698790479906,14771034.403999854,204.23420170344357,2.825634022629731,3,0.00011705033164260632,21093,7385517.201999984,36162,204.23420170344517,1.1064900173766254,0.010370001659200266,4.130147744761064,3.3990326328616907,2380.2791428586847,1190.1395714293517
