,n,m,k_avg,edge_length_total,edge_length_avg,streets_per_node_avg,streets_per_node_counts,streets_per_node_proportions,intersection_count,street_length_total,street_segment_count,street_length_avg,circuity_avg,self_loop_proportion,node_density_km,intersection_density_km,edge_density_km,street_density_km
0,31149,87884,5.642813573469454,11815601.883999998,134.4454267443448,2.826671803268163,0,0.0,25901,5907800.942000081,43942,134.44542674434666,1.0903482625841985,0.009307723817759773,14.021387499028869,11.659056714897645,5318.666170657791,2659.333085328932
1,31149,87884,5.642813573469454,11815601.883999998,134.4454267443448,2.826671803268163,5248,0.1684805290699541,25901,5907800.942000081,43942,134.44542674434666,1.0903482625841985,0.009307723817759773,14.021387499028869,11.659056714897645,5318.666170657791,2659.333085328932
2,31149,87884,5.642813573469454,11815601.883999998,134.4454267443448,2.826671803268163,0,0.0,25901,5907800.942000081,43942,134.44542674434666,1.0903482625841985,0.009307723817759773,14.021387499028869,11.659056714897645,5318.666170657791,2659.333085328932
3,31149,87884,5.642813573469454,11815601.883999998,134.4454267443448,2.826671803268163,20925,0.6717711644033516,25901,5907800.942000081,43942,134.44542674434666,1.0903482625841985,0.009307723817759773,14.021387499028869,11.659056714897645,5318.666170657791,2659.333085328932
4,31149,87884,5.642813573469454,11815601.883999998,134.4454267443448,2.826671803268163,4868,0.15628110051687052,25901,5907800.942000081,43942,134.44542674434666,1.0903482625841985,0.009307723817759773,14.021387499028869,11.659056714897645,5318.666170657791,2659.333085328932
5,31149,87884,5.642813573469454,11815601.883999998,134.4454267443448,2.826671803268163,99,0.003178272175671771,25901,5907800.942000081,43942,134.44542674434666,1.0903482625841985,0.009307723817759773,14.021387499028869,11.659056714897645,5318.666170657791,2659.333085328932
6,31149,87884,5.642813573469454,11815601.883999998,134.4454267443448,2.826671803268163,5,0.00016051879675109954,25901,5907800.942000081,43942,134.44542674434666,1.0903482625841985,0.009307723817759773,14.021387499028869,11.659056714897645,5318.666170657791,2659.333085328932
7,31149,87884,5.642813573469454,11815601.883999998,134.4454267443448,2.826671803268163,4,0.00012841503740087964,25901,5907800.942000081,43942,134.44542674434666,1.0903482625841985,0.009307723817759773,14.021387499028869,11.659056714897645,5318.666170657791,2659.333085328932
