,n,m,k_avg,edge_length_total,edge_length_avg,streets_per_node_avg,streets_per_node_counts,streets_per_node_proportions,intersection_count,street_length_total,street_segment_count,street_length_avg,circuity_avg,self_loop_proportion,node_density_km,intersection_density_km,edge_density_km,street_density_km
0,24328,65580,5.391318645182506,19800542.94799985,301.9295966453164,2.7019072673462676,0,0.0,18481,9900271.473999945,32790,301.929596645317,1.140369829481116,0.009484598963098506,1.4987247376208714,1.1385207117712646,1219.8110627462952,609.9055313731488
1,24328,65580,5.391318645182506,19800542.94799985,301.9295966453164,2.7019072673462676,5847,0.2403403485695495,18481,9900271.473999945,32790,301.929596645317,1.140369829481116,0.009484598963098506,1.4987247376208714,1.1385207117712646,1219.8110627462952,609.9055313731488
2,24328,65580,5.391318645182506,19800542.94799985,301.9295966453164,2.7019072673462676,0,0.0,18481,9900271.473999945,32790,301.929596645317,1.140369829481116,0.009484598963098506,1.4987247376208714,1.1385207117712646,1219.8110627462952,609.9055313731488
3,24328,65580,5.391318645182506,19800542.94799985,301.9295966453164,2.7019072673462676,14151,0.5816754357119369,18481,9900271.473999945,32790,301.929596645317,1.140369829481116,0.009484598963098506,1.4987247376208714,1.1385207117712646,1219.8110627462952,609.9055313731488
4,24328,65580,5.391318645182506,19800542.94799985,301.9295966453164,2.7019072673462676,4226,0.173709306149293,18481,9900271.473999945,32790,301.929596645317,1.140369829481116,0.009484598963098506,1.4987247376208714,1.1385207117712646,1219.8110627462952,609.9055313731488
5,24328,65580,5.391318645182506,19800542.94799985,301.9295966453164,2.7019072673462676,98,0.004028280170996382,18481,9900271.473999945,32790,301.929596645317,1.140369829481116,0.009484598963098506,1.4987247376208714,1.1385207117712646,1219.8110627462952,609.9055313731488
6,24328,65580,5.391318645182506,19800542.94799985,301.9295966453164,2.7019072673462676,4,0.0001644195988161789,18481,9900271.473999945,32790,301.929596645317,1.140369829481116,0.009484598963098506,1.4987247376208714,1.1385207117712646,1219.8110627462952,609.9055313731488
7,24328,65580,5.391318645182506,19800542.94799985,301.9295966453164,2.7019072673462676,2,8.220979940808945e-05,18481,9900271.473999945,32790,301.929596645317,1.140369829481116,0.009484598963098506,1.4987247376208714,1.1385207117712646,1219.8110627462952,609.9055313731488
