,n,m,k_avg,edge_length_total,edge_length_avg,streets_per_node_avg,streets_per_node_counts,streets_per_node_proportions,intersection_count,street_length_total,street_segment_count,street_length_avg,circuity_avg,self_loop_proportion,node_density_km,intersection_density_km,edge_density_km,street_density_km
0,40395,103126,5.105879440524817,28962978.107999977,280.8503976494771,2.5567273177373435,0,0.0,29301,14481489.054000035,51563,280.850397649478,1.247441649424213,0.012121094583325253,4.056278122458676,2.9422702132977263,2908.3276262094287,1454.1638131047189
1,40395,103126,5.105879440524817,28962978.107999977,280.8503976494771,2.5567273177373435,11094,0.2746379502413665,29301,14481489.054000035,51563,280.850397649478,1.247441649424213,0.012121094583325253,4.056278122458676,2.9422702132977263,2908.3276262094287,1454.1638131047189
2,40395,103126,5.105879440524817,28962978.107999977,280.8503976494771,2.5567273177373435,0,0.0,29301,14481489.054000035,51563,280.850397649478,1.247441649424213,0.012121094583325253,4.056278122458676,2.9422702132977263,2908.3276262094287,1454.1638131047189
3,40395,103126,5.105879440524817,28962978.107999977,280.8503976494771,2.5567273177373435,25088,0.6210669637331353,29301,14481489.054000035,51563,280.850397649478,1.247441649424213,0.012121094583325253,4.056278122458676,2.9422702132977263,2908.3276262094287,1454.1638131047189
4,40395,103126,5.105879440524817,28962978.107999977,280.8503976494771,2.5567273177373435,4144,0.10258695383091967,29301,14481489.054000035,51563,280.850397649478,1.247441649424213,0.012121094583325253,4.056278122458676,2.9422702132977263,2908.3276262094287,1454.1638131047189
5,40395,103126,5.105879440524817,28962978.107999977,280.8503976494771,2.5567273177373435,69,0.0017081321945785369,29301,14481489.054000035,51563,280.850397649478,1.247441649424213,0.012121094583325253,4.056278122458676,2.9422702132977263,2908.3276262094287,1454.1638131047189
