,n,m,k_avg,edge_length_total,edge_length_avg,streets_per_node_avg,streets_per_node_counts,streets_per_node_proportions,intersection_count,street_length_total,street_segment_count,street_length_avg,circuity_avg,self_loop_proportion,node_density_km,intersection_density_km,edge_density_km,street_density_km
0,221342,569510,5.145973199844584,76869647.80199744,134.97506242558944,2.5742516106297044,0,0.0,161971,38434823.901000015,284755,134.975062425594,1.1090364261131707,0.013341293392565538,19.022031864326085,13.919714844434226,6606.142936673197,3303.07146833671
1,221342,569510,5.145973199844584,76869647.80199744,134.97506242558944,2.5742516106297044,59371,0.2682319668205763,161971,38434823.901000015,284755,134.975062425594,1.1090364261131707,0.013341293392565538,19.022031864326085,13.919714844434226,6606.142936673197,3303.07146833671
2,221342,569510,5.145973199844584,76869647.80199744,134.97506242558944,2.5742516106297044,0,0.0,161971,38434823.901000015,284755,134.975062425594,1.1090364261131707,0.013341293392565538,19.022031864326085,13.919714844434226,6606.142936673197,3303.07146833671
3,221342,569510,5.145973199844584,76869647.80199744,134.97506242558944,2.5742516106297044,138100,0.6239213524771621,161971,38434823.901000015,284755,134.975062425594,1.1090364261131707,0.013341293392565538,19.022031864326085,13.919714844434226,6606.142936673197,3303.07146833671
4,221342,569510,5.145973199844584,76869647.80199744,134.97506242558944,2.5742516106297044,23277,0.10516305084439465,161971,38434823.901000015,284755,134.975062425594,1.1090364261131707,0.013341293392565538,19.022031864326085,13.919714844434226,6606.142936673197,3303.07146833671
5,221342,569510,5.145973199844584,76869647.80199744,134.97506242558944,2.5742516106297044,557,0.002516467728673275,161971,38434823.901000015,284755,134.975062425594,1.1090364261131707,0.013341293392565538,19.022031864326085,13.919714844434226,6606.142936673197,3303.07146833671
6,221342,569510,5.145973199844584,76869647.80199744,134.97506242558944,2.5742516106297044,33,0.0001490905476592784,161971,38434823.901000015,284755,134.975062425594,1.1090364261131707,0.013341293392565538,19.022031864326085,13.919714844434226,6606.142936673197,3303.07146833671
7,221342,569510,5.145973199844584,76869647.80199744,134.97506242558944,2.5742516106297044,4,1.807158153445799e-05,161971,38434823.901000015,284755,134.975062425594,1.1090364261131707,0.013341293392565538,19.022031864326085,13.919714844434226,6606.142936673197,3303.07146833671
