,n,m,k_avg,edge_length_total,edge_length_avg,streets_per_node_avg,streets_per_node_counts,streets_per_node_proportions,intersection_count,street_length_total,street_segment_count,street_length_avg,circuity_avg,self_loop_proportion,node_density_km,intersection_density_km,edge_density_km,street_density_km
0,34873,87716,5.030596736730422,21576856.61000004,245.9854144055821,2.5193129355088466,0,0.0,24501,10788428.30500002,43858,245.9854144055821,1.157792683146712,0.009029139495645036,7.107685647855988,4.993703038399896,4397.714967245259,2198.8574836226294
1,34873,87716,5.030596736730422,21576856.61000004,245.9854144055821,2.5193129355088466,10372,0.2974220743841941,24501,10788428.30500002,43858,245.9854144055821,1.157792683146712,0.009029139495645036,7.107685647855988,4.993703038399896,4397.714967245259,2198.8574836226294
2,34873,87716,5.030596736730422,21576856.61000004,245.9854144055821,2.5193129355088466,0,0.0,24501,10788428.30500002,43858,245.9854144055821,1.157792683146712,0.009029139495645036,7.107685647855988,4.993703038399896,4397.714967245259,2198.8574836226294
3,34873,87716,5.030596736730422,21576856.61000004,245.9854144055821,2.5193129355088466,20598,0.5906575287471683,24501,10788428.30500002,43858,245.9854144055821,1.157792683146712,0.009029139495645036,7.107685647855988,4.993703038399896,4397.714967245259,2198.8574836226294
4,34873,87716,5.030596736730422,21576856.61000004,245.9854144055821,2.5193129355088466,3831,0.10985576233762509,24501,10788428.30500002,43858,245.9854144055821,1.157792683146712,0.009029139495645036,7.107685647855988,4.993703038399896,4397.714967245259,2198.8574836226294
5,34873,87716,5.030596736730422,21576856.61000004,245.9854144055821,2.5193129355088466,66,0.0018925816534281535,24501,10788428.30500002,43858,245.9854144055821,1.157792683146712,0.009029139495645036,7.107685647855988,4.993703038399896,4397.714967245259,2198.8574836226294
6,34873,87716,5.030596736730422,21576856.61000004,245.9854144055821,2.5193129355088466,6,0.0001720528775843776,24501,10788428.30500002,43858,245.9854144055821,1.157792683146712,0.009029139495645036,7.107685647855988,4.993703038399896,4397.714967245259,2198.8574836226294
