,n,m,k_avg,edge_length_total,edge_length_avg,streets_per_node_avg,streets_per_node_counts,streets_per_node_proportions,intersection_count,street_length_total,street_segment_count,street_length_avg,circuity_avg,self_loop_proportion,node_density_km,intersection_density_km,edge_density_km,street_density_km
0,44906,129936,5.787021778826883,22348921.76399982,171.99945945696203,2.898788580590567,0,0.0,35920,11174460.881999902,64968,171.99945945696192,1.0768499570409729,0.006295406969585027,6.9234189485655415,5.5379951149617925,3445.663127886812,1722.831563943405
1,44906,129936,5.787021778826883,22348921.76399982,171.99945945696203,2.898788580590567,8986,0.20010688994789114,35920,11174460.881999902,64968,171.99945945696192,1.0768499570409729,0.006295406969585027,6.9234189485655415,5.5379951149617925,3445.663127886812,1722.831563943405
2,44906,129936,5.787021778826883,22348921.76399982,171.99945945696203,2.898788580590567,1,2.2268739143989668e-05,35920,11174460.881999902,64968,171.99945945696192,1.0768499570409729,0.006295406969585027,6.9234189485655415,5.5379951149617925,3445.663127886812,1722.831563943405
3,44906,129936,5.787021778826883,22348921.76399982,171.99945945696203,2.898788580590567,22619,0.5036966106979023,35920,11174460.881999902,64968,171.99945945696192,1.0768499570409729,0.006295406969585027,6.9234189485655415,5.5379951149617925,3445.663127886812,1722.831563943405
4,44906,129936,5.787021778826883,22348921.76399982,171.99945945696203,2.898788580590567,13180,0.2935019819177838,35920,11174460.881999902,64968,171.99945945696192,1.0768499570409729,0.006295406969585027,6.9234189485655415,5.5379951149617925,3445.663127886812,1722.831563943405
5,44906,129936,5.787021778826883,22348921.76399982,171.99945945696203,2.898788580590567,112,0.0024940987841268426,35920,11174460.881999902,64968,171.99945945696192,1.0768499570409729,0.006295406969585027,6.9234189485655415,5.5379951149617925,3445.663127886812,1722.831563943405
6,44906,129936,5.787021778826883,22348921.76399982,171.99945945696203,2.898788580590567,8,0.00017814991315191734,35920,11174460.881999902,64968,171.99945945696192,1.0768499570409729,0.006295406969585027,6.9234189485655415,5.5379951149617925,3445.663127886812,1722.831563943405
