,n,m,k_avg,edge_length_total,edge_length_avg,streets_per_node_avg,streets_per_node_counts,streets_per_node_proportions,intersection_count,street_length_total,street_segment_count,street_length_avg,circuity_avg,self_loop_proportion,node_density_km,intersection_density_km,edge_density_km,street_density_km
0,45619,126706,5.554966132532497,14740086.978000175,116.3329832683549,2.7812534251079595,0,0.0,37160,7370043.489000026,63353,116.33298326835393,1.0832351522531658,0.011301753665966884,21.984944343987213,17.90833932840625,7103.618927132653,3551.809463566297
1,45619,126706,5.554966132532497,14740086.978000175,116.3329832683549,2.7812534251079595,8459,0.18542712466296937,37160,7370043.489000026,63353,116.33298326835393,1.0832351522531658,0.011301753665966884,21.984944343987213,17.90833932840625,7103.618927132653,3551.809463566297
2,45619,126706,5.554966132532497,14740086.978000175,116.3329832683549,2.7812534251079595,0,0.0,37160,7370043.489000026,63353,116.33298326835393,1.0832351522531658,0.011301753665966884,21.984944343987213,17.90833932840625,7103.618927132653,3551.809463566297
3,45619,126706,5.554966132532497,14740086.978000175,116.3329832683549,2.7812534251079595,30357,0.6654464148709968,37160,7370043.489000026,63353,116.33298326835393,1.0832351522531658,0.011301753665966884,21.984944343987213,17.90833932840625,7103.618927132653,3551.809463566297
4,45619,126706,5.554966132532497,14740086.978000175,116.3329832683549,2.7812534251079595,6671,0.14623292926193032,37160,7370043.489000026,63353,116.33298326835393,1.0832351522531658,0.011301753665966884,21.984944343987213,17.90833932840625,7103.618927132653,3551.809463566297
5,45619,126706,5.554966132532497,14740086.978000175,116.3329832683549,2.7812534251079595,128,0.0028058484403428396,37160,7370043.489000026,63353,116.33298326835393,1.0832351522531658,0.011301753665966884,21.984944343987213,17.90833932840625,7103.618927132653,3551.809463566297
6,45619,126706,5.554966132532497,14740086.978000175,116.3329832683549,2.7812534251079595,4,8.768276376071374e-05,37160,7370043.489000026,63353,116.33298326835393,1.0832351522531658,0.011301753665966884,21.984944343987213,17.90833932840625,7103.618927132653,3551.809463566297
