,n,m,k_avg,edge_length_total,edge_length_avg,streets_per_node_avg,streets_per_node_counts,streets_per_node_proportions,intersection_count,street_length_total,street_segment_count,street_length_avg,circuity_avg,self_loop_proportion,node_density_km,intersection_density_km,edge_density_km,street_density_km
0,25835,65716,5.087362105670602,10265605.779999912,156.21166504351928,2.548674279078769,0,0.0,18846,5132802.8900000015,32858,156.21166504352064,1.0736269563730625,0.011990991539351147,9.495282405121268,6.92657604826458,3772.9756508900464,1886.48782544504
1,25835,65716,5.087362105670602,10265605.779999912,156.21166504351928,2.548674279078769,6989,0.2705244822914651,18846,5132802.8900000015,32858,156.21166504352064,1.0736269563730625,0.011990991539351147,9.495282405121268,6.92657604826458,3772.9756508900464,1886.48782544504
2,25835,65716,5.087362105670602,10265605.779999912,156.21166504351928,2.548674279078769,0,0.0,18846,5132802.8900000015,32858,156.21166504352064,1.0736269563730625,0.011990991539351147,9.495282405121268,6.92657604826458,3772.9756508900464,1886.48782544504
3,25835,65716,5.087362105670602,10265605.779999912,156.21166504351928,2.548674279078769,16562,0.6410683181730211,18846,5132802.8900000015,32858,156.21166504352064,1.0736269563730625,0.011990991539351147,9.495282405121268,6.92657604826458,3772.9756508900464,1886.48782544504
4,25835,65716,5.087362105670602,10265605.779999912,156.21166504351928,2.548674279078769,2250,0.08709115540932844,18846,5132802.8900000015,32858,156.21166504352064,1.0736269563730625,0.011990991539351147,9.495282405121268,6.92657604826458,3772.9756508900464,1886.48782544504
5,25835,65716,5.087362105670602,10265605.779999912,156.21166504351928,2.548674279078769,34,0.0013160441261854073,18846,5132802.8900000015,32858,156.21166504352064,1.0736269563730625,0.011990991539351147,9.495282405121268,6.92657604826458,3772.9756508900464,1886.48782544504
