,n,m,k_avg,edge_length_total,edge_length_avg,streets_per_node_avg,streets_per_node_counts,streets_per_node_proportions,intersection_count,street_length_total,street_segment_count,street_length_avg,circuity_avg,self_loop_proportion,node_density_km,intersection_density_km,edge_density_km,street_density_km
0,35319,91438,5.17783629208075,11524605.563999835,126.03737575187378,2.596109742631445,0,0.0,25858,5762302.782000023,45719,126.03737575187608,1.0735604792072908,0.015879612414969706,16.702077419158236,12.228044902307362,5449.895363832131,2724.947681916115
1,35319,91438,5.17783629208075,11524605.563999835,126.03737575187378,2.596109742631445,9461,0.26787281633115323,25858,5762302.782000023,45719,126.03737575187608,1.0735604792072908,0.015879612414969706,16.702077419158236,12.228044902307362,5449.895363832131,2724.947681916115
2,35319,91438,5.17783629208075,11524605.563999835,126.03737575187378,2.596109742631445,0,0.0,25858,5762302.782000023,45719,126.03737575187608,1.0735604792072908,0.015879612414969706,16.702077419158236,12.228044902307362,5449.895363832131,2724.947681916115
3,35319,91438,5.17783629208075,11524605.563999835,126.03737575187378,2.596109742631445,21245,0.6015175967609502,25858,5762302.782000023,45719,126.03737575187608,1.0735604792072908,0.015879612414969706,16.702077419158236,12.228044902307362,5449.895363832131,2724.947681916115
4,35319,91438,5.17783629208075,11524605.563999835,126.03737575187378,2.596109742631445,4570,0.12939211189444774,25858,5762302.782000023,45719,126.03737575187608,1.0735604792072908,0.015879612414969706,16.702077419158236,12.228044902307362,5449.895363832131,2724.947681916115
5,35319,91438,5.17783629208075,11524605.563999835,126.03737575187378,2.596109742631445,42,0.0011891616410430645,25858,5762302.782000023,45719,126.03737575187608,1.0735604792072908,0.015879612414969706,16.702077419158236,12.228044902307362,5449.895363832131,2724.947681916115
6,35319,91438,5.17783629208075,11524605.563999835,126.03737575187378,2.596109742631445,1,2.8313372405787253e-05,25858,5762302.782000023,45719,126.03737575187608,1.0735604792072908,0.015879612414969706,16.702077419158236,12.228044902307362,5449.895363832131,2724.947681916115
