,n,m,k_avg,edge_length_total,edge_length_avg,streets_per_node_avg,streets_per_node_counts,streets_per_node_proportions,intersection_count,street_length_total,street_segment_count,street_length_avg,circuity_avg,self_loop_proportion,node_density_km,intersection_density_km,edge_density_km,street_density_km
0,21308,56450,5.2984794443401535,12463858.358000034,220.79465647475703,2.6579688379951194,0,0.0,16041,6231929.178999989,28225,220.79465647475604,1.068458624589882,0.01162090345438441,4.910819813782271,3.696942961933612,2872.5249943984572,1436.2624971992223
1,21308,56450,5.2984794443401535,12463858.358000034,220.79465647475703,2.6579688379951194,5267,0.24718415618547024,16041,6231929.178999989,28225,220.79465647475604,1.068458624589882,0.01162090345438441,4.910819813782271,3.696942961933612,2872.5249943984572,1436.2624971992223
2,21308,56450,5.2984794443401535,12463858.358000034,220.79465647475703,2.6579688379951194,0,0.0,16041,6231929.178999989,28225,220.79465647475604,1.068458624589882,0.01162090345438441,4.910819813782271,3.696942961933612,2872.5249943984572,1436.2624971992223
3,21308,56450,5.2984794443401535,12463858.358000034,220.79465647475703,2.6579688379951194,12837,0.6024497841186409,16041,6231929.178999989,28225,220.79465647475604,1.068458624589882,0.01162090345438441,4.910819813782271,3.696942961933612,2872.5249943984572,1436.2624971992223
4,21308,56450,5.2984794443401535,12463858.358000034,220.79465647475703,2.6579688379951194,3165,0.14853576121644452,16041,6231929.178999989,28225,220.79465647475604,1.068458624589882,0.01162090345438441,4.910819813782271,3.696942961933612,2872.5249943984572,1436.2624971992223
5,21308,56450,5.2984794443401535,12463858.358000034,220.79465647475703,2.6579688379951194,36,0.0016895062887178525,16041,6231929.178999989,28225,220.79465647475604,1.068458624589882,0.01162090345438441,4.910819813782271,3.696942961933612,2872.5249943984572,1436.2624971992223
6,21308,56450,5.2984794443401535,12463858.358000034,220.79465647475703,2.6579688379951194,3,0.0001407921907264877,16041,6231929.178999989,28225,220.79465647475604,1.068458624589882,0.01162090345438441,4.910819813782271,3.696942961933612,2872.5249943984572,1436.2624971992223
