,n,m,k_avg,edge_length_total,edge_length_avg,streets_per_node_avg,streets_per_node_counts,streets_per_node_proportions,intersection_count,street_length_total,street_segment_count,street_length_avg,circuity_avg,self_loop_proportion,node_density_km,intersection_density_km,edge_density_km,street_density_km
0,67453,174992,5.188560923902569,24433477.229999784,139.62625280012676,2.596682134226795,0,0.0,49738,12216738.615000147,87496,139.6262528001297,1.162154172380178,0.01098335923927951,13.470338483854627,9.932659711354,4879.356123903338,2439.67806195172
1,67453,174992,5.188560923902569,24433477.229999784,139.62625280012676,2.596682134226795,17715,0.2626273108683083,49738,12216738.615000147,87496,139.6262528001297,1.162154172380178,0.01098335923927951,13.470338483854627,9.932659711354,4879.356123903338,2439.67806195172
2,67453,174992,5.188560923902569,24433477.229999784,139.62625280012676,2.596682134226795,0,0.0,49738,12216738.615000147,87496,139.6262528001297,1.162154172380178,0.01098335923927951,13.470338483854627,9.932659711354,4879.356123903338,2439.67806195172
3,67453,174992,5.188560923902569,24433477.229999784,139.62625280012676,2.596682134226795,41634,0.6172297748061614,49738,12216738.615000147,87496,139.6262528001297,1.162154172380178,0.01098335923927951,13.470338483854627,9.932659711354,4879.356123903338,2439.67806195172
4,67453,174992,5.188560923902569,24433477.229999784,139.62625280012676,2.596682134226795,7992,0.11848249892517754,49738,12216738.615000147,87496,139.6262528001297,1.162154172380178,0.01098335923927951,13.470338483854627,9.932659711354,4879.356123903338,2439.67806195172
5,67453,174992,5.188560923902569,24433477.229999784,139.62625280012676,2.596682134226795,104,0.0015418143003276354,49738,12216738.615000147,87496,139.6262528001297,1.162154172380178,0.01098335923927951,13.470338483854627,9.932659711354,4879.356123903338,2439.67806195172
6,67453,174992,5.188560923902569,24433477.229999784,139.62625280012676,2.596682134226795,7,0.00010377596252205239,49738,12216738.615000147,87496,139.6262528001297,1.162154172380178,0.01098335923927951,13.470338483854627,9.932659711354,4879.356123903338,2439.67806195172
7,67453,174992,5.188560923902569,24433477.229999784,139.62625280012676,2.596682134226795,1,1.4825137503150342e-05,49738,12216738.615000147,87496,139.6262528001297,1.162154172380178,0.01098335923927951,13.470338483854627,9.932659711354,4879.356123903338,2439.67806195172
