,n,m,k_avg,edge_length_total,edge_length_avg,streets_per_node_avg,streets_per_node_counts,streets_per_node_proportions,intersection_count,street_length_total,street_segment_count,street_length_avg,circuity_avg,self_loop_proportion,node_density_km,intersection_density_km,edge_density_km,street_density_km
0,73950,195180,5.2787018255578095,30232390.093999308,154.89491799364333,2.6404056795131847,0,0.0,56405,15116195.047000077,97590,154.89491799364768,1.098574177018195,0.011568808279536838,9.846628095974395,7.510467312419686,4025.518616741468,2012.7593083707904
1,73950,195180,5.2787018255578095,30232390.093999308,154.89491799364333,2.6404056795131847,17545,0.2372549019607843,56405,15116195.047000077,97590,154.89491799364768,1.098574177018195,0.011568808279536838,9.846628095974395,7.510467312419686,4025.518616741468,2012.7593083707904
2,73950,195180,5.2787018255578095,30232390.093999308,154.89491799364333,2.6404056795131847,0,0.0,56405,15116195.047000077,97590,154.89491799364768,1.098574177018195,0.011568808279536838,9.846628095974395,7.510467312419686,4025.518616741468,2012.7593083707904
3,73950,195180,5.2787018255578095,30232390.093999308,154.89491799364333,2.6404056795131847,48259,0.6525895875591616,56405,15116195.047000077,97590,154.89491799364768,1.098574177018195,0.011568808279536838,9.846628095974395,7.510467312419686,4025.518616741468,2012.7593083707904
4,73950,195180,5.2787018255578095,30232390.093999308,154.89491799364333,2.6404056795131847,7824,0.10580121703853955,56405,15116195.047000077,97590,154.89491799364768,1.098574177018195,0.011568808279536838,9.846628095974395,7.510467312419686,4025.518616741468,2012.7593083707904
5,73950,195180,5.2787018255578095,30232390.093999308,154.89491799364333,2.6404056795131847,293,0.003962136578769438,56405,15116195.047000077,97590,154.89491799364768,1.098574177018195,0.011568808279536838,9.846628095974395,7.510467312419686,4025.518616741468,2012.7593083707904
6,73950,195180,5.2787018255578095,30232390.093999308,154.89491799364333,2.6404056795131847,28,0.0003786342123056119,56405,15116195.047000077,97590,154.89491799364768,1.098574177018195,0.011568808279536838,9.846628095974395,7.510467312419686,4025.518616741468,2012.7593083707904
7,73950,195180,5.2787018255578095,30232390.093999308,154.89491799364333,2.6404056795131847,1,1.352265043948614e-05,56405,15116195.047000077,97590,154.89491799364768,1.098574177018195,0.011568808279536838,9.846628095974395,7.510467312419686,4025.518616741468,2012.7593083707904
