,n,m,k_avg,edge_length_total,edge_length_avg,streets_per_node_avg,streets_per_node_counts,streets_per_node_proportions,intersection_count,street_length_total,street_segment_count,street_length_avg,circuity_avg,self_loop_proportion,node_density_km,intersection_density_km,edge_density_km,street_density_km
0,21175,60252,5.69086186540732,27055337.659999985,449.03634169820066,2.8576151121605666,0,0.0,17622,13527668.830000008,30126,449.0363416982011,1.137260667088869,0.004846312155613092,2.325671854461334,1.9354422394010686,2971.5153392590196,1485.7576696295114
1,21175,60252,5.69086186540732,27055337.659999985,449.03634169820066,2.8576151121605666,3553,0.1677922077922078,17622,13527668.830000008,30126,449.0363416982011,1.137260667088869,0.004846312155613092,2.325671854461334,1.9354422394010686,2971.5153392590196,1485.7576696295114
2,21175,60252,5.69086186540732,27055337.659999985,449.03634169820066,2.8576151121605666,0,0.0,17622,13527668.830000008,30126,449.0363416982011,1.137260667088869,0.004846312155613092,2.325671854461334,1.9354422394010686,2971.5153392590196,1485.7576696295114
3,21175,60252,5.69086186540732,27055337.659999985,449.03634169820066,2.8576151121605666,13567,0.6407083825265644,17622,13527668.830000008,30126,449.0363416982011,1.137260667088869,0.004846312155613092,2.325671854461334,1.9354422394010686,2971.5153392590196,1485.7576696295114
4,21175,60252,5.69086186540732,27055337.659999985,449.03634169820066,2.8576151121605666,4021,0.18989374262101535,17622,13527668.830000008,30126,449.0363416982011,1.137260667088869,0.004846312155613092,2.325671854461334,1.9354422394010686,2971.5153392590196,1485.7576696295114
5,21175,60252,5.69086186540732,27055337.659999985,449.03634169820066,2.8576151121605666,32,0.0015112160566706021,17622,13527668.830000008,30126,449.0363416982011,1.137260667088869,0.004846312155613092,2.325671854461334,1.9354422394010686,2971.5153392590196,1485.7576696295114
6,21175,60252,5.69086186540732,27055337.659999985,449.03634169820066,2.8576151121605666,2,9.445100354191263e-05,17622,13527668.830000008,30126,449.0363416982011,1.137260667088869,0.004846312155613092,2.325671854461334,1.9354422394010686,2971.5153392590196,1485.7576696295114
