,n,m,k_avg,edge_length_total,edge_length_avg,streets_per_node_avg,streets_per_node_counts,streets_per_node_proportions,intersection_count,street_length_total,street_segment_count,street_length_avg,circuity_avg,self_loop_proportion,node_density_km,intersection_density_km,edge_density_km,street_density_km
0,262302,704180,5.369230886535368,96057158.76800248,136.4099502513597,2.6855380439340912,0,0.0,205647,48028579.38400111,352090,136.40995025135936,1.1208185603949488,0.013328978386208072,13.749837775602384,10.779989817230915,5035.304154163202,2517.652077081594
1,262302,704180,5.369230886535368,96057158.76800248,136.4099502513597,2.6855380439340912,56655,0.21599149072443213,205647,48028579.38400111,352090,136.40995025135936,1.1208185603949488,0.013328978386208072,13.749837775602384,10.779989817230915,5035.304154163202,2517.652077081594
2,262302,704180,5.369230886535368,96057158.76800248,136.4099502513597,2.6855380439340912,0,0.0,205647,48028579.38400111,352090,136.40995025135936,1.1208185603949488,0.013328978386208072,13.749837775602384,10.779989817230915,5035.304154163202,2517.652077081594
3,262302,704180,5.369230886535368,96057158.76800248,136.4099502513597,2.6855380439340912,175448,0.6688778583464862,205647,48028579.38400111,352090,136.40995025135936,1.1208185603949488,0.013328978386208072,13.749837775602384,10.779989817230915,5035.304154163202,2517.652077081594
4,262302,704180,5.369230886535368,96057158.76800248,136.4099502513597,2.6855380439340912,29597,0.11283558646140708,205647,48028579.38400111,352090,136.40995025135936,1.1208185603949488,0.013328978386208072,13.749837775602384,10.779989817230915,5035.304154163202,2517.652077081594
5,262302,704180,5.369230886535368,96057158.76800248,136.4099502513597,2.6855380439340912,577,0.002199754481475551,205647,48028579.38400111,352090,136.40995025135936,1.1208185603949488,0.013328978386208072,13.749837775602384,10.779989817230915,5035.304154163202,2517.652077081594
6,262302,704180,5.369230886535368,96057158.76800248,136.4099502513597,2.6855380439340912,25,9.5309986199114e-05,205647,48028579.38400111,352090,136.40995025135936,1.1208185603949488,0.013328978386208072,13.749837775602384,10.779989817230915,5035.304154163202,2517.652077081594
