,n,m,k_avg,edge_length_total,edge_length_avg,streets_per_node_avg,streets_per_node_counts,streets_per_node_proportions,intersection_count,street_length_total,street_segment_count,street_length_avg,circuity_avg,self_loop_proportion,node_density_km,intersection_density_km,edge_density_km,street_density_km
0,60899,151842,4.986682868355802,33874578.52600028,223.09096643880008,2.4962807271055354,0,0.0,42767,16937289.262999803,75921,223.09096643879562,1.1989057122015123,0.01431751425824212,6.499782985561521,4.564544884866904,3615.451963847753,1807.7259819238404
1,60899,151842,4.986682868355802,33874578.52600028,223.09096643880008,2.4962807271055354,18132,0.2977388791277361,42767,16937289.262999803,75921,223.09096643879562,1.1989057122015123,0.01431751425824212,6.499782985561521,4.564544884866904,3615.451963847753,1807.7259819238404
2,60899,151842,4.986682868355802,33874578.52600028,223.09096643880008,2.4962807271055354,1,1.6420630880638433e-05,42767,16937289.262999803,75921,223.09096643879562,1.1989057122015123,0.01431751425824212,6.499782985561521,4.564544884866904,3615.451963847753,1807.7259819238404
3,60899,151842,4.986682868355802,33874578.52600028,223.09096643880008,2.4962807271055354,37344,0.6132120396065617,42767,16937289.262999803,75921,223.09096643879562,1.1989057122015123,0.01431751425824212,6.499782985561521,4.564544884866904,3615.451963847753,1807.7259819238404
4,60899,151842,4.986682868355802,33874578.52600028,223.09096643880008,2.4962807271055354,5273,0.08658598663360646,42767,16937289.262999803,75921,223.09096643879562,1.1989057122015123,0.01431751425824212,6.499782985561521,4.564544884866904,3615.451963847753,1807.7259819238404
5,60899,151842,4.986682868355802,33874578.52600028,223.09096643880008,2.4962807271055354,131,0.0021511026453636347,42767,16937289.262999803,75921,223.09096643879562,1.1989057122015123,0.01431751425824212,6.499782985561521,4.564544884866904,3615.451963847753,1807.7259819238404
6,60899,151842,4.986682868355802,33874578.52600028,223.09096643880008,2.4962807271055354,18,0.00029557135585149183,42767,16937289.262999803,75921,223.09096643879562,1.1989057122015123,0.01431751425824212,6.499782985561521,4.564544884866904,3615.451963847753,1807.7259819238404
