,n,m,k_avg,edge_length_total,edge_length_avg,streets_per_node_avg,streets_per_node_counts,streets_per_node_proportions,intersection_count,street_length_total,street_segment_count,street_length_avg,circuity_avg,self_loop_proportion,node_density_km,intersection_density_km,edge_density_km,street_density_km
0,50868,138846,5.459070535503656,19097353.004000425,137.543415035366,2.730577180152552,0,0.0,39061,9548676.502000099,69423,137.54341503536435,1.1886220220254997,0.0057761836855220895,5.177410290186952,3.9756786849294747,1943.7530855988932,971.876542799435
1,50868,138846,5.459070535503656,19097353.004000425,137.543415035366,2.730577180152552,11807,0.23211056066682392,39061,9548676.502000099,69423,137.54341503536435,1.1886220220254997,0.0057761836855220895,5.177410290186952,3.9756786849294747,1943.7530855988932,971.876542799435
2,50868,138846,5.459070535503656,19097353.004000425,137.543415035366,2.730577180152552,0,0.0,39061,9548676.502000099,69423,137.54341503536435,1.1886220220254997,0.0057761836855220895,5.177410290186952,3.9756786849294747,1943.7530855988932,971.876542799435
3,50868,138846,5.459070535503656,19097353.004000425,137.543415035366,2.730577180152552,29357,0.5771211763780766,39061,9548676.502000099,69423,137.54341503536435,1.1886220220254997,0.0057761836855220895,5.177410290186952,3.9756786849294747,1943.7530855988932,971.876542799435
4,50868,138846,5.459070535503656,19097353.004000425,137.543415035366,2.730577180152552,9533,0.18740662105842573,39061,9548676.502000099,69423,137.54341503536435,1.1886220220254997,0.0057761836855220895,5.177410290186952,3.9756786849294747,1943.7530855988932,971.876542799435
5,50868,138846,5.459070535503656,19097353.004000425,137.543415035366,2.730577180152552,143,0.002811197609499096,39061,9548676.502000099,69423,137.54341503536435,1.1886220220254997,0.0057761836855220895,5.177410290186952,3.9756786849294747,1943.7530855988932,971.876542799435
6,50868,138846,5.459070535503656,19097353.004000425,137.543415035366,2.730577180152552,22,0.0004324919399229378,39061,9548676.502000099,69423,137.54341503536435,1.1886220220254997,0.0057761836855220895,5.177410290186952,3.9756786849294747,1943.7530855988932,971.876542799435
7,50868,138846,5.459070535503656,19097353.004000425,137.543415035366,2.730577180152552,6,0.00011795234725171031,39061,9548676.502000099,69423,137.54341503536435,1.1886220220254997,0.0057761836855220895,5.177410290186952,3.9756786849294747,1943.7530855988932,971.876542799435
