,n,m,k_avg,edge_length_total,edge_length_avg,streets_per_node_avg,streets_per_node_counts,streets_per_node_proportions,intersection_count,street_length_total,street_segment_count,street_length_avg,circuity_avg,self_loop_proportion,node_density_km,intersection_density_km,edge_density_km,street_density_km
0,92575,239038,5.164201998379692,29755764.672000274,124.48131540591987,2.584445044558466,0,0.0,68315,14877882.335999858,119519,124.48131540591753,1.11554304109967,0.009923108459742803,20.13648836108849,14.859564703081395,6472.337121177657,3236.1685605887674
1,92575,239038,5.164201998379692,29755764.672000274,124.48131540591987,2.584445044558466,24260,0.26205779098028625,68315,14877882.335999858,119519,124.48131540591753,1.11554304109967,0.009923108459742803,20.13648836108849,14.859564703081395,6472.337121177657,3236.1685605887674
2,92575,239038,5.164201998379692,29755764.672000274,124.48131540591987,2.584445044558466,0,0.0,68315,14877882.335999858,119519,124.48131540591753,1.11554304109967,0.009923108459742803,20.13648836108849,14.859564703081395,6472.337121177657,3236.1685605887674
3,92575,239038,5.164201998379692,29755764.672000274,124.48131540591987,2.584445044558466,58476,0.6316608155549555,68315,14877882.335999858,119519,124.48131540591753,1.11554304109967,0.009923108459742803,20.13648836108849,14.859564703081395,6472.337121177657,3236.1685605887674
4,92575,239038,5.164201998379692,29755764.672000274,124.48131540591987,2.584445044558466,9649,0.10422900351066702,68315,14877882.335999858,119519,124.48131540591753,1.11554304109967,0.009923108459742803,20.13648836108849,14.859564703081395,6472.337121177657,3236.1685605887674
5,92575,239038,5.164201998379692,29755764.672000274,124.48131540591987,2.584445044558466,171,0.0018471509586821496,68315,14877882.335999858,119519,124.48131540591753,1.11554304109967,0.009923108459742803,20.13648836108849,14.859564703081395,6472.337121177657,3236.1685605887674
6,92575,239038,5.164201998379692,29755764.672000274,124.48131540591987,2.584445044558466,17,0.00018363489062921955,68315,14877882.335999858,119519,124.48131540591753,1.11554304109967,0.009923108459742803,20.13648836108849,14.859564703081395,6472.337121177657,3236.1685605887674
7,92575,239038,5.164201998379692,29755764.672000274,124.48131540591987,2.584445044558466,2,2.160410477990818e-05,68315,14877882.335999858,119519,124.48131540591753,1.11554304109967,0.009923108459742803,20.13648836108849,14.859564703081395,6472.337121177657,3236.1685605887674
