,n,m,k_avg,edge_length_total,edge_length_avg,streets_per_node_avg,streets_per_node_counts,streets_per_node_proportions,intersection_count,street_length_total,street_segment_count,street_length_avg,circuity_avg,self_loop_proportion,node_density_km,intersection_density_km,edge_density_km,street_density_km
0,26457,76926,5.8151717881846015,7955602.853999986,103.41890718352685,2.909362361567827,0,0.0,22098,3977801.4269999694,38463,103.41890718352623,1.1016182825990077,0.01029560876686686,16.570997721467002,13.840794785840336,4982.888338304801,2491.444169152386
1,26457,76926,5.8151717881846015,7955602.853999986,103.41890718352685,2.909362361567827,4359,0.16475790905998414,22098,3977801.4269999694,38463,103.41890718352623,1.1016182825990077,0.01029560876686686,16.570997721467002,13.840794785840336,4982.888338304801,2491.444169152386
2,26457,76926,5.8151717881846015,7955602.853999986,103.41890718352685,2.909362361567827,0,0.0,22098,3977801.4269999694,38463,103.41890718352623,1.1016182825990077,0.01029560876686686,16.570997721467002,13.840794785840336,4982.888338304801,2491.444169152386
3,26457,76926,5.8151717881846015,7955602.853999986,103.41890718352685,2.909362361567827,15852,0.5991609025966663,22098,3977801.4269999694,38463,103.41890718352623,1.1016182825990077,0.01029560876686686,16.570997721467002,13.840794785840336,4982.888338304801,2491.444169152386
4,26457,76926,5.8151717881846015,7955602.853999986,103.41890718352685,2.909362361567827,6172,0.23328419699890388,22098,3977801.4269999694,38463,103.41890718352623,1.1016182825990077,0.01029560876686686,16.570997721467002,13.840794785840336,4982.888338304801,2491.444169152386
5,26457,76926,5.8151717881846015,7955602.853999986,103.41890718352685,2.909362361567827,74,0.002796991344445704,22098,3977801.4269999694,38463,103.41890718352623,1.1016182825990077,0.01029560876686686,16.570997721467002,13.840794785840336,4982.888338304801,2491.444169152386
