,n,m,k_avg,edge_length_total,edge_length_avg,streets_per_node_avg,streets_per_node_counts,streets_per_node_proportions,intersection_count,street_length_total,street_segment_count,street_length_avg,circuity_avg,self_loop_proportion,node_density_km,intersection_density_km,edge_density_km,street_density_km
0,14821,41650,5.620403481546455,9011954.436000094,216.3734558463408,2.812833142163147,0,0.0,12340,4505977.2179999985,20825,216.37345584633846,1.076474474163856,0.0060984393757503004,5.174583732670921,4.308370775329544,3146.421484656746,1573.210742328356
1,14821,41650,5.620403481546455,9011954.436000094,216.3734558463408,2.812833142163147,2481,0.16739761149719992,12340,4505977.2179999985,20825,216.37345584633846,1.076474474163856,0.0060984393757503004,5.174583732670921,4.308370775329544,3146.421484656746,1573.210742328356
2,14821,41650,5.620403481546455,9011954.436000094,216.3734558463408,2.812833142163147,0,0.0,12340,4505977.2179999985,20825,216.37345584633846,1.076474474163856,0.0060984393757503004,5.174583732670921,4.308370775329544,3146.421484656746,1573.210742328356
3,14821,41650,5.620403481546455,9011954.436000094,216.3734558463408,2.812833142163147,10168,0.6860535726334256,12340,4505977.2179999985,20825,216.37345584633846,1.076474474163856,0.0060984393757503004,5.174583732670921,4.308370775329544,3146.421484656746,1573.210742328356
4,14821,41650,5.620403481546455,9011954.436000094,216.3734558463408,2.812833142163147,2157,0.1455367384117131,12340,4505977.2179999985,20825,216.37345584633846,1.076474474163856,0.0060984393757503004,5.174583732670921,4.308370775329544,3146.421484656746,1573.210742328356
5,14821,41650,5.620403481546455,9011954.436000094,216.3734558463408,2.812833142163147,14,0.0009446056271506646,12340,4505977.2179999985,20825,216.37345584633846,1.076474474163856,0.0060984393757503004,5.174583732670921,4.308370775329544,3146.421484656746,1573.210742328356
6,14821,41650,5.620403481546455,9011954.436000094,216.3734558463408,2.812833142163147,1,6.747183051076176e-05,12340,4505977.2179999985,20825,216.37345584633846,1.076474474163856,0.0060984393757503004,5.174583732670921,4.308370775329544,3146.421484656746,1573.210742328356
