,n,m,k_avg,edge_length_total,edge_length_avg,streets_per_node_avg,streets_per_node_counts,streets_per_node_proportions,intersection_count,street_length_total,street_segment_count,street_length_avg,circuity_avg,self_loop_proportion,node_density_km,intersection_density_km,edge_density_km,street_density_km
0,30685,78276,5.1019064689587745,11968202.613999955,152.8974732229541,2.554603226332084,0,0.0,22514,5984101.3069999805,39138,152.89747322295418,1.0873574329725226,0.01944401860084828,12.095004215207346,8.874268368948288,4717.466549284179,2358.7332746420907
1,30685,78276,5.1019064689587745,11968202.613999955,152.8974732229541,2.554603226332084,8171,0.26628645918201077,22514,5984101.3069999805,39138,152.89747322295418,1.0873574329725226,0.01944401860084828,12.095004215207346,8.874268368948288,4717.466549284179,2358.7332746420907
2,30685,78276,5.1019064689587745,11968202.613999955,152.8974732229541,2.554603226332084,0,0.0,22514,5984101.3069999805,39138,152.89747322295418,1.0873574329725226,0.01944401860084828,12.095004215207346,8.874268368948288,4717.466549284179,2358.7332746420907
3,30685,78276,5.1019064689587745,11968202.613999955,152.8974732229541,2.554603226332084,19885,0.648036499918527,22514,5984101.3069999805,39138,152.89747322295418,1.0873574329725226,0.01944401860084828,12.095004215207346,8.874268368948288,4717.466549284179,2358.7332746420907
4,30685,78276,5.1019064689587745,11968202.613999955,152.8974732229541,2.554603226332084,2585,0.08424311552875997,22514,5984101.3069999805,39138,152.89747322295418,1.0873574329725226,0.01944401860084828,12.095004215207346,8.874268368948288,4717.466549284179,2358.7332746420907
5,30685,78276,5.1019064689587745,11968202.613999955,152.8974732229541,2.554603226332084,42,0.001368746944761284,22514,5984101.3069999805,39138,152.89747322295418,1.0873574329725226,0.01944401860084828,12.095004215207346,8.874268368948288,4717.466549284179,2358.7332746420907
6,30685,78276,5.1019064689587745,11968202.613999955,152.8974732229541,2.554603226332084,2,6.517842594101353e-05,22514,5984101.3069999805,39138,152.89747322295418,1.0873574329725226,0.01944401860084828,12.095004215207346,8.874268368948288,4717.466549284179,2358.7332746420907
