,n,m,k_avg,edge_length_total,edge_length_avg,streets_per_node_avg,streets_per_node_counts,streets_per_node_proportions,intersection_count,street_length_total,street_segment_count,street_length_avg,circuity_avg,self_loop_proportion,node_density_km,intersection_density_km,edge_density_km,street_density_km
0,50262,130414,5.1893677131829214,24483901.59999966,187.73982547885703,2.597250407862799,0,0.0,37305,12241950.8,65207,187.73982547885964,1.0915316199201062,0.01070437222997531,7.196020761467397,5.3409644364836515,3505.365171209311,1752.68258560468
1,50262,130414,5.1893677131829214,24483901.59999966,187.73982547885703,2.597250407862799,12957,0.25778918467231704,37305,12241950.8,65207,187.73982547885964,1.0915316199201062,0.01070437222997531,7.196020761467397,5.3409644364836515,3505.365171209311,1752.68258560468
2,50262,130414,5.1893677131829214,24483901.59999966,187.73982547885703,2.597250407862799,0,0.0,37305,12241950.8,65207,187.73982547885964,1.0915316199201062,0.01070437222997531,7.196020761467397,5.3409644364836515,3505.365171209311,1752.68258560468
3,50262,130414,5.1893677131829214,24483901.59999966,187.73982547885703,2.597250407862799,31756,0.631809319167562,37305,12241950.8,65207,187.73982547885964,1.0915316199201062,0.01070437222997531,7.196020761467397,5.3409644364836515,3505.365171209311,1752.68258560468
4,50262,130414,5.1893677131829214,24483901.59999966,187.73982547885703,2.597250407862799,5428,0.10799411085909832,37305,12241950.8,65207,187.73982547885964,1.0915316199201062,0.01070437222997531,7.196020761467397,5.3409644364836515,3505.365171209311,1752.68258560468
5,50262,130414,5.1893677131829214,24483901.59999966,187.73982547885703,2.597250407862799,120,0.002387489554733198,37305,12241950.8,65207,187.73982547885964,1.0915316199201062,0.01070437222997531,7.196020761467397,5.3409644364836515,3505.365171209311,1752.68258560468
6,50262,130414,5.1893677131829214,24483901.59999966,187.73982547885703,2.597250407862799,1,1.9895746289443317e-05,37305,12241950.8,65207,187.73982547885964,1.0915316199201062,0.01070437222997531,7.196020761467397,5.3409644364836515,3505.365171209311,1752.68258560468
