,n,m,k_avg,edge_length_total,edge_length_avg,streets_per_node_avg,streets_per_node_counts,streets_per_node_proportions,intersection_count,street_length_total,street_segment_count,street_length_avg,circuity_avg,self_loop_proportion,node_density_km,intersection_density_km,edge_density_km,street_density_km
0,30918,82612,5.343942040235461,31235473.022000622,378.098496852765,2.675367100071156,0,0.0,23596,15617736.510999896,41306,378.0984968527549,1.105346368666938,0.011523749576332737,1.9210787690438669,1.466128942181224,1940.8048406626517,970.4024203313
1,30918,82612,5.343942040235461,31235473.022000622,378.098496852765,2.675367100071156,7322,0.23681997541884986,23596,15617736.510999896,41306,378.0984968527549,1.105346368666938,0.011523749576332737,1.9210787690438669,1.466128942181224,1940.8048406626517,970.4024203313
2,30918,82612,5.343942040235461,31235473.022000622,378.098496852765,2.675367100071156,0,0.0,23596,15617736.510999896,41306,378.0984968527549,1.105346368666938,0.011523749576332737,1.9210787690438669,1.466128942181224,1940.8048406626517,970.4024203313
3,30918,82612,5.343942040235461,31235473.022000622,378.098496852765,2.675367100071156,19034,0.6156284365094766,23596,15617736.510999896,41306,378.0984968527549,1.105346368666938,0.011523749576332737,1.9210787690438669,1.466128942181224,1940.8048406626517,970.4024203313
4,30918,82612,5.343942040235461,31235473.022000622,378.098496852765,2.675367100071156,4521,0.14622549970890744,23596,15617736.510999896,41306,378.0984968527549,1.105346368666938,0.011523749576332737,1.9210787690438669,1.466128942181224,1940.8048406626517,970.4024203313
5,30918,82612,5.343942040235461,31235473.022000622,378.098496852765,2.675367100071156,38,0.001229057506953878,23596,15617736.510999896,41306,378.0984968527549,1.105346368666938,0.011523749576332737,1.9210787690438669,1.466128942181224,1940.8048406626517,970.4024203313
6,30918,82612,5.343942040235461,31235473.022000622,378.098496852765,2.675367100071156,2,6.468723720809884e-05,23596,15617736.510999896,41306,378.0984968527549,1.105346368666938,0.011523749576332737,1.9210787690438669,1.466128942181224,1940.8048406626517,970.4024203313
7,30918,82612,5.343942040235461,31235473.022000622,378.098496852765,2.675367100071156,1,3.234361860404942e-05,23596,15617736.510999896,41306,378.0984968527549,1.105346368666938,0.011523749576332737,1.9210787690438669,1.466128942181224,1940.8048406626517,970.4024203313
