,n,m,k_avg,edge_length_total,edge_length_avg,streets_per_node_avg,streets_per_node_counts,streets_per_node_proportions,intersection_count,street_length_total,street_segment_count,street_length_avg,circuity_avg,self_loop_proportion,node_density_km,intersection_density_km,edge_density_km,street_density_km
0,23893,68926,5.76955593688528,17017605.982000243,246.8967585816708,2.8962876156196375,0,0.0,19797,8508802.991000019,34463,246.89675858166785,1.0552319884325898,0.009111220729477992,4.401797286044599,3.6471929381754036,3135.146353599171,1567.5731767995667
1,23893,68926,5.76955593688528,17017605.982000243,246.8967585816708,2.8962876156196375,4096,0.17143096304356925,19797,8508802.991000019,34463,246.89675858166785,1.0552319884325898,0.009111220729477992,4.401797286044599,3.6471929381754036,3135.146353599171,1567.5731767995667
2,23893,68926,5.76955593688528,17017605.982000243,246.8967585816708,2.8962876156196375,0,0.0,19797,8508802.991000019,34463,246.89675858166785,1.0552319884325898,0.009111220729477992,4.401797286044599,3.6471929381754036,3135.146353599171,1567.5731767995667
3,23893,68926,5.76955593688528,17017605.982000243,246.8967585816708,2.8962876156196375,14131,0.5914284518478216,19797,8508802.991000019,34463,246.89675858166785,1.0552319884325898,0.009111220729477992,4.401797286044599,3.6471929381754036,3135.146353599171,1567.5731767995667
4,23893,68926,5.76955593688528,17017605.982000243,246.8967585816708,2.8962876156196375,5620,0.235215335035366,19797,8508802.991000019,34463,246.89675858166785,1.0552319884325898,0.009111220729477992,4.401797286044599,3.6471929381754036,3135.146353599171,1567.5731767995667
5,23893,68926,5.76955593688528,17017605.982000243,246.8967585816708,2.8962876156196375,44,0.0018415435483195915,19797,8508802.991000019,34463,246.89675858166785,1.0552319884325898,0.009111220729477992,4.401797286044599,3.6471929381754036,3135.146353599171,1567.5731767995667
6,23893,68926,5.76955593688528,17017605.982000243,246.8967585816708,2.8962876156196375,2,8.37065249236178e-05,19797,8508802.991000019,34463,246.89675858166785,1.0552319884325898,0.009111220729477992,4.401797286044599,3.6471929381754036,3135.146353599171,1567.5731767995667
