,n,m,k_avg,edge_length_total,edge_length_avg,streets_per_node_avg,streets_per_node_counts,streets_per_node_proportions,intersection_count,street_length_total,street_segment_count,street_length_avg,circuity_avg,self_loop_proportion,node_density_km,intersection_density_km,edge_density_km,street_density_km
0,79702,205168,5.14837770695842,20063609.510000404,97.79112488302466,2.5769742290030364,0,0.0,57883,10031804.754999857,102584,97.7911248830213,1.1017871683034934,0.010781408406769086,37.59572307551907,27.303621474746812,9464.077526703546,4732.03876335161
1,79702,205168,5.14837770695842,20063609.510000404,97.79112488302466,2.5769742290030364,21819,0.2737572457403829,57883,10031804.754999857,102584,97.7911248830213,1.1017871683034934,0.010781408406769086,37.59572307551907,27.303621474746812,9464.077526703546,4732.03876335161
2,79702,205168,5.14837770695842,20063609.510000404,97.79112488302466,2.5769742290030364,0,0.0,57883,10031804.754999857,102584,97.7911248830213,1.1017871683034934,0.010781408406769086,37.59572307551907,27.303621474746812,9464.077526703546,4732.03876335161
3,79702,205168,5.14837770695842,20063609.510000404,97.79112488302466,2.5769742290030364,48116,0.6036987779478558,57883,10031804.754999857,102584,97.7911248830213,1.1017871683034934,0.010781408406769086,37.59572307551907,27.303621474746812,9464.077526703546,4732.03876335161
4,79702,205168,5.14837770695842,20063609.510000404,97.79112488302466,2.5769742290030364,9629,0.12081252666181526,57883,10031804.754999857,102584,97.7911248830213,1.1017871683034934,0.010781408406769086,37.59572307551907,27.303621474746812,9464.077526703546,4732.03876335161
5,79702,205168,5.14837770695842,20063609.510000404,97.79112488302466,2.5769742290030364,122,0.0015307018644450578,57883,10031804.754999857,102584,97.7911248830213,1.1017871683034934,0.010781408406769086,37.59572307551907,27.303621474746812,9464.077526703546,4732.03876335161
6,79702,205168,5.14837770695842,20063609.510000404,97.79112488302466,2.5769742290030364,15,0.00018820104890717923,57883,10031804.754999857,102584,97.7911248830213,1.1017871683034934,0.010781408406769086,37.59572307551907,27.303621474746812,9464.077526703546,4732.03876335161
7,79702,205168,5.14837770695842,20063609.510000404,97.79112488302466,2.5769742290030364,1,1.254673659381195e-05,57883,10031804.754999857,102584,97.7911248830213,1.1017871683034934,0.010781408406769086,37.59572307551907,27.303621474746812,9464.077526703546,4732.03876335161
