,n,m,k_avg,edge_length_total,edge_length_avg,streets_per_node_avg,streets_per_node_counts,streets_per_node_proportions,intersection_count,street_length_total,street_segment_count,street_length_avg,circuity_avg,self_loop_proportion,node_density_km,intersection_density_km,edge_density_km,street_density_km
0,92082,231990,5.038769792141787,37414187.10800044,161.27499938790655,2.5226537216828477,0,0.0,65790,18707093.55400022,115995,161.27499938790655,1.10120014967751,0.02451829820250873,11.77897802190297,8.415748616026981,4785.961291593391,2392.9806457966956
1,92082,231990,5.038769792141787,37414187.10800044,161.27499938790655,2.5226537216828477,26292,0.2855281162442171,65790,18707093.55400022,115995,161.27499938790655,1.10120014967751,0.02451829820250873,11.77897802190297,8.415748616026981,4785.961291593391,2392.9806457966956
2,92082,231990,5.038769792141787,37414187.10800044,161.27499938790655,2.5226537216828477,1,1.0859885754001868e-05,65790,18707093.55400022,115995,161.27499938790655,1.10120014967751,0.02451829820250873,11.77897802190297,8.415748616026981,4785.961291593391,2392.9806457966956
3,92082,231990,5.038769792141787,37414187.10800044,161.27499938790655,2.5226537216828477,57315,0.622434351990617,65790,18707093.55400022,115995,161.27499938790655,1.10120014967751,0.02451829820250873,11.77897802190297,8.415748616026981,4785.961291593391,2392.9806457966956
4,92082,231990,5.038769792141787,37414187.10800044,161.27499938790655,2.5226537216828477,8324,0.09039768901631155,65790,18707093.55400022,115995,161.27499938790655,1.10120014967751,0.02451829820250873,11.77897802190297,8.415748616026981,4785.961291593391,2392.9806457966956
5,92082,231990,5.038769792141787,37414187.10800044,161.27499938790655,2.5226537216828477,144,0.001563823548576269,65790,18707093.55400022,115995,161.27499938790655,1.10120014967751,0.02451829820250873,11.77897802190297,8.415748616026981,4785.961291593391,2392.9806457966956
6,92082,231990,5.038769792141787,37414187.10800044,161.27499938790655,2.5226537216828477,6,6.515931452401121e-05,65790,18707093.55400022,115995,161.27499938790655,1.10120014967751,0.02451829820250873,11.77897802190297,8.415748616026981,4785.961291593391,2392.9806457966956
