,n,m,k_avg,edge_length_total,edge_length_avg,streets_per_node_avg,streets_per_node_counts,streets_per_node_proportions,intersection_count,street_length_total,street_segment_count,street_length_avg,circuity_avg,self_loop_proportion,node_density_km,intersection_density_km,edge_density_km,street_density_km
0,19661,52310,5.32119424240883,6265092.752000037,119.76854811699553,2.666446264177814,0,0.0,15247,3132546.375999995,26155,119.76854811699465,1.0876368148565743,0.01303766010323074,18.847840502135607,14.616399172781732,6005.974717500764,3002.98735875036
1,19661,52310,5.32119424240883,6265092.752000037,119.76854811699553,2.666446264177814,4414,0.2245053659529017,15247,3132546.375999995,26155,119.76854811699465,1.0876368148565743,0.01303766010323074,18.847840502135607,14.616399172781732,6005.974717500764,3002.98735875036
2,19661,52310,5.32119424240883,6265092.752000037,119.76854811699553,2.666446264177814,0,0.0,15247,3132546.375999995,26155,119.76854811699465,1.0876368148565743,0.01303766010323074,18.847840502135607,14.616399172781732,6005.974717500764,3002.98735875036
3,19661,52310,5.32119424240883,6265092.752000037,119.76854811699553,2.666446264177814,13002,0.6613091907837851,15247,3132546.375999995,26155,119.76854811699465,1.0876368148565743,0.01303766010323074,18.847840502135607,14.616399172781732,6005.974717500764,3002.98735875036
4,19661,52310,5.32119424240883,6265092.752000037,119.76854811699553,2.666446264177814,2221,0.11296475255582117,15247,3132546.375999995,26155,119.76854811699465,1.0876368148565743,0.01303766010323074,18.847840502135607,14.616399172781732,6005.974717500764,3002.98735875036
5,19661,52310,5.32119424240883,6265092.752000037,119.76854811699553,2.666446264177814,23,0.001169828594679823,15247,3132546.375999995,26155,119.76854811699465,1.0876368148565743,0.01303766010323074,18.847840502135607,14.616399172781732,6005.974717500764,3002.98735875036
6,19661,52310,5.32119424240883,6265092.752000037,119.76854811699553,2.666446264177814,1,5.086211281216622e-05,15247,3132546.375999995,26155,119.76854811699465,1.0876368148565743,0.01303766010323074,18.847840502135607,14.616399172781732,6005.974717500764,3002.98735875036
