,n,m,k_avg,edge_length_total,edge_length_avg,streets_per_node_avg,streets_per_node_counts,streets_per_node_proportions,intersection_count,street_length_total,street_segment_count,street_length_avg,circuity_avg,self_loop_proportion,node_density_km,intersection_density_km,edge_density_km,street_density_km
0,32723,90988,5.561103810775296,11707145.278000068,128.6669151756283,2.7845857653638113,0,0.0,25720,5853572.638999945,45494,128.66691517562634,1.1232890681039571,0.005671077504725898,11.344652389483182,8.916800399031489,4058.7199722546898,2029.359986127314
1,32723,90988,5.561103810775296,11707145.278000068,128.6669151756283,2.7845857653638113,7003,0.21400849555358617,25720,5853572.638999945,45494,128.66691517562634,1.1232890681039571,0.005671077504725898,11.344652389483182,8.916800399031489,4058.7199722546898,2029.359986127314
2,32723,90988,5.561103810775296,11707145.278000068,128.6669151756283,2.7845857653638113,0,0.0,25720,5853572.638999945,45494,128.66691517562634,1.1232890681039571,0.005671077504725898,11.344652389483182,8.916800399031489,4058.7199722546898,2029.359986127314
3,32723,90988,5.561103810775296,11707145.278000068,128.6669151756283,2.7845857653638113,18875,0.5768114170461144,25720,5853572.638999945,45494,128.66691517562634,1.1232890681039571,0.005671077504725898,11.344652389483182,8.916800399031489,4058.7199722546898,2029.359986127314
4,32723,90988,5.561103810775296,11707145.278000068,128.6669151756283,2.7845857653638113,6743,0.20606301378235492,25720,5853572.638999945,45494,128.66691517562634,1.1232890681039571,0.005671077504725898,11.344652389483182,8.916800399031489,4058.7199722546898,2029.359986127314
5,32723,90988,5.561103810775296,11707145.278000068,128.6669151756283,2.7845857653638113,92,0.002811478165204902,25720,5853572.638999945,45494,128.66691517562634,1.1232890681039571,0.005671077504725898,11.344652389483182,8.916800399031489,4058.7199722546898,2029.359986127314
6,32723,90988,5.561103810775296,11707145.278000068,128.6669151756283,2.7845857653638113,10,0.00030559545273966323,25720,5853572.638999945,45494,128.66691517562634,1.1232890681039571,0.005671077504725898,11.344652389483182,8.916800399031489,4058.7199722546898,2029.359986127314
