,n,m,k_avg,edge_length_total,edge_length_avg,streets_per_node_avg,streets_per_node_counts,streets_per_node_proportions,intersection_count,street_length_total,street_segment_count,street_length_avg,circuity_avg,self_loop_proportion,node_density_km,intersection_density_km,edge_density_km,street_density_km
0,19504,47398,4.860336341263331,10599359.001999982,223.62460445588383,2.4368847415914683,0,0.0,13238,5299679.501000066,23699,223.624604455887,1.135762913219452,0.010548968310899194,7.48780457631926,5.082216826359432,4069.21292254031,2034.6064612701841
1,19504,47398,4.860336341263331,10599359.001999982,223.62460445588383,2.4368847415914683,6266,0.32126743232157506,13238,5299679.501000066,23699,223.624604455887,1.135762913219452,0.010548968310899194,7.48780457631926,5.082216826359432,4069.21292254031,2034.6064612701841
2,19504,47398,4.860336341263331,10599359.001999982,223.62460445588383,2.4368847415914683,0,0.0,13238,5299679.501000066,23699,223.624604455887,1.135762913219452,0.010548968310899194,7.48780457631926,5.082216826359432,4069.21292254031,2034.6064612701841
3,19504,47398,4.860336341263331,10599359.001999982,223.62460445588383,2.4368847415914683,11710,0.6003896636587367,13238,5299679.501000066,23699,223.624604455887,1.135762913219452,0.010548968310899194,7.48780457631926,5.082216826359432,4069.21292254031,2034.6064612701841
4,19504,47398,4.860336341263331,10599359.001999982,223.62460445588383,2.4368847415914683,1508,0.0773174733388023,13238,5299679.501000066,23699,223.624604455887,1.135762913219452,0.010548968310899194,7.48780457631926,5.082216826359432,4069.21292254031,2034.6064612701841
5,19504,47398,4.860336341263331,10599359.001999982,223.62460445588383,2.4368847415914683,19,0.0009741591468416735,13238,5299679.501000066,23699,223.624604455887,1.135762913219452,0.010548968310899194,7.48780457631926,5.082216826359432,4069.21292254031,2034.6064612701841
6,19504,47398,4.860336341263331,10599359.001999982,223.62460445588383,2.4368847415914683,1,5.127153404429861e-05,13238,5299679.501000066,23699,223.624604455887,1.135762913219452,0.010548968310899194,7.48780457631926,5.082216826359432,4069.21292254031,2034.6064612701841
