,n,m,k_avg,edge_length_total,edge_length_avg,streets_per_node_avg,streets_per_node_counts,streets_per_node_proportions,intersection_count,street_length_total,street_segment_count,street_length_avg,circuity_avg,self_loop_proportion,node_density_km,intersection_density_km,edge_density_km,street_density_km
0,64520,177296,5.495846249225046,22508440.722000465,126.9540244675597,2.7495040297582145,0,0.0,51938,11254211.595999891,88647,126.9553577222003,1.1166218543010984,0.007343734136519002,17.464209351427648,14.058526120496733,6092.562320880586,3046.278787938729
1,64520,177296,5.495846249225046,22508440.722000465,126.9540244675597,2.7495040297582145,12582,0.1950092994420335,51938,11254211.595999891,88647,126.9553577222003,1.1166218543010984,0.007343734136519002,17.464209351427648,14.058526120496733,6092.562320880586,3046.278787938729
2,64520,177296,5.495846249225046,22508440.722000465,126.9540244675597,2.7495040297582145,1,1.5499070055796652e-05,51938,11254211.595999891,88647,126.9553577222003,1.1166218543010984,0.007343734136519002,17.464209351427648,14.058526120496733,6092.562320880586,3046.278787938729
3,64520,177296,5.495846249225046,22508440.722000465,126.9540244675597,2.7495040297582145,43253,0.6703812771233726,51938,11254211.595999891,88647,126.9553577222003,1.1166218543010984,0.007343734136519002,17.464209351427648,14.058526120496733,6092.562320880586,3046.278787938729
4,64520,177296,5.495846249225046,22508440.722000465,126.9540244675597,2.7495040297582145,8382,0.12991320520768754,51938,11254211.595999891,88647,126.9553577222003,1.1166218543010984,0.007343734136519002,17.464209351427648,14.058526120496733,6092.562320880586,3046.278787938729
5,64520,177296,5.495846249225046,22508440.722000465,126.9540244675597,2.7495040297582145,285,0.004417234965902046,51938,11254211.595999891,88647,126.9553577222003,1.1166218543010984,0.007343734136519002,17.464209351427648,14.058526120496733,6092.562320880586,3046.278787938729
6,64520,177296,5.495846249225046,22508440.722000465,126.9540244675597,2.7495040297582145,17,0.0002634841909485431,51938,11254211.595999891,88647,126.9553577222003,1.1166218543010984,0.007343734136519002,17.464209351427648,14.058526120496733,6092.562320880586,3046.278787938729
