,n,m,k_avg,edge_length_total,edge_length_avg,streets_per_node_avg,streets_per_node_counts,streets_per_node_proportions,intersection_count,street_length_total,street_segment_count,street_length_avg,circuity_avg,self_loop_proportion,node_density_km,intersection_density_km,edge_density_km,street_density_km
0,17484,46836,5.357584076870282,14760033.518000059,315.14291395507854,2.682566918325326,0,0.0,13426,7380016.759000004,23418,315.14291395507746,1.080975821241208,0.004483730463745837,3.177671715517346,2.4401407259514922,2682.5978626307924,1341.2989313153917
1,17484,46836,5.357584076870282,14760033.518000059,315.14291395507854,2.682566918325326,4058,0.23209791809654542,13426,7380016.759000004,23418,315.14291395507746,1.080975821241208,0.004483730463745837,3.177671715517346,2.4401407259514922,2682.5978626307924,1341.2989313153917
2,17484,46836,5.357584076870282,14760033.518000059,315.14291395507854,2.682566918325326,0,0.0,13426,7380016.759000004,23418,315.14291395507746,1.080975821241208,0.004483730463745837,3.177671715517346,2.4401407259514922,2682.5978626307924,1341.2989313153917
3,17484,46836,5.357584076870282,14760033.518000059,315.14291395507854,2.682566918325326,10886,0.6226264012811713,13426,7380016.759000004,23418,315.14291395507746,1.080975821241208,0.004483730463745837,3.177671715517346,2.4401407259514922,2682.5978626307924,1341.2989313153917
4,17484,46836,5.357584076870282,14760033.518000059,315.14291395507854,2.682566918325326,2514,0.14378860672614963,13426,7380016.759000004,23418,315.14291395507746,1.080975821241208,0.004483730463745837,3.177671715517346,2.4401407259514922,2682.5978626307924,1341.2989313153917
5,17484,46836,5.357584076870282,14760033.518000059,315.14291395507854,2.682566918325326,26,0.0014870738961336079,13426,7380016.759000004,23418,315.14291395507746,1.080975821241208,0.004483730463745837,3.177671715517346,2.4401407259514922,2682.5978626307924,1341.2989313153917
