,n,m,k_avg,edge_length_total,edge_length_avg,streets_per_node_avg,streets_per_node_counts,streets_per_node_proportions,intersection_count,street_length_total,street_segment_count,street_length_avg,circuity_avg,self_loop_proportion,node_density_km,intersection_density_km,edge_density_km,street_density_km
0,15686,41108,5.241361723830167,6309683.800000009,153.4904106256692,2.6264184623230906,0,0.0,12031,3154841.8999999953,20554,153.49041062566874,1.0999115585209556,0.021893548700982778,10.450660462013527,8.01554864327966,4203.77170830469,2101.8858541523387
1,15686,41108,5.241361723830167,6309683.800000009,153.4904106256692,2.6264184623230906,3655,0.2330103276807344,12031,3154841.8999999953,20554,153.49041062566874,1.0999115585209556,0.021893548700982778,10.450660462013527,8.01554864327966,4203.77170830469,2101.8858541523387
2,15686,41108,5.241361723830167,6309683.800000009,153.4904106256692,2.6264184623230906,0,0.0,12031,3154841.8999999953,20554,153.49041062566874,1.0999115585209556,0.021893548700982778,10.450660462013527,8.01554864327966,4203.77170830469,2101.8858541523387
3,15686,41108,5.241361723830167,6309683.800000009,153.4904106256692,2.6264184623230906,10645,0.6786306260359556,12031,3154841.8999999953,20554,153.49041062566874,1.0999115585209556,0.021893548700982778,10.450660462013527,8.01554864327966,4203.77170830469,2101.8858541523387
4,15686,41108,5.241361723830167,6309683.800000009,153.4904106256692,2.6264184623230906,1324,0.08440647711334949,12031,3154841.8999999953,20554,153.49041062566874,1.0999115585209556,0.021893548700982778,10.450660462013527,8.01554864327966,4203.77170830469,2101.8858541523387
5,15686,41108,5.241361723830167,6309683.800000009,153.4904106256692,2.6264184623230906,60,0.003825066938671427,12031,3154841.8999999953,20554,153.49041062566874,1.0999115585209556,0.021893548700982778,10.450660462013527,8.01554864327966,4203.77170830469,2101.8858541523387
6,15686,41108,5.241361723830167,6309683.800000009,153.4904106256692,2.6264184623230906,2,0.00012750223128904755,12031,3154841.8999999953,20554,153.49041062566874,1.0999115585209556,0.021893548700982778,10.450660462013527,8.01554864327966,4203.77170830469,2101.8858541523387
