,n,m,k_avg,edge_length_total,edge_length_avg,streets_per_node_avg,streets_per_node_counts,streets_per_node_proportions,intersection_count,street_length_total,street_segment_count,street_length_avg,circuity_avg,self_loop_proportion,node_density_km,intersection_density_km,edge_density_km,street_density_km
0,19619,53636,5.467760844079718,19741333.319999978,368.06125214408195,2.7466231714154645,0,0.0,15562,9870666.65999996,26818,368.0612521440808,1.092301514530845,0.008203445447087777,2.9920271640417995,2.3733078509005803,3010.68380385562,1505.3419019278056
1,19619,53636,5.467760844079718,19741333.319999978,368.06125214408195,2.7466231714154645,4057,0.20678933686732248,15562,9870666.65999996,26818,368.0612521440808,1.092301514530845,0.008203445447087777,2.9920271640417995,2.3733078509005803,3010.68380385562,1505.3419019278056
2,19619,53636,5.467760844079718,19741333.319999978,368.06125214408195,2.7466231714154645,0,0.0,15562,9870666.65999996,26818,368.0612521440808,1.092301514530845,0.008203445447087777,2.9920271640417995,2.3733078509005803,3010.68380385562,1505.3419019278056
3,19619,53636,5.467760844079718,19741333.319999978,368.06125214408195,2.7466231714154645,12467,0.6354554258626841,15562,9870666.65999996,26818,368.0612521440808,1.092301514530845,0.008203445447087777,2.9920271640417995,2.3733078509005803,3010.68380385562,1505.3419019278056
4,19619,53636,5.467760844079718,19741333.319999978,368.06125214408195,2.7466231714154645,3049,0.155410571384882,15562,9870666.65999996,26818,368.0612521440808,1.092301514530845,0.008203445447087777,2.9920271640417995,2.3733078509005803,3010.68380385562,1505.3419019278056
5,19619,53636,5.467760844079718,19741333.319999978,368.06125214408195,2.7466231714154645,44,0.0022427238901065296,15562,9870666.65999996,26818,368.0612521440808,1.092301514530845,0.008203445447087777,2.9920271640417995,2.3733078509005803,3010.68380385562,1505.3419019278056
6,19619,53636,5.467760844079718,19741333.319999978,368.06125214408195,2.7466231714154645,2,0.00010194199500484225,15562,9870666.65999996,26818,368.0612521440808,1.092301514530845,0.008203445447087777,2.9920271640417995,2.3733078509005803,3010.68380385562,1505.3419019278056
