,n,m,k_avg,edge_length_total,edge_length_avg,streets_per_node_avg,streets_per_node_counts,streets_per_node_proportions,intersection_count,street_length_total,street_segment_count,street_length_avg,circuity_avg,self_loop_proportion,node_density_km,intersection_density_km,edge_density_km,street_density_km
0,23156,61862,5.343064432544481,11055579.11800008,178.71357405192333,2.676282604940404,0,0.0,18077,5527789.558999996,30931,178.71357405192188,1.0860952167519786,0.009828327567812227,9.41077219338976,7.346628473825649,4493.070329309711,2246.5351646548374
1,23156,61862,5.343064432544481,11055579.11800008,178.71357405192333,2.676282604940404,5079,0.2193384004145794,18077,5527789.558999996,30931,178.71357405192188,1.0860952167519786,0.009828327567812227,9.41077219338976,7.346628473825649,4493.070329309711,2246.5351646548374
2,23156,61862,5.343064432544481,11055579.11800008,178.71357405192333,2.676282604940404,0,0.0,18077,5527789.558999996,30931,178.71357405192188,1.0860952167519786,0.009828327567812227,9.41077219338976,7.346628473825649,4493.070329309711,2246.5351646548374
3,23156,61862,5.343064432544481,11055579.11800008,178.71357405192333,2.676282604940404,15460,0.6676455346346519,18077,5527789.558999996,30931,178.71357405192188,1.0860952167519786,0.009828327567812227,9.41077219338976,7.346628473825649,4493.070329309711,2246.5351646548374
4,23156,61862,5.343064432544481,11055579.11800008,178.71357405192333,2.676282604940404,2575,0.11120228018656071,18077,5527789.558999996,30931,178.71357405192188,1.0860952167519786,0.009828327567812227,9.41077219338976,7.346628473825649,4493.070329309711,2246.5351646548374
5,23156,61862,5.343064432544481,11055579.11800008,178.71357405192333,2.676282604940404,39,0.0016842287096216963,18077,5527789.558999996,30931,178.71357405192188,1.0860952167519786,0.009828327567812227,9.41077219338976,7.346628473825649,4493.070329309711,2246.5351646548374
6,23156,61862,5.343064432544481,11055579.11800008,178.71357405192333,2.676282604940404,3,0.00012955605458628432,18077,5527789.558999996,30931,178.71357405192188,1.0860952167519786,0.009828327567812227,9.41077219338976,7.346628473825649,4493.070329309711,2246.5351646548374
