,n,m,k_avg,edge_length_total,edge_length_avg,streets_per_node_avg,streets_per_node_counts,streets_per_node_proportions,intersection_count,street_length_total,street_segment_count,street_length_avg,circuity_avg,self_loop_proportion,node_density_km,intersection_density_km,edge_density_km,street_density_km
0,35252,91154,5.171564733915806,10622495.574000042,116.53351003795821,2.585782366957903,0,0.0,25699,5311247.786999968,45577,116.53351003795704,1.120588284666136,0.006670030936656647,6.119548794967989,4.4612017610882315,1844.0054461994994,922.0027230997405
1,35252,91154,5.171564733915806,10622495.574000042,116.53351003795821,2.585782366957903,9553,0.27099171678202655,25699,5311247.786999968,45577,116.53351003795704,1.120588284666136,0.006670030936656647,6.119548794967989,4.4612017610882315,1844.0054461994994,922.0027230997405
2,35252,91154,5.171564733915806,10622495.574000042,116.53351003795821,2.585782366957903,1,2.836718484057642e-05,25699,5311247.786999968,45577,116.53351003795704,1.120588284666136,0.006670030936656647,6.119548794967989,4.4612017610882315,1844.0054461994994,922.0027230997405
3,35252,91154,5.171564733915806,10622495.574000042,116.53351003795821,2.585782366957903,21376,0.6063769431521616,25699,5311247.786999968,45577,116.53351003795704,1.120588284666136,0.006670030936656647,6.119548794967989,4.4612017610882315,1844.0054461994994,922.0027230997405
4,35252,91154,5.171564733915806,10622495.574000042,116.53351003795821,2.585782366957903,4161,0.11803585612163849,25699,5311247.786999968,45577,116.53351003795704,1.120588284666136,0.006670030936656647,6.119548794967989,4.4612017610882315,1844.0054461994994,922.0027230997405
5,35252,91154,5.171564733915806,10622495.574000042,116.53351003795821,2.585782366957903,139,0.003943038692840122,25699,5311247.786999968,45577,116.53351003795704,1.120588284666136,0.006670030936656647,6.119548794967989,4.4612017610882315,1844.0054461994994,922.0027230997405
6,35252,91154,5.171564733915806,10622495.574000042,116.53351003795821,2.585782366957903,22,0.0006240780664926813,25699,5311247.786999968,45577,116.53351003795704,1.120588284666136,0.006670030936656647,6.119548794967989,4.4612017610882315,1844.0054461994994,922.0027230997405
