,n,m,k_avg,edge_length_total,edge_length_avg,streets_per_node_avg,streets_per_node_counts,streets_per_node_proportions,intersection_count,street_length_total,street_segment_count,street_length_avg,circuity_avg,self_loop_proportion,node_density_km,intersection_density_km,edge_density_km,street_density_km
0,46113,117720,5.1057185609264195,20355762.88200009,172.91677609582135,2.556372389564765,0,0.0,33904,10177881.440999975,58860,172.91677609582018,1.0847410865594642,0.014305130818892287,6.561310910776295,4.824120857870004,2896.3738879457487,1448.1869439728646
1,46113,117720,5.1057185609264195,20355762.88200009,172.91677609582135,2.556372389564765,12209,0.26476264827705853,33904,10177881.440999975,58860,172.91677609582018,1.0847410865594642,0.014305130818892287,6.561310910776295,4.824120857870004,2896.3738879457487,1448.1869439728646
2,46113,117720,5.1057185609264195,20355762.88200009,172.91677609582135,2.556372389564765,0,0.0,33904,10177881.440999975,58860,172.91677609582018,1.0847410865594642,0.014305130818892287,6.561310910776295,4.824120857870004,2896.3738879457487,1448.1869439728646
3,46113,117720,5.1057185609264195,20355762.88200009,172.91677609582135,2.556372389564765,30016,0.6509227332856244,33904,10177881.440999975,58860,172.91677609582018,1.0847410865594642,0.014305130818892287,6.561310910776295,4.824120857870004,2896.3738879457487,1448.1869439728646
4,46113,117720,5.1057185609264195,20355762.88200009,172.91677609582135,2.556372389564765,3820,0.08283998004901004,33904,10177881.440999975,58860,172.91677609582018,1.0847410865594642,0.014305130818892287,6.561310910776295,4.824120857870004,2896.3738879457487,1448.1869439728646
5,46113,117720,5.1057185609264195,20355762.88200009,172.91677609582135,2.556372389564765,64,0.0013878949537006917,33904,10177881.440999975,58860,172.91677609582018,1.0847410865594642,0.014305130818892287,6.561310910776295,4.824120857870004,2896.3738879457487,1448.1869439728646
6,46113,117720,5.1057185609264195,20355762.88200009,172.91677609582135,2.556372389564765,3,6.505757595471992e-05,33904,10177881.440999975,58860,172.91677609582018,1.0847410865594642,0.014305130818892287,6.561310910776295,4.824120857870004,2896.3738879457487,1448.1869439728646
7,46113,117720,5.1057185609264195,20355762.88200009,172.91677609582135,2.556372389564765,1,2.168585865157331e-05,33904,10177881.440999975,58860,172.91677609582018,1.0847410865594642,0.014305130818892287,6.561310910776295,4.824120857870004,2896.3738879457487,1448.1869439728646
