,n,m,k_avg,edge_length_total,edge_length_avg,streets_per_node_avg,streets_per_node_counts,streets_per_node_proportions,intersection_count,street_length_total,street_segment_count,street_length_avg,circuity_avg,self_loop_proportion,node_density_km,intersection_density_km,edge_density_km,street_density_km
0,47289,128794,5.44710186301254,14850359.922000146,115.30319674829686,2.7254329759563536,0,0.0,37619,7425179.9609999815,64397,115.30319674829543,1.1199037617114367,0.006537571626007423,20.159050263138216,16.036780474296275,6330.629789026924,3165.3148945134235
1,47289,128794,5.44710186301254,14850359.922000146,115.30319674829686,2.7254329759563536,9670,0.20448730148660366,37619,7425179.9609999815,64397,115.30319674829543,1.1199037617114367,0.006537571626007423,20.159050263138216,16.036780474296275,6330.629789026924,3165.3148945134235
2,47289,128794,5.44710186301254,14850359.922000146,115.30319674829686,2.7254329759563536,0,0.0,37619,7425179.9609999815,64397,115.30319674829543,1.1199037617114367,0.006537571626007423,20.159050263138216,16.036780474296275,6330.629789026924,3165.3148945134235
3,47289,128794,5.44710186301254,14850359.922000146,115.30319674829686,2.7254329759563536,31531,0.666772399500941,37619,7425179.9609999815,64397,115.30319674829543,1.1199037617114367,0.006537571626007423,20.159050263138216,16.036780474296275,6330.629789026924,3165.3148945134235
4,47289,128794,5.44710186301254,14850359.922000146,115.30319674829686,2.7254329759563536,5842,0.12353824356615703,37619,7425179.9609999815,64397,115.30319674829543,1.1199037617114367,0.006537571626007423,20.159050263138216,16.036780474296275,6330.629789026924,3165.3148945134235
5,47289,128794,5.44710186301254,14850359.922000146,115.30319674829686,2.7254329759563536,225,0.004757977542346,37619,7425179.9609999815,64397,115.30319674829543,1.1199037617114367,0.006537571626007423,20.159050263138216,16.036780474296275,6330.629789026924,3165.3148945134235
6,47289,128794,5.44710186301254,14850359.922000146,115.30319674829686,2.7254329759563536,20,0.0004229313370974222,37619,7425179.9609999815,64397,115.30319674829543,1.1199037617114367,0.006537571626007423,20.159050263138216,16.036780474296275,6330.629789026924,3165.3148945134235
7,47289,128794,5.44710186301254,14850359.922000146,115.30319674829686,2.7254329759563536,1,2.114656685487111e-05,37619,7425179.9609999815,64397,115.30319674829543,1.1199037617114367,0.006537571626007423,20.159050263138216,16.036780474296275,6330.629789026924,3165.3148945134235
