,n,m,k_avg,edge_length_total,edge_length_avg,streets_per_node_avg,streets_per_node_counts,streets_per_node_proportions,intersection_count,street_length_total,street_segment_count,street_length_avg,circuity_avg,self_loop_proportion,node_density_km,intersection_density_km,edge_density_km,street_density_km
0,11566,29990,5.185889676638423,10683568.245999962,356.2376874291418,2.6002075047553173,0,0.0,8468,5341784.1230000025,14995,356.2376874291432,1.0908566047798585,0.006602200733577859,2.5544715127135116,1.8702459596799252,2359.577272915231,1179.7886364576202
1,11566,29990,5.185889676638423,10683568.245999962,356.2376874291418,2.6002075047553173,3098,0.26785405498876014,8468,5341784.1230000025,14995,356.2376874291432,1.0908566047798585,0.006602200733577859,2.5544715127135116,1.8702459596799252,2359.577272915231,1179.7886364576202
2,11566,29990,5.185889676638423,10683568.245999962,356.2376874291418,2.6002075047553173,0,0.0,8468,5341784.1230000025,14995,356.2376874291432,1.0908566047798585,0.006602200733577859,2.5544715127135116,1.8702459596799252,2359.577272915231,1179.7886364576202
3,11566,29990,5.185889676638423,10683568.245999962,356.2376874291418,2.6002075047553173,6910,0.5974407746844198,8468,5341784.1230000025,14995,356.2376874291432,1.0908566047798585,0.006602200733577859,2.5544715127135116,1.8702459596799252,2359.577272915231,1179.7886364576202
4,11566,29990,5.185889676638423,10683568.245999962,356.2376874291418,2.6002075047553173,1544,0.13349472592080236,8468,5341784.1230000025,14995,356.2376874291432,1.0908566047798585,0.006602200733577859,2.5544715127135116,1.8702459596799252,2359.577272915231,1179.7886364576202
5,11566,29990,5.185889676638423,10683568.245999962,356.2376874291418,2.6002075047553173,14,0.0012104444060176379,8468,5341784.1230000025,14995,356.2376874291432,1.0908566047798585,0.006602200733577859,2.5544715127135116,1.8702459596799252,2359.577272915231,1179.7886364576202
