,n,m,k_avg,edge_length_total,edge_length_avg,streets_per_node_avg,streets_per_node_counts,streets_per_node_proportions,intersection_count,street_length_total,street_segment_count,street_length_avg,circuity_avg,self_loop_proportion,node_density_km,intersection_density_km,edge_density_km,street_density_km
0,47726,131172,5.496878011985081,34449418.10200041,262.62783293691035,2.75474584084147,0,0.0,38354,17224709.05099977,65586,262.6278329369038,1.1578666388365302,0.007974262799987803,3.8087657010893867,3.060834758822913,2749.230232774316,1374.6151163871234
1,47726,131172,5.496878011985081,34449418.10200041,262.62783293691035,2.75474584084147,9372,0.19637095084440348,38354,17224709.05099977,65586,262.6278329369038,1.1578666388365302,0.007974262799987803,3.8087657010893867,3.060834758822913,2749.230232774316,1374.6151163871234
2,47726,131172,5.496878011985081,34449418.10200041,262.62783293691035,2.75474584084147,0,0.0,38354,17224709.05099977,65586,262.6278329369038,1.1578666388365302,0.007974262799987803,3.8087657010893867,3.060834758822913,2749.230232774316,1374.6151163871234
3,47726,131172,5.496878011985081,34449418.10200041,262.62783293691035,2.75474584084147,31459,0.6591585299417508,38354,17224709.05099977,65586,262.6278329369038,1.1578666388365302,0.007974262799987803,3.8087657010893867,3.060834758822913,2749.230232774316,1374.6151163871234
4,47726,131172,5.496878011985081,34449418.10200041,262.62783293691035,2.75474584084147,6757,0.14157901353559904,38354,17224709.05099977,65586,262.6278329369038,1.1578666388365302,0.007974262799987803,3.8087657010893867,3.060834758822913,2749.230232774316,1374.6151163871234
5,47726,131172,5.496878011985081,34449418.10200041,262.62783293691035,2.75474584084147,132,0.002765788040062021,38354,17224709.05099977,65586,262.6278329369038,1.1578666388365302,0.007974262799987803,3.8087657010893867,3.060834758822913,2749.230232774316,1374.6151163871234
6,47726,131172,5.496878011985081,34449418.10200041,262.62783293691035,2.75474584084147,6,0.00012571763818463731,38354,17224709.05099977,65586,262.6278329369038,1.1578666388365302,0.007974262799987803,3.8087657010893867,3.060834758822913,2749.230232774316,1374.6151163871234
