,n,m,k_avg,edge_length_total,edge_length_avg,streets_per_node_avg,streets_per_node_counts,streets_per_node_proportions,intersection_count,street_length_total,street_segment_count,street_length_avg,circuity_avg,self_loop_proportion,node_density_km,intersection_density_km,edge_density_km,street_density_km
0,27430,76440,5.57345971563981,17060610.52399985,223.1895672946082,2.7919066715275247,0,0.0,22302,8530305.26199996,38220,223.18956729460908,1.0769025193285895,0.006619570905285191,5.774290788927834,4.694795230574865,3591.430047474211,1795.7150237371125
1,27430,76440,5.57345971563981,17060610.52399985,223.1895672946082,2.7919066715275247,5128,0.1869485964272694,22302,8530305.26199996,38220,223.18956729460908,1.0769025193285895,0.006619570905285191,5.774290788927834,4.694795230574865,3591.430047474211,1795.7150237371125
2,27430,76440,5.57345971563981,17060610.52399985,223.1895672946082,2.7919066715275247,0,0.0,22302,8530305.26199996,38220,223.18956729460908,1.0769025193285895,0.006619570905285191,5.774290788927834,4.694795230574865,3591.430047474211,1795.7150237371125
3,27430,76440,5.57345971563981,17060610.52399985,223.1895672946082,2.7919066715275247,17808,0.6492161866569449,22302,8530305.26199996,38220,223.18956729460908,1.0769025193285895,0.006619570905285191,5.774290788927834,4.694795230574865,3591.430047474211,1795.7150237371125
4,27430,76440,5.57345971563981,17060610.52399985,223.1895672946082,2.7919066715275247,4440,0.16186656944950784,22302,8530305.26199996,38220,223.18956729460908,1.0769025193285895,0.006619570905285191,5.774290788927834,4.694795230574865,3591.430047474211,1795.7150237371125
5,27430,76440,5.57345971563981,17060610.52399985,223.1895672946082,2.7919066715275247,54,0.001968647466277798,22302,8530305.26199996,38220,223.18956729460908,1.0769025193285895,0.006619570905285191,5.774290788927834,4.694795230574865,3591.430047474211,1795.7150237371125
