,n,m,k_avg,edge_length_total,edge_length_avg,streets_per_node_avg,streets_per_node_counts,streets_per_node_proportions,intersection_count,street_length_total,street_segment_count,street_length_avg,circuity_avg,self_loop_proportion,node_density_km,intersection_density_km,edge_density_km,street_density_km
0,6894,19186,5.565999419785321,5901060.790000021,307.57118680287823,2.7914128227444155,0,0.0,5556,2950530.395000009,9593,307.571186802878,1.1015636011952896,0.006358803294068592,2.0501325185712953,1.6522390880739943,1754.8530054605544,877.4265027302766
1,6894,19186,5.565999419785321,5901060.790000021,307.57118680287823,2.7914128227444155,1338,0.19408181026979981,5556,2950530.395000009,9593,307.571186802878,1.1015636011952896,0.006358803294068592,2.0501325185712953,1.6522390880739943,1754.8530054605544,877.4265027302766
2,6894,19186,5.565999419785321,5901060.790000021,307.57118680287823,2.7914128227444155,0,0.0,5556,2950530.395000009,9593,307.571186802878,1.1015636011952896,0.006358803294068592,2.0501325185712953,1.6522390880739943,1754.8530054605544,877.4265027302766
3,6894,19186,5.565999419785321,5901060.790000021,307.57118680287823,2.7914128227444155,4327,0.6276472294749057,5556,2950530.395000009,9593,307.571186802878,1.1015636011952896,0.006358803294068592,2.0501325185712953,1.6522390880739943,1754.8530054605544,877.4265027302766
4,6894,19186,5.565999419785321,5901060.790000021,307.57118680287823,2.7914128227444155,1220,0.17696547722657383,5556,2950530.395000009,9593,307.571186802878,1.1015636011952896,0.006358803294068592,2.0501325185712953,1.6522390880739943,1754.8530054605544,877.4265027302766
5,6894,19186,5.565999419785321,5901060.790000021,307.57118680287823,2.7914128227444155,9,0.0013054830287206266,5556,2950530.395000009,9593,307.571186802878,1.1015636011952896,0.006358803294068592,2.0501325185712953,1.6522390880739943,1754.8530054605544,877.4265027302766
