,n,m,k_avg,edge_length_total,edge_length_avg,streets_per_node_avg,streets_per_node_counts,streets_per_node_proportions,intersection_count,street_length_total,street_segment_count,street_length_avg,circuity_avg,self_loop_proportion,node_density_km,intersection_density_km,edge_density_km,street_density_km
0,18323,48870,5.334279321071877,8548144.980000073,174.91600122774858,2.6714511815750694,0,0.0,14333,4274072.489999995,24435,174.91600122774688,1.1125748666541442,0.007571107018620831,13.306830133626018,10.409146772104007,6207.974305870706,3103.9871529353227
1,18323,48870,5.334279321071877,8548144.980000073,174.91600122774858,2.6714511815750694,3990,0.2177591005839655,14333,4274072.489999995,24435,174.91600122774688,1.1125748666541442,0.007571107018620831,13.306830133626018,10.409146772104007,6207.974305870706,3103.9871529353227
2,18323,48870,5.334279321071877,8548144.980000073,174.91600122774858,2.6714511815750694,0,0.0,14333,4274072.489999995,24435,174.91600122774688,1.1125748666541442,0.007571107018620831,13.306830133626018,10.409146772104007,6207.974305870706,3103.9871529353227
3,18323,48870,5.334279321071877,8548144.980000073,174.91600122774858,2.6714511815750694,12427,0.6782186323200349,14333,4274072.489999995,24435,174.91600122774688,1.1125748666541442,0.007571107018620831,13.306830133626018,10.409146772104007,6207.974305870706,3103.9871529353227
4,18323,48870,5.334279321071877,8548144.980000073,174.91600122774858,2.6714511815750694,1855,0.10123888009605414,14333,4274072.489999995,24435,174.91600122774688,1.1125748666541442,0.007571107018620831,13.306830133626018,10.409146772104007,6207.974305870706,3103.9871529353227
5,18323,48870,5.334279321071877,8548144.980000073,174.91600122774858,2.6714511815750694,49,0.002674234568575015,14333,4274072.489999995,24435,174.91600122774688,1.1125748666541442,0.007571107018620831,13.306830133626018,10.409146772104007,6207.974305870706,3103.9871529353227
6,18323,48870,5.334279321071877,8548144.980000073,174.91600122774858,2.6714511815750694,1,5.457621568520439e-05,14333,4274072.489999995,24435,174.91600122774688,1.1125748666541442,0.007571107018620831,13.306830133626018,10.409146772104007,6207.974305870706,3103.9871529353227
7,18323,48870,5.334279321071877,8548144.980000073,174.91600122774858,2.6714511815750694,1,5.457621568520439e-05,14333,4274072.489999995,24435,174.91600122774688,1.1125748666541442,0.007571107018620831,13.306830133626018,10.409146772104007,6207.974305870706,3103.9871529353227
