,n,m,k_avg,edge_length_total,edge_length_avg,streets_per_node_avg,streets_per_node_counts,streets_per_node_proportions,intersection_count,street_length_total,street_segment_count,street_length_avg,circuity_avg,self_loop_proportion,node_density_km,intersection_density_km,edge_density_km,street_density_km
0,22523,69012,6.128135683523509,13394221.028000247,194.08539135223216,3.072725658216046,0,0.0,19324,6697110.513999987,34506,194.08539135222824,1.0335944621170263,0.0034486755926505536,5.748185398811443,4.931755745088679,3418.393008995436,1709.1965044976835
1,22523,69012,6.128135683523509,13394221.028000247,194.08539135223216,3.072725658216046,3199,0.14203258890911513,19324,6697110.513999987,34506,194.08539135222824,1.0335944621170263,0.0034486755926505536,5.748185398811443,4.931755745088679,3418.393008995436,1709.1965044976835
2,22523,69012,6.128135683523509,13394221.028000247,194.08539135223216,3.072725658216046,0,0.0,19324,6697110.513999987,34506,194.08539135222824,1.0335944621170263,0.0034486755926505536,5.748185398811443,4.931755745088679,3418.393008995436,1709.1965044976835
3,22523,69012,6.128135683523509,13394221.028000247,194.08539135223216,3.072725658216046,11364,0.5045509035208453,19324,6697110.513999987,34506,194.08539135222824,1.0335944621170263,0.0034486755926505536,5.748185398811443,4.931755745088679,3418.393008995436,1709.1965044976835
4,22523,69012,6.128135683523509,13394221.028000247,194.08539135223216,3.072725658216046,7888,0.35021977534076276,19324,6697110.513999987,34506,194.08539135222824,1.0335944621170263,0.0034486755926505536,5.748185398811443,4.931755745088679,3418.393008995436,1709.1965044976835
5,22523,69012,6.128135683523509,13394221.028000247,194.08539135223216,3.072725658216046,68,0.0030191359943169205,19324,6697110.513999987,34506,194.08539135222824,1.0335944621170263,0.0034486755926505536,5.748185398811443,4.931755745088679,3418.393008995436,1709.1965044976835
6,22523,69012,6.128135683523509,13394221.028000247,194.08539135223216,3.072725658216046,4,0.00017759623495981885,19324,6697110.513999987,34506,194.08539135222824,1.0335944621170263,0.0034486755926505536,5.748185398811443,4.931755745088679,3418.393008995436,1709.1965044976835
