,n,m,k_avg,edge_length_total,edge_length_avg,streets_per_node_avg,streets_per_node_counts,streets_per_node_proportions,intersection_count,street_length_total,street_segment_count,street_length_avg,circuity_avg,self_loop_proportion,node_density_km,intersection_density_km,edge_density_km,street_density_km
0,10723,28356,5.288818427678821,9462581.827999873,333.70651107348965,2.6528956448755014,0,0.0,8277,4731290.914000001,14178,333.7065110734942,1.063565512405862,0.009028071660318803,2.230429085303818,1.7216508009940967,1968.2568060466554,984.128403023341
1,10723,28356,5.288818427678821,9462581.827999873,333.70651107348965,2.6528956448755014,2446,0.2281078056514035,8277,4731290.914000001,14178,333.7065110734942,1.063565512405862,0.009028071660318803,2.230429085303818,1.7216508009940967,1968.2568060466554,984.128403023341
2,10723,28356,5.288818427678821,9462581.827999873,333.70651107348965,2.6528956448755014,0,0.0,8277,4731290.914000001,14178,333.7065110734942,1.063565512405862,0.009028071660318803,2.230429085303818,1.7216508009940967,1968.2568060466554,984.128403023341
3,10723,28356,5.288818427678821,9462581.827999873,333.70651107348965,2.6528956448755014,7126,0.6645528303646367,8277,4731290.914000001,14178,333.7065110734942,1.063565512405862,0.009028071660318803,2.230429085303818,1.7216508009940967,1968.2568060466554,984.128403023341
4,10723,28356,5.288818427678821,9462581.827999873,333.70651107348965,2.6528956448755014,1133,0.1056607292735242,8277,4731290.914000001,14178,333.7065110734942,1.063565512405862,0.009028071660318803,2.230429085303818,1.7216508009940967,1968.2568060466554,984.128403023341
5,10723,28356,5.288818427678821,9462581.827999873,333.70651107348965,2.6528956448755014,17,0.0015853772265224284,8277,4731290.914000001,14178,333.7065110734942,1.063565512405862,0.009028071660318803,2.230429085303818,1.7216508009940967,1968.2568060466554,984.128403023341
6,10723,28356,5.288818427678821,9462581.827999873,333.70651107348965,2.6528956448755014,1,9.325748391308402e-05,8277,4731290.914000001,14178,333.7065110734942,1.063565512405862,0.009028071660318803,2.230429085303818,1.7216508009940967,1968.2568060466554,984.128403023341
