,n,m,k_avg,edge_length_total,edge_length_avg,streets_per_node_avg,streets_per_node_counts,streets_per_node_proportions,intersection_count,street_length_total,street_segment_count,street_length_avg,circuity_avg,self_loop_proportion,node_density_km,intersection_density_km,edge_density_km,street_density_km
0,25055,71140,5.6787068449411295,17813661.181999717,250.4028842001647,2.848253841548593,0,0.0,20149,8906830.590999994,35570,250.40288420016853,1.0626060586896415,0.006494236716333989,3.89438588497702,3.1318292235642375,2768.8393800416184,1384.4196900208303
1,25055,71140,5.6787068449411295,17813661.181999717,250.4028842001647,2.848253841548593,4906,0.19580921971662343,20149,8906830.590999994,35570,250.40288420016853,1.0626060586896415,0.006494236716333989,3.89438588497702,3.1318292235642375,2768.8393800416184,1384.4196900208303
2,25055,71140,5.6787068449411295,17813661.181999717,250.4028842001647,2.848253841548593,0,0.0,20149,8906830.590999994,35570,250.40288420016853,1.0626060586896415,0.006494236716333989,3.89438588497702,3.1318292235642375,2768.8393800416184,1384.4196900208303
3,25055,71140,5.6787068449411295,17813661.181999717,250.4028842001647,2.848253841548593,14206,0.5669926162442627,20149,8906830.590999994,35570,250.40288420016853,1.0626060586896415,0.006494236716333989,3.89438588497702,3.1318292235642375,2768.8393800416184,1384.4196900208303
4,25055,71140,5.6787068449411295,17813661.181999717,250.4028842001647,2.848253841548593,5881,0.23472360806226303,20149,8906830.590999994,35570,250.40288420016853,1.0626060586896415,0.006494236716333989,3.89438588497702,3.1318292235642375,2768.8393800416184,1384.4196900208303
5,25055,71140,5.6787068449411295,17813661.181999717,250.4028842001647,2.848253841548593,57,0.002274995010975853,20149,8906830.590999994,35570,250.40288420016853,1.0626060586896415,0.006494236716333989,3.89438588497702,3.1318292235642375,2768.8393800416184,1384.4196900208303
6,25055,71140,5.6787068449411295,17813661.181999717,250.4028842001647,2.848253841548593,5,0.00019956096587507485,20149,8906830.590999994,35570,250.40288420016853,1.0626060586896415,0.006494236716333989,3.89438588497702,3.1318292235642375,2768.8393800416184,1384.4196900208303
