,n,m,k_avg,edge_length_total,edge_length_avg,streets_per_node_avg,streets_per_node_counts,streets_per_node_proportions,intersection_count,street_length_total,street_segment_count,street_length_avg,circuity_avg,self_loop_proportion,node_density_km,intersection_density_km,edge_density_km,street_density_km
0,16283,40706,4.999815758766812,7146691.495999969,175.56850331646362,2.5069704599889455,0,0.0,11451,3573345.747999996,20353,175.56850331646422,1.1174909372788582,0.010268756448680784,10.637203323372727,7.480600335069773,4668.722626811428,2334.3613134057214
1,16283,40706,4.999815758766812,7146691.495999969,175.56850331646362,2.5069704599889455,4832,0.29675121292145185,11451,3573345.747999996,20353,175.56850331646422,1.1174909372788582,0.010268756448680784,10.637203323372727,7.480600335069773,4668.722626811428,2334.3613134057214
2,16283,40706,4.999815758766812,7146691.495999969,175.56850331646362,2.5069704599889455,0,0.0,11451,3573345.747999996,20353,175.56850331646422,1.1174909372788582,0.010268756448680784,10.637203323372727,7.480600335069773,4668.722626811428,2334.3613134057214
3,16283,40706,4.999815758766812,7146691.495999969,175.56850331646362,2.5069704599889455,9828,0.6035742799238469,11451,3573345.747999996,20353,175.56850331646422,1.1174909372788582,0.010268756448680784,10.637203323372727,7.480600335069773,4668.722626811428,2334.3613134057214
4,16283,40706,4.999815758766812,7146691.495999969,175.56850331646362,2.5069704599889455,1610,0.09887612847755328,11451,3573345.747999996,20353,175.56850331646422,1.1174909372788582,0.010268756448680784,10.637203323372727,7.480600335069773,4668.722626811428,2334.3613134057214
5,16283,40706,4.999815758766812,7146691.495999969,175.56850331646362,2.5069704599889455,13,0.0007983786771479457,11451,3573345.747999996,20353,175.56850331646422,1.1174909372788582,0.010268756448680784,10.637203323372727,7.480600335069773,4668.722626811428,2334.3613134057214
