,n,m,k_avg,edge_length_total,edge_length_avg,streets_per_node_avg,streets_per_node_counts,streets_per_node_proportions,intersection_count,street_length_total,street_segment_count,street_length_avg,circuity_avg,self_loop_proportion,node_density_km,intersection_density_km,edge_density_km,street_density_km
0,18157,51422,5.664151566888803,17447124.284000065,339.29299296021287,2.8372528501404415,0,0.0,14814,8723562.141999954,25711,339.2929929602098,1.0927188640981773,0.005328458636381315,2.6224406106712563,2.1396064992280657,2519.91227966021,1259.9561398300937
1,18157,51422,5.664151566888803,17447124.284000065,339.29299296021287,2.8372528501404415,3343,0.18411631877512805,14814,8723562.141999954,25711,339.2929929602098,1.0927188640981773,0.005328458636381315,2.6224406106712563,2.1396064992280657,2519.91227966021,1259.9561398300937
2,18157,51422,5.664151566888803,17447124.284000065,339.29299296021287,2.8372528501404415,0,0.0,14814,8723562.141999954,25711,339.2929929602098,1.0927188640981773,0.005328458636381315,2.6224406106712563,2.1396064992280657,2519.91227966021,1259.9561398300937
3,18157,51422,5.664151566888803,17447124.284000065,339.29299296021287,2.8372528501404415,11144,0.6137577793688385,14814,8723562.141999954,25711,339.2929929602098,1.0927188640981773,0.005328458636381315,2.6224406106712563,2.1396064992280657,2519.91227966021,1259.9561398300937
4,18157,51422,5.664151566888803,17447124.284000065,339.29299296021287,2.8372528501404415,3610,0.19882139119898662,14814,8723562.141999954,25711,339.2929929602098,1.0927188640981773,0.005328458636381315,2.6224406106712563,2.1396064992280657,2519.91227966021,1259.9561398300937
5,18157,51422,5.664151566888803,17447124.284000065,339.29299296021287,2.8372528501404415,59,0.0032494354794294212,14814,8723562.141999954,25711,339.2929929602098,1.0927188640981773,0.005328458636381315,2.6224406106712563,2.1396064992280657,2519.91227966021,1259.9561398300937
6,18157,51422,5.664151566888803,17447124.284000065,339.29299296021287,2.8372528501404415,1,5.507517761744782e-05,14814,8723562.141999954,25711,339.2929929602098,1.0927188640981773,0.005328458636381315,2.6224406106712563,2.1396064992280657,2519.91227966021,1259.9561398300937
