,n,m,k_avg,edge_length_total,edge_length_avg,streets_per_node_avg,streets_per_node_counts,streets_per_node_proportions,intersection_count,street_length_total,street_segment_count,street_length_avg,circuity_avg,self_loop_proportion,node_density_km,intersection_density_km,edge_density_km,street_density_km
0,14104,38148,5.4095292115711855,11087911.731999863,290.6551256160182,2.716463414634146,0,0.0,10880,5543955.866000024,19074,290.65512561602304,1.1290460530782052,0.00639614134423823,4.3783035847085445,3.377477524222133,3442.0195464511435,1721.0097732256004
1,14104,38148,5.4095292115711855,11087911.731999863,290.6551256160182,2.716463414634146,3224,0.22858763471355645,10880,5543955.866000024,19074,290.65512561602304,1.1290460530782052,0.00639614134423823,4.3783035847085445,3.377477524222133,3442.0195464511435,1721.0097732256004
2,14104,38148,5.4095292115711855,11087911.731999863,290.6551256160182,2.716463414634146,0,0.0,10880,5543955.866000024,19074,290.65512561602304,1.1290460530782052,0.00639614134423823,4.3783035847085445,3.377477524222133,3442.0195464511435,1721.0097732256004
3,14104,38148,5.4095292115711855,11087911.731999863,290.6551256160182,2.716463414634146,8464,0.6001134429948951,10880,5543955.866000024,19074,290.65512561602304,1.1290460530782052,0.00639614134423823,4.3783035847085445,3.377477524222133,3442.0195464511435,1721.0097732256004
4,14104,38148,5.4095292115711855,11087911.731999863,290.6551256160182,2.716463414634146,2387,0.16924276800907545,10880,5543955.866000024,19074,290.65512561602304,1.1290460530782052,0.00639614134423823,4.3783035847085445,3.377477524222133,3442.0195464511435,1721.0097732256004
5,14104,38148,5.4095292115711855,11087911.731999863,290.6551256160182,2.716463414634146,26,0.00184344866704481,10880,5543955.866000024,19074,290.65512561602304,1.1290460530782052,0.00639614134423823,4.3783035847085445,3.377477524222133,3442.0195464511435,1721.0097732256004
6,14104,38148,5.4095292115711855,11087911.731999863,290.6551256160182,2.716463414634146,2,0.00014180374361883155,10880,5543955.866000024,19074,290.65512561602304,1.1290460530782052,0.00639614134423823,4.3783035847085445,3.377477524222133,3442.0195464511435,1721.0097732256004
7,14104,38148,5.4095292115711855,11087911.731999863,290.6551256160182,2.716463414634146,1,7.090187180941577e-05,10880,5543955.866000024,19074,290.65512561602304,1.1290460530782052,0.00639614134423823,4.3783035847085445,3.377477524222133,3442.0195464511435,1721.0097732256004
