,n,m,k_avg,edge_length_total,edge_length_avg,streets_per_node_avg,streets_per_node_counts,streets_per_node_proportions,intersection_count,street_length_total,street_segment_count,street_length_avg,circuity_avg,self_loop_proportion,node_density_km,intersection_density_km,edge_density_km,street_density_km
0,35402,91720,5.181628156601322,12700663.204000017,138.47212389882267,2.5920851929269535,0,0.0,25850,6350331.602000036,45860,138.4721238988233,1.0941218692505557,0.010750109027474924,10.812140934847445,7.894860266815616,3878.9153304242495,1939.4576652121334
1,35402,91720,5.181628156601322,12700663.204000017,138.47212389882267,2.5920851929269535,9552,0.26981526467431216,25850,6350331.602000036,45860,138.4721238988233,1.0941218692505557,0.010750109027474924,10.812140934847445,7.894860266815616,3878.9153304242495,1939.4576652121334
2,35402,91720,5.181628156601322,12700663.204000017,138.47212389882267,2.5920851929269535,0,0.0,25850,6350331.602000036,45860,138.4721238988233,1.0941218692505557,0.010750109027474924,10.812140934847445,7.894860266815616,3878.9153304242495,1939.4576652121334
3,35402,91720,5.181628156601322,12700663.204000017,138.47212389882267,2.5920851929269535,21306,0.6018304050618609,25850,6350331.602000036,45860,138.4721238988233,1.0941218692505557,0.010750109027474924,10.812140934847445,7.894860266815616,3878.9153304242495,1939.4576652121334
4,35402,91720,5.181628156601322,12700663.204000017,138.47212389882267,2.5920851929269535,4435,0.12527540816903,25850,6350331.602000036,45860,138.4721238988233,1.0941218692505557,0.010750109027474924,10.812140934847445,7.894860266815616,3878.9153304242495,1939.4576652121334
5,35402,91720,5.181628156601322,12700663.204000017,138.47212389882267,2.5920851929269535,99,0.0027964521778430598,25850,6350331.602000036,45860,138.4721238988233,1.0941218692505557,0.010750109027474924,10.812140934847445,7.894860266815616,3878.9153304242495,1939.4576652121334
6,35402,91720,5.181628156601322,12700663.204000017,138.47212389882267,2.5920851929269535,10,0.00028246991695384443,25850,6350331.602000036,45860,138.4721238988233,1.0941218692505557,0.010750109027474924,10.812140934847445,7.894860266815616,3878.9153304242495,1939.4576652121334
