,n,m,k_avg,edge_length_total,edge_length_avg,streets_per_node_avg,streets_per_node_counts,streets_per_node_proportions,intersection_count,street_length_total,street_segment_count,street_length_avg,circuity_avg,self_loop_proportion,node_density_km,intersection_density_km,edge_density_km,street_density_km
0,30195,80712,5.346050670640834,28447737.106000207,352.4598214144143,2.678556052326544,0,0.0,23220,14223868.55299999,40356,352.45982141441146,1.156702664133771,0.0070869263554366145,2.7047659382356968,2.079969037450998,2548.2520398805464,1274.126019940263
1,30195,80712,5.346050670640834,28447737.106000207,352.4598214144143,2.678556052326544,6975,0.23099850968703428,23220,14223868.55299999,40356,352.45982141441146,1.156702664133771,0.0070869263554366145,2.7047659382356968,2.079969037450998,2548.2520398805464,1274.126019940263
2,30195,80712,5.346050670640834,28447737.106000207,352.4598214144143,2.678556052326544,0,0.0,23220,14223868.55299999,40356,352.45982141441146,1.156702664133771,0.0070869263554366145,2.7047659382356968,2.079969037450998,2548.2520398805464,1274.126019940263
3,30195,80712,5.346050670640834,28447737.106000207,352.4598214144143,2.678556052326544,19010,0.6295744328531214,23220,14223868.55299999,40356,352.45982141441146,1.156702664133771,0.0070869263554366145,2.7047659382356968,2.079969037450998,2548.2520398805464,1274.126019940263
4,30195,80712,5.346050670640834,28447737.106000207,352.4598214144143,2.678556052326544,4178,0.1383672793508859,23220,14223868.55299999,40356,352.45982141441146,1.156702664133771,0.0070869263554366145,2.7047659382356968,2.079969037450998,2548.2520398805464,1274.126019940263
5,30195,80712,5.346050670640834,28447737.106000207,352.4598214144143,2.678556052326544,30,0.0009935419771485345,23220,14223868.55299999,40356,352.45982141441146,1.156702664133771,0.0070869263554366145,2.7047659382356968,2.079969037450998,2548.2520398805464,1274.126019940263
6,30195,80712,5.346050670640834,28447737.106000207,352.4598214144143,2.678556052326544,2,6.62361318099023e-05,23220,14223868.55299999,40356,352.45982141441146,1.156702664133771,0.0070869263554366145,2.7047659382356968,2.079969037450998,2548.2520398805464,1274.126019940263
