,n,m,k_avg,edge_length_total,edge_length_avg,streets_per_node_avg,streets_per_node_counts,streets_per_node_proportions,intersection_count,street_length_total,street_segment_count,street_length_avg,circuity_avg,self_loop_proportion,node_density_km,intersection_density_km,edge_density_km,street_density_km
0,22359,58862,5.265172861040297,13509275.6019998,229.50758727192078,2.637550874368263,0,0.0,17040,6754637.801000018,29431,229.50758727192476,1.1137510407967584,0.009174000203866672,6.8956364790033575,5.255228123002692,4166.333630576495,2083.166815288284
1,22359,58862,5.265172861040297,13509275.6019998,229.50758727192078,2.637550874368263,5319,0.23789078223534146,17040,6754637.801000018,29431,229.50758727192476,1.1137510407967584,0.009174000203866672,6.8956364790033575,5.255228123002692,4166.333630576495,2083.166815288284
2,22359,58862,5.265172861040297,13509275.6019998,229.50758727192078,2.637550874368263,0,0.0,17040,6754637.801000018,29431,229.50758727192476,1.1137510407967584,0.009174000203866672,6.8956364790033575,5.255228123002692,4166.333630576495,2083.166815288284
3,22359,58862,5.265172861040297,13509275.6019998,229.50758727192078,2.637550874368263,14569,0.6515944362449125,17040,6754637.801000018,29431,229.50758727192476,1.1137510407967584,0.009174000203866672,6.8956364790033575,5.255228123002692,4166.333630576495,2083.166815288284
4,22359,58862,5.265172861040297,13509275.6019998,229.50758727192078,2.637550874368263,2412,0.10787602307795519,17040,6754637.801000018,29431,229.50758727192476,1.1137510407967584,0.009174000203866672,6.8956364790033575,5.255228123002692,4166.333630576495,2083.166815288284
5,22359,58862,5.265172861040297,13509275.6019998,229.50758727192078,2.637550874368263,55,0.0024598595643812336,17040,6754637.801000018,29431,229.50758727192476,1.1137510407967584,0.009174000203866672,6.8956364790033575,5.255228123002692,4166.333630576495,2083.166815288284
6,22359,58862,5.265172861040297,13509275.6019998,229.50758727192078,2.637550874368263,4,0.00017889887740954425,17040,6754637.801000018,29431,229.50758727192476,1.1137510407967584,0.009174000203866672,6.8956364790033575,5.255228123002692,4166.333630576495,2083.166815288284
